{
     "Date": "8/12/2022",
     "Open": "3.1",
     "High": "3.18",
     "Low": "3.1",
     "Close": "3.14",
     "Adj Close": "2.651134",
     "Volume": "141597",
     "Headline": "\"Fonterra Co-operative Group Ltd today upgraded its earnings guidance to 50 – 70 cents per share from 45 - 60 cents per share and lowered and narrowed its forecast Farmgate Milk Price range of $8.50 - $10.00 per kgMS to $8.50 - $ 9.50 per kgMS",
     "link": " with a midpoint of $9.00. It also reported a strong start to the 2023 financial year.\""
}