{
     "Date": "19/12/2019",
     "Open": "4.05",
     "High": "4.06",
     "Low": "4.02",
     "Close": "4.05",
     "Adj Close": "2.993797",
     "Volume": "158924",
     "Headline": "Fonterra to streamline Chilean operations",
     "link": "https://www.fonterra.com/nz/en/our-stories/media/fonterra-to-streamline-chilean-operations.html",
     "article": {
          "url": "https://www.fonterra.com/nz/en/our-stories/media/fonterra-to-streamline-chilean-operations.html",
          "title": "Fonterra to streamline Chilean operations",
          "description": "Fonterra has purchased the minority interest in Prolesur, held by Fundación Isabel Aninat (the Fundación), as the Co-op looks to streamline its operations in Chile.",
          "links": [
               "https://www.fonterra.com/nz/en/our-stories/media/fonterra-to-streamline-chilean-operations.html"
          ],
          "image": "",
          "content": "\nThe Fundación has sold its 13.6% shareholding for $29.3 million NZD, which takes Fonterra’s ownership of Prolesur from 86.2% to 99.9%. \nProlesur is a milk processor in southern Chile which sells most of its production to Soprole. Soprole is a leading consumer branded dairy company in Chile and is 99.9% owned by Fonterra.\nFonterra CEO AMENA Kelvin Wickham says this move will allow Fonterra to simplify the interface between Prolesur and Soprole and take steps to better integrate the two businesses. \n“Prolesur and Soprole are both strong businesses but their recent performance has been impacted by challenging market conditions.\n“Having the two more closely integrated will generate operating efficiencies across the supply chain from milk collection, to processing and administration.\n“It also allows us greater flexibility as we focus on realising the best value for the Co-op from our businesses in Chile in line with our new strategy,” says Mr Wickham.\nThe remaining 0.1% of Prolesur’s shares are held by minority shareholders, which Fonterra will offer to purchase at the same price per share being paid to the Fundación for its shareholding.\n* NZD1.00 = CLP496.887\n",
          "author": "",
          "favicon": "https://www.fonterra.com/etc/designs/fonterradotcom/favicon.ico",
          "source": "fonterra.com",
          "published": "",
          "ttr": 38
     }
}