{
     "Date": "30/06/2022",
     "Open": "3.2",
     "High": "3.2",
     "Low": "3.1",
     "Close": "3.1",
     "Adj Close": "2.500165",
     "Volume": "89724",
     "Headline": "Fonterra today confirms the finalisation of the strategic partnership with New Zealands Exchange (NZX) andthe European Energy Exchange (EEX) to each take ownership stakes in Global Dairy Trade (GDT) alongsidethe Co-op.",
     "link": "https://www.fonterra.com/sea/en/our-stories/media/fonterra-nzx-eex-confirm-strategic-partnership.html",
     "article": {
          "url": "https://www.fonterra.com/sea/en/our-stories/media/fonterra-nzx-eex-confirm-strategic-partnership.html",
          "title": "Fonterra, NZX and EEX confirm GDT strategic partnership",
          "description": "Fonterra today confirms the finalisation of the strategic partnership with New Zealand’s Exchange (NZX) and the European Energy Exchange (EEX) to each take ownership stakes in Global Dairy Trade (GDT) alongside the Co-op.",
          "links": [
               "https://www.fonterra.com/sea/en/our-stories/media/fonterra-nzx-eex-confirm-strategic-partnership.html"
          ],
          "image": "https://www.fonterra.com/content/dam/fonterra-public-website/fonterra-new-zealand/placeholder-images/media-release-fonterra-600x450.jpg",
          "content": "\nCFO Marc Rivers says the confirmation of the strategic partnership is an important milestone for Fonterra and global dairy participants.\n“The move to a broader ownership structure marks the next step in the evolution of GDT – giving it a presence in prominent international dairy producing regions, with greater participation expected at GDT events.\n“It will bring more participants and transactions, stimulating further growth of risk management contracts available on financial trading platforms.\n“This creates opportunities for the growth of financial tools to better manage price volatility – which is something many industry participants, from farmers through to customers, are exposed to,” says Mr Rivers.\nGDT Chief Executive Dr Eric Hansen said: “The GDT team is looking forward to working with EEX and NZX as strategic partners with strong interests in dairy and established reputations as regulated exchanges to enhance GDT’s role as an independent, neutral and transparent price discovery platform.”\nNZX Chief Executive Mark Peterson says the strategic partnership will strengthen GDT’s market reach benefiting New Zealand dairy farmers and customers.\n“At a time of geopolitical and macroeconomic instability, GDT’s vision to expand its global reach and provide better transparency in dairy commodity prices, is more important than ever for dairy market stakeholders,” says Mr Peterson.\n“It aligns with NZX’s strategy of growing capital markets, connecting with more businesses, and creating greater value for shareholders and investors. In GDT, NZX is excited to be working with the best partners to achieve this.”\nEEX Chief Strategy Officer Dr Tobias Paulun adds “Being a shareholder of GDT fits perfectly to our strategy of taking asset classes which we already successfully serve to a global dimension.\n“EEX looks forward to supporting GDT’s growth vision with NZX and Fonterra with the aim to create value for the global dairy value chain by further improving price discovery and price risk management instruments.”\nNext steps for GDT include appointing a new board and planning strategic growth initiatives, such as more frequent auctions and bringing more sellers onto the platform.\nFonterra’s transaction proceeds on sale total NZD $35m. Final transaction proceeds will be subject to customary post-completion adjustments.\nAs with previous one-off transactions, Fonterra’s FY22 announced forecast earnings range will continue to reflect only the underlying performance of the business.\n",
          "author": "",
          "favicon": "https://www.fonterra.com/etc/designs/fonterradotcom/favicon.ico",
          "source": "fonterra.com",
          "published": "",
          "ttr": 75
     }
}