{
     "Date": "23/05/2018",
     "Open": "5.67",
     "High": "5.67",
     "Low": "5.34",
     "Close": "5.35",
     "Adj Close": "3.954769",
     "Volume": "3421874",
     "Headline": "Fonterra increases Farmgate Milk Price and revises forecast earnings",
     "link": "https://www.fonterra.com/nz/en/our-stories/media/fonterra-increases-farmgate-milk-price-and-revises-forecast-earnings.html",
     "article": {
          "url": "https://www.fonterra.com/nz/en/our-stories/media/fonterra-increases-farmgate-milk-price-and-revises-forecast-earnings.html",
          "title": "Fonterra increases Farmgate Milk Price and revises forecast earnings",
          "description": "Chairman John Wilson says the Co-operative’s strong milk price reflects a global supply and demand picture that continues to be positive for farmers. “Global dairy prices have risen since the start of the...",
          "links": [
               "https://www.fonterra.com/nz/en/our-stories/media/fonterra-increases-farmgate-milk-price-and-revises-forecast-earnings.html"
          ],
          "image": "https://www.fonterra.com/content/dam/fonterra-public-website/fonterra-new-zealand/placeholder-images/media-release-fonterra-600x450.jpg",
          "content": "\nChairman John Wilson says the Co-operative’s strong milk price reflects a global supply and demand picture that continues to be positive for farmers.\n“Global dairy prices have risen since the start of the season. The price of Whole Milk Powder is particularly strong due to continued growth in demand from China and across Asia,” says Mr Wilson.\n“Our Co-operative’s forecast milk collections here in New Zealand have increased to 1,500 million kgMS, up from the 1,480 million kgMS we reported at half year, thanks to improved farming conditions in March and April after a challenging spring and summer.\nCommenting on what the higher forecast Farmgate Milk Price means for the business, Mr Wilson says the higher milk price is good news for farmers who are still recovering after the two years of lower milk prices in 2015 and 2016. However, the higher milk price puts pressure on Fonterra’s earnings in a year which is already proving challenging due to the payment to Danone and the impairment of the Co-operative’s Beingmate investment.\n“As a result, we are revising our forecast normalised earnings per share guidance range down to 25-30 cents per share and our forecast dividend range for the full year down to 15-20 cents per share.”\n“The business’ revised earnings forecast is disappointing for our shareholders and unitholders. However, the total forecast cash payout for farmers increases to $6.90-$6.95 per kgMS which is the third highest payout this decade.”\nChief Executive Theo Spierings says the earnings challenge that comes with the higher milk price is compounded by the timing and significance of this particular increase.\n“There is always a natural lag in being able to pass through an increase in our input costs. But this increase has been both rapid and late in the year, making it difficult for these higher costs to flow through into our sales for this financial year.\n“Against this backdrop, we can see our sales margins are not where they need to be at this point in the year to achieve our original earnings forecast”.\nThird Quarter Business Update\nFonterra’s revenue of $14.8 billion for the first nine months of 2017/18 is up seven per cent on the same period last year, as a result of higher prices.\n“In the first half of the year we felt the impact of the record low inventory followed by the low spring milk collections in New Zealand due to difficult weather conditions. This meant our sales teams had less product to sell. We were expecting our earnings to be weighted in the second half of the year and this has not transpired due to the rapid rise in our input costs late in the season into our value-add business.”\nWith total volumes down five per cent to 16 billion LMEs and gross margin down to 16 per cent from 18 per cent for the first nine months of the year, compared to the same period last year, Mr Spierings says the business has not delivered the third quarter results it had planned.\n“With the increase in the price of milk fats we have also seen continued demand towards products with a lower fat composition, sustained competition in Greater China’s foodservice market and further constraints in some Asian markets limiting our ability to pass through costs,” says Mr Spierings.\nThese challenges, along with the Danone payment and the impairment of our Beingmate investment mean our gearing ratio is expected to be above our target 40-45 per cent range. We expect to be back within the target range next year,” continues Mr Spierings.\n“While the strong milk price is good for our farmers, it does make the remainder of the year challenging for the business. We remain committed to maximising the total payout for our farmers and value for our unitholders by delivering the best possible earnings.”\n",
          "author": "",
          "favicon": "https://www.fonterra.com/etc/designs/fonterradotcom/favicon.ico",
          "source": "fonterra.com",
          "published": "",
          "ttr": 128
     }
}