{
     "Date": "2/02/2018",
     "Open": "6.3",
     "High": "6.33",
     "Low": "6.29",
     "Close": "6.29",
     "Adj Close": "4.570817",
     "Volume": "65933",
     "Headline": "Living Water Wairua River catchment condition survey",
     "link": "https://www.fonterra.com/nz/en/our-stories/media/living-water-wairua-river-catchment-condition-survey.html",
     "article": {
          "url": "https://www.fonterra.com/nz/en/our-stories/media/living-water-wairua-river-catchment-condition-survey.html",
          "title": "Living Water Wairua River catchment condition survey",
          "description": "Living Water is conducting a catchment condition survey in the Okarika Pocket, a sub catchment of the Wairua River catchment in Northland. ",
          "links": [
               "https://www.fonterra.com/nz/en/our-stories/media/living-water-wairua-river-catchment-condition-survey.html"
          ],
          "image": "",
          "content": "\nThe survey is taking place as we celebrate World Wetlands Day today (Friday February 2). \nLiving Water is a partnership between the Department of Conservation (DOC) and Fonterra. The focus of Living Water’s work in the Wairua River catchment is to reduce the flow of sediment into the Wairua River, which flows into the northern end of the Kaipara Harbour.\nLiving Water Wairua River site lead Ben Herbert says the survey is identifying and mapping wetland areas on all properties, including dairy farms, that can be protected and enhanced. It is also mapping areas where new patches of wetland can be created.\n“The survey will map the location of creeks, drains and other wetland areas on all farms and lifestyle properties, identify barriers preventing native fish moving along the waterways as part of their life cycle, and record the length of waterway that’s already fenced.\n“This is valuable information farmers and landowners can use to help native fish on their migration journeys and to ensure waterways on their properties are protected,” says Mr Herbert.\nLiving Water Manager Sustainable Dairying Matt Highway says Living Water will then assist landowners to protect and enhance existing wetlands and to possibly create new wetland areas.\n\n“This baseline data will also help identify priority areas to achieve the greatest reduction in sediment flow into the Wairua River,” says Mr Highway.\nAs well as reducing sediment load, this work will increase the area of wetland habitat for native species. These include Australasian Bittern/ matuku, fernbird / mātātā and black mudfish.\nWorld Wetlands Day \nWorld Wetlands Day is celebrated every year on February 2. It marks the adoption of the Convention on Wetlands, signed at Ramsar in Iran, on February 2, 1971. This is the only global environmental treaty covering a particular ecosystem.  New Zealand is one of 168 countries that have signed the convention.\n",
          "author": "",
          "favicon": "https://www.fonterra.com/etc/designs/fonterradotcom/favicon.ico",
          "source": "fonterra.com",
          "published": "",
          "ttr": 62
     }
}