{
     "Date": "27/07/2018",
     "Open": "5.16",
     "High": "5.17",
     "Low": "5.15",
     "Close": "5.16",
     "Adj Close": "3.814318",
     "Volume": "100541",
     "Headline": "Fonterra Chairman stands down to recover from health scare",
     "link": "https://www.fonterra.com/nz/en/our-stories/media/fonterra-chairman-stands-down-to-recover-from-health-scare.html",
     "article": {
          "url": "https://www.fonterra.com/nz/en/our-stories/media/fonterra-chairman-stands-down-to-recover-from-health-scare.html",
          "title": "Fonterra Chairman stands down to recover from health scare",
          "description": "Fonterra Co-operative Group Ltd (FCG) today announced that John Wilson has stood down from his position as Chairman with immediate effect as he recovers from a recent serious health scare. ",
          "links": [
               "https://www.fonterra.com/nz/en/our-stories/media/fonterra-chairman-stands-down-to-recover-from-health-scare.html"
          ],
          "image": "https://www.fonterra.com/content/dam/fonterra-public-website/fonterra-new-zealand/placeholder-images/media-release-fonterra-600x450.jpg",
          "content": "\nWithin the last month Mr Wilson has undergone a significant surgery and will require on-going treatment. He will remain a Fonterra Director until the Co-operative’s Annual Meeting in November, when he will retire from the Board.\n\nIn response to Mr Wilson’s decision, the Fonterra Board has selected John Monaghan as the Co-operative’s new Chairman. \n\nMr Monaghan is an experienced director and has been on the Fonterra Board since 2008. He grew up on a dairy farm and has current farming interests in the Wairarapa and Otago.\nDuring his time on the Fonterra Board Mr Monaghan has served on multiple committees, chairing several of them.\nHe has taken a lead role in representing Fonterra’s interests on customer visits and global trade issues and has strong networks both domestically and internationally with key stakeholders.\nMr Monaghan has been closely involved in the process to appoint a new CEO to Fonterra and will now lead the advancement of this appointment with the full involvement of the Board.\nIn a message to farmers earlier today, outgoing Chairman John Wilson said the decision to stand down as Chair had been difficult but was ultimately in the best interests of the Co-operative.\n“I have made a very good recovery and am well but will need on-going treatment.\n“It has been a privilege to serve you as Chairman and give something back to this great Co-operative that continues to give my family and me so much.\n“As many of you will know from experience, governance roles are incredibly rewarding, but equally demanding on the individual and their families.\n“Continuing as Chairman when I cannot put my full energy and attention into the role is not appropriate.”\nMr Wilson will now be concentrating on getting back to full health and will not be making any further public statement.\n",
          "author": "",
          "favicon": "https://www.fonterra.com/etc/designs/fonterradotcom/favicon.ico",
          "source": "fonterra.com",
          "published": "",
          "ttr": 60
     }
}