{
     "Date": "6/06/2019",
     "Open": "4.01",
     "High": "4.03",
     "Low": "4",
     "Close": "4",
     "Adj Close": "2.956836",
     "Volume": "30190",
     "Headline": "Fonterra responds to the outcome of the Government's DIRA review",
     "link": "https://www.fonterra.com/nz/en/our-stories/media/fonterra-responds-to-the-outcome-of-the-governments-dira-review.html",
     "article": {
          "url": "https://www.fonterra.com/nz/en/our-stories/media/fonterra-responds-to-the-outcome-of-the-governments-dira-review.html",
          "title": "Fonterra responds to the outcome of the Government's DIRA review",
          "description": "The proposed changes announced by the Government will bring some improvements to the sector, but it also represents a missed opportunity to better support New Zealand.  Fonterra Chairman, John Monaghan says...",
          "links": [
               "https://www.fonterra.com/nz/en/our-stories/media/fonterra-responds-to-the-outcome-of-the-governments-dira-review.html"
          ],
          "image": "",
          "content": "The proposed changes announced by the Government will bring some improvements to the sector, but it also represents a missed opportunity to better support New Zealand. \nFonterra Chairman, John Monaghan says that while the Government has recommended tweaks to the rules under which Fonterra has to give its farmers’ milk, effectively at cost price to foreign-backed competitors, the playing field is still tipped against New Zealand dairy farmers.\n“Our farmer-owned Co-operative wants an industry that promotes investment across regional New Zealand and where profits are kept in New Zealand.  We stand for an industry where New Zealand farmers are paid well for their milk and the unique attributes of our environment are protected and enhanced.\n“Given the significant increase in competition within the New Zealand dairy industry, we’re disappointed the Government did not recommend removing the requirement for us to supply our farmers’ milk to large, export-focused businesses altogether.\n“We welcome the Government’s decision to give Fonterra the right to refuse membership to our Co-op where a farm is unlikely to comply with our terms of supply, or where the farm is a new conversion. These changes will support our Co-op’s ability to meet our customers’ demands and continue leading the industry toward a sustainable future for our farmers and the rural communities in which they live and farm.”\nFonterra supports greater pricing transparency across the industry and notes with interest the Government’s decision that the Minister of Agriculture will be able to nominate one person to sit on Fonterra’s Milk Price Panel.\nFonterra encourages the Government to extend this transparency and require all processors to publish the average price they pay to farmers, the key parameters of their milk price and examples showing the payout that would be received for different parameters.\n“All efforts to bring greater pricing transparency into the dairy industry should be encouraged.  There’s no downside in farmers having clear, consistent information from which to compare processors.”\n“We look forward to constructively participating in the upcoming legislative process and will continue to push for an outcome that is in the interests of all dairy farmers and New Zealand,” says Mr Monaghan.\n",
          "author": "",
          "favicon": "https://www.fonterra.com/etc/designs/fonterradotcom/favicon.ico",
          "source": "fonterra.com",
          "published": "",
          "ttr": 71
     }
}