{
     "Date": "15/11/2018",
     "Open": "4.85",
     "High": "4.86",
     "Low": "4.84",
     "Close": "4.85",
     "Adj Close": "3.585164",
     "Volume": "212376",
     "Headline": "Six commitments to improve waterways continue to drive action",
     "link": "https://www.fonterra.com/nz/en/our-stories/media/six-commitments-to-improve-waterways-continue-to-drive-action.html",
     "article": {
          "url": "https://www.fonterra.com/nz/en/our-stories/media/six-commitments-to-improve-waterways-continue-to-drive-action.html",
          "title": "Six commitments to improve waterways continue to drive action",
          "description": "One year on from the launch of an ambitious plan to help rebuild the health of New Zealand’s waterways, Fonterra is showing progress with more Sustainable Dairy Advisors on the ground and actions taking place across the country.",
          "links": [
               "https://www.fonterra.com/nz/en/our-stories/media/six-commitments-to-improve-waterways-continue-to-drive-action.html"
          ],
          "image": "",
          "content": "\nIn November 2017, Fonterra announced six commitments to help protect and restore water quality in New Zealand.  \n“Fresh water is such an important topic for New Zealanders so we want to keep people regularly updated on our commitments and be open about our progress,” says Carolyn Mortland, Fonterra’s Director of Sustainability.\nKey milestones reached in the last 12 months include:\nOn farm:\n\nFonterra farmers have nearly excluded all dairy cattle from waterways on their farms – 99.6 per cent of permanent waterways are now fenced and 99.9 per cent of regular waterway crossings now have bridges or culverts.\n\nFonterra now employs 24 Sustainable Dairy Advisors (SDAs) across the country and is due to have 28 by the end of 2018, on the way to a target of 30 (double last year).\n\nFonterra’s TIAKI programme, which involves SDAs providing advice, tools and services to farmers, has helped see more than 1,000 Farm Environment Plans completed. These are tailored plans to improve environmental outcomes, utilising digital mapping tools and a suite of good management practices.  \n\n\nAt sites:\n\nA recent water recycling innovation at Fonterra’s Pahiatua manufacturing site will save about half a million litres of water a day. Meanwhile Fonterra’s factory in Darfield has new technology which will reduce the amount of groundwater drawn by around 70 per cent.\n\nLearnings from Pahiatua and Darfield will be applied elsewhere to help reach the 2020 target of reducing water use across 26 New Zealand manufacturing sites by 20 per cent.\n\n\nProgress through partnerships:\n\nSignificant progress has been made at the halfway point of Fonterra’s 10-year Living Water partnership with the Department of Conservation, which is focussed on five freshwater catchments to identify game-changing and scalable solutions that demonstrate dairying and freshwater can thrive together.\n\nWorking with community stakeholders, the additional 50 catchments that Fonterra has committed to help restore have been identified and action planning is underway.\n\n\n“Our focus continues to be working collaboratively with others who care about New Zealand’s waterways, because the task of reversing the decline in water quality over many years is complex and will only be achieved if everybody does their bit,” adds Mortland.\n“It’s a long-term approach, and many of the results will only show over the long-term, but it’s crucial we keep up the hard work now to accelerate the national movement to rebuild the health of the country’s waterways.”\nFonterra’s six water commitments are as follows:\n\nFarm within regional environmental limits\n\nEncourage strong environmental farming practices\n\nReduce water use and improve wastewater quality at manufacturing plants\n\nBuild partnerships to improve waterway health\n\nInvest in science and innovation to find new solutions\n\nMake the products people value most\n\n\nFonterra also recently appointed a Sustainability Advisory Panel, with six independent experts, to help guide its sustainability strategy going forward.\nFor more information visit Fonterra’s water information hub here\nA full picture of Fonterra’s commitments, progress and performance across environmental, social and economic topics for FY18 will be provided in its second annual Sustainability Report, which is due out at the end of November and will be published on Fonterra.com.\n",
          "author": "",
          "favicon": "https://www.fonterra.com/etc/designs/fonterradotcom/favicon.ico",
          "source": "fonterra.com",
          "published": "",
          "ttr": 103
     }
}