{
     "Date": "8/10/2019",
     "Open": "4.05",
     "High": "4.18",
     "Low": "4.05",
     "Close": "4.05",
     "Adj Close": "2.993797",
     "Volume": "392931",
     "Headline": "Fonterra appoints Chief Operating Officer",
     "link": "https://www.fonterra.com/nz/en/our-stories/media/fonterra-appoints-chief-operating-officer.html",
     "article": {
          "url": "https://www.fonterra.com/nz/en/our-stories/media/fonterra-appoints-chief-operating-officer.html",
          "title": "Fonterra appoints Chief Operating Officer",
          "description": "Fonterra is pleased to announce the appointment of Fraser Whineray to its management team in the newly created role of Chief Operating Officer, starting in early 2020.",
          "links": [
               "https://www.fonterra.com/nz/en/our-stories/media/fonterra-appoints-chief-operating-officer.html"
          ],
          "image": "",
          "content": "\nMr Whineray is currently the Chief Executive of Mercury NZ and has held several senior leadership roles since joining the company in 2008.\nFonterra CEO Miles Hurrell says Mr Whineray is a results-orientated New Zealand business leader.\n“Fraser has demonstrated he can transform organisations to achieve growth in complex environments through a focus on innovation, customers and his team.  He is motivated to contribute to New Zealand’s export success and to drive sustainability, innovation and efficiency in business – three strengths that we believe can create real value.\nFraser is also no stranger to the dairy industry, having started his career as a graduate of the New Zealand Dairy Board’s technical training programme and spending time at some of our manufacturing sites and in our export markets. He is going to be a great addition to our management team”.\nMr Whineray says he is looking forward to returning to the dairy sector and working alongside the many dedicated people at Fonterra.\n“I am pleased to be able to continue in a role which contributes to New Zealand, and has strong, genuine relationships with many regional communities, Maori land trusts and local iwi across the country”.\nMr Whineray has held roles at Credit Suisse, Puhoi Valley Cheese and Carter Holt Harvey.\nHe is the Chair of the Prime Minister’s Business Advisory Council and holds an MBA from the University of Cambridge, a Post Graduate Diploma in Dairy Science &amp; Technology from Massey University and a Bachelor of Chemical &amp; Process Engineering from the University of Canterbury.\n",
          "author": "",
          "favicon": "https://www.fonterra.com/etc/designs/fonterradotcom/favicon.ico",
          "source": "fonterra.com",
          "published": "",
          "ttr": 51
     }
}