{
     "Date": "18/09/2020",
     "Open": "4.07",
     "High": "4.08",
     "Low": "4.04",
     "Close": "4.06",
     "Adj Close": "3.001189",
     "Volume": "268947",
     "Headline": "Fonterra announces its Annual Results and a return to paying dividend",
     "link": "https://www.fonterra.com/sea/en/our-stories/media/fonterra-announces-its-annual-results-sept-2020.html",
     "article": {
          "url": "https://www.fonterra.com/sea/en/our-stories/media/fonterra-announces-its-annual-results-sept-2020.html",
          "title": "Fonterra announces its Annual Results and a return to paying dividend",
          "description": "Annual Results Summary: Final cash payout for 2019/20 season: $7.19 per kgMS, Final 2019/20 Farmgate Milk Price: $7.14 per kgMS, 2019/20 dividend: 5 cents per share \n",
          "links": [
               "https://www.fonterra.com/sea/en/our-stories/media/fonterra-announces-its-annual-results-sept-2020.html"
          ],
          "image": "https://www.fonterra.com/content/dam/fonterra-public-website/fonterra-new-zealand/placeholder-images/media-release-fonterra-600x450.jpg",
          "content": "\nAnnual Results Summary \n\nFinal cash payout for 2019/20 season: $7.19 per kgMS \n - Final 2019/20 Farmgate Milk Price: $7.14 per kgMS \n- 2019/20 dividend: 5 cents per share\nReported Profit After Tax: $659 million, up $1.3 billion  \nNormalised Profit After Tax¹ : $382 million, up $118 million \nTotal Group Earnings Before Interest and Tax (EBIT): $1.1 billion, up $1.2 billion\nTotal Group normalised EBIT: $879 million, up $67 million\nTotal Group normalised gross profit: $3.2 billion, up $200 million \nTotal Group normalised operating expenses: $2.3 billion, down $14 million \nFree cash flow: $1.8 billion, up $733 million  \nNet debt² : $4.7 billion, down $1.1 billion  \nDebt to EBITDA ratio: 3.4x improved from 4.4x \nFull year normalised earnings per share: 24 cents\n2020/21 forecast Farmgate Milk Price range: $5.90 - $6.90 per kgMS. Mid-point of $6.40 per kgMS \n2020/21 forecast earnings: 20 – 35 cents per share  \n\nFonterra Co-operative Group Limited today announced its annual results, final Farmgate Milk Price of $7.14 per kgMS and a dividend of 5 cents per share for the 2019/20 season, bringing the final cash payout for farmers to $7.19 per kgMS.\nFonterra CEO Miles Hurrell says 2019/20 was a good year for the Co-op, with profit up, debt down and a strong milk price.\n“We increased our profit after tax by more than $1 billion, reduced our debt by more than $1 billion and this has put us in a position to start paying dividends again,” he says.\n“I’m proud of how farmers and employees have come together to deliver these strong results in a challenging environment. They have had to juggle the extra demands and stress of COVID-19 and have gone above and beyond. I would like to thank them for their hard work and support. \n“This time last year we were announcing our new strategy and customer-led operating model. We were clear that to build a sustainable future we needed to focus on three interconnected goals – Healthy People, a Healthy Environment and a Healthy Business.\n“We went on to deliver a strong performance for the first half. However, what none of us could have ever predicted was what then played out – a world facing COVID-19. The flow-on effects of the pandemic did impact our performance in the second half, particularly in our Consumer and Foodservice businesses.\n“2019/20 proved to be a year of two halves, but we delivered on all four of our priorities: \n\nWe’ve supported regional New Zealand, contributing around $11 billion into New Zealand’s rural economies through the milk price, and we’ve rethought our approach to community support, with the aim of helping out more where it’s needed the most – such as, growing the KickStart Breakfast programme alongside Sanitarium and the New Zealand Ministry of Social Development and partnering with the New Zealand Food Network to help get dairy nutrition to those that need it the most. \nWe’ve built a great team through a focus on our culture, and we’ve seen that in action in how we’ve responded to COVID-19. \nWe’ve continued to reduce our environmental footprint, including hitting our 2020 target to reduce energy intensity across our New Zealand manufacturing sites by 20%, from a 2003 baseline – cumulatively, that’s enough energy saved to power all the households in New Zealand for 1.5 years. \nWe’ve achieved our key financial targets with normalised earnings of 24 cents per share, a Total Group normalised gross profit of $3.2 billion, a $181 million reduction in capital expenditure and a $1.1 billion reduction in debt so the ratio of Debt to EBITDA has now improved to be 3.4 times our earnings, down from 4.4 times.\n\n“The work we’ve done to strengthen our balance sheet has allowed us to focus on managing COVID-19. So far, demand for dairy has proved resilient and our diverse customer base and ability to change our product mix and move products between markets has meant we can continue to drive value. \n“We’re at our best when we’re clear on what we need to do, why and how, and the whole Co-op is focused on it. When I look back on last year, it’s great to see how this clarity has helped us respond to challenges, adapt and deliver results.” \nBusiness Performance  \nTotal Group normalised EBIT was significantly up on last year from a loss of $17 million to earnings of $1.1 billion. This includes gains from asset sales, and impairments and costs relating to the strategic review. \nOnce these are taken out, the Total Group normalised EBIT, which the Co-operative uses to show its underlying business performance, was also up from $812 million to $879 million, despite the financial impact of COVID-19 in many of its markets. \nMr Hurrell says the main drivers of the underlying business performance was a strong normalised gross profit in the Ingredients business and, although there was the disruption from COVID-19, the strong sales and gross margins from the Greater China Foodservice business in the first half of the year. \nIngredients’ normalised EBIT improved from $790 million last year to $827 million this year, with normalised gross profit up $165 million to $1.6 billion. \nMr Hurrell says that at the Co-op’s interim results, the normalised gross profit in Ingredients was relatively steady.\n“As we moved through the second half, we saw restaurants, cafes and bakeries close and intermittent spikes in supermarket sales, creating uncertainty across the global dairy market. This uncertainty resulted in softening milk prices, which helped improve the gross margin and gross profit in Ingredients.” \nGreater China Foodservice’s normalised EBIT increased from $114 million last year to $169 million this year.\nMr Hurrell says the business achieved strong year-on-year sales growth in the first half of the year but was then hit hard by COVID-19 when many food outlets were closed. Normalised gross profit started to quickly rebound in the third quarter – although he also points out it is still not at 100%.\n“We have seen significant growth across the Anchor Food Professional product range in China. We have entered 50 new cities across China, taking our total to 350, and our products are now not only being used in Western style restaurants and bakeries but also those serving local cuisine.  \n“However, as per our guidance in our third quarter business update, our Foodservice businesses across Asia, Oceania and Latin America were impacted by COVID-19 in the fourth quarter. All three markets reported losses in the second half.\n“Despite this, normalised EBIT for Foodservice overall was up 14% on last year to $209 million, which is a result of the strong performance by the Greater China business in the first half.\nThe Consumer business’ normalised EBIT reduced to $149 million from $227 million, mainly as a result of impairments of $57 million relating to the Chesdale™ brand and New Zealand Consumer business’ goodwill.\nNormalised EBIT, excluding these impairments, of the Consumer businesses in Oceania and Asia improved, despite COVID-19. However, due to civil unrest and market disruptions in Hong Kong and Chile, the normalised EBIT, after excluding these impairments, of the Consumer business declined 10%. \nMr Hurrell says our Australian Consumer business performed strongly with sales continuing to increase thanks to its popular beverage, spreads and cheese products.\n“Our New Zealand Consumer business focused on improving customer service and keeping supermarket shelves well stocked, particularly as New Zealanders were stockpiling through COVID-19.\n“Despite the better performance this year, due to the economic outlook post-COVID-19, our New Zealand Consumer business’s future cashflow projections are lower than we estimated last year and, as a result, we have decided to write down its goodwill by $21 million. It now has a total value in our accounts of $699 million.”  \nMr Hurrell says, in addition to the improved earnings performance, Fonterra has followed through on its commitment to financial discipline and this has increased the financial strength of the Co-op.\n“Our cash flow has improved and our debt has reduced by 19% or $1.1 billion compared to last year. Increased earnings, reduced capex, as well as the sale of DFE Pharma and foodspring® for cash proceeds of $623 million in the first half of the year, have all contributed to this improvement.” \nDividend and Farmgate Milk Price for 2019/20 \nFonterra announced a dividend for the 2020 Financial Year of 5 cents per share and final Farmgate Milk Price for the 2019/20 season of $7.14 per kgMS.\nFonterra Chairman John Monaghan says for a 100% share backed farm, this gave them a final cash payout of $7.19 per kgMS.\n“This year marks a return to paying dividends, a position we expect to maintain in the future, assuming normal operating conditions.\n“At 5 cents per share, the dividend is at the lower end of the 5-7 cent range calculated under the Board’s dividend policy guidelines.\n“In the context of so much uncertainty, as COVID-19 continues to impact our key markets and customer confidence, distributing a 5-cent dividend is a prudent decision and one that balances our aims of further reducing debt and distributing earnings.” \nOutlook\nFonterra has announced a 2020/21 earnings guidance range of 20-35 cents per share and has also reaffirmed its 2020/21 forecast Farmgate Milk Price range of $5.90-$6.90 per kgMS.\nMr Monaghan says the impact of COVID-19 is still playing out globally.\n“From a Milk Price perspective, the supply and demand picture remains finely balanced and for that reason, we are maintaining our previous forecast range for this season.\n“In terms of our earnings, we are forecasting a full-year normalised earnings per share range of 20-35 cents per share. \n“There continues to be significant uncertainties – including how the global recession and new waves of COVID-19 will impact demand globally, and what will happen to the price relativities between the products that determine our Milk Price and the rest of our product range.\n“As a result of these uncertainties and given that financial year has just begun, we are giving a forecast earnings range wider than we usually would.\n“We will be monitoring the situation throughout the season and as the year progresses, we would expect the earnings range to narrow.\n“The best way of coping with uncertainty is to stay on strategy and focus on what is within our control – delivering for our farmers, unitholders and customers, and maintaining our financial discipline.\n“We need to stay agile and draw on our strengths across the supply chain to manage and adapt to the changing global situation.” \nNon-GAAP financial information \nFonterra uses several non-GAAP measures when discussing financial performance. These measures include normalised segment earnings, normalised EBIT, EBIT, normalised earnings per share, normalisation adjustments and payout. This reporting period Fonterra has introduced Total group earnings before tax and Total group normalised earnings before interest and tax nonGAAP performance measures that present the combined financial performance of the group’s continuing and discontinued operations.\nThese are non-GAAP financial measures and are not defined by NZ IFRS. Management believes that these measures provide useful information as they provide valuable insight on the underlying performance of the business. They are used internally to evaluate the underlying performance of business units and to analyse trends.\nThese measures are not uniformly defined or utilised by all companies. Accordingly, these measures may not be comparable with similarly titled measures used by other companies. Non-GAAP financial measures should not be viewed in isolation nor considered as a substitute for measures reported in accordance with NZ IFRS. These non-GAAP measures are not subject to audit unless they are included in Fonterra’s annual financial statements. \nDefinitions of the non-GAAP measures used by Fonterra, and reconciliations of the NZ IFRS measures to the non-GAAP measures can be found on pages 45 and 46 and pages 149 to 151 of Fonterra’s Annual Report 2020 that is available on Fonterra’s website.\n¹ Attributable to Fonterra’s equity holders and includes Continuing and Discontinued Operations.\n² Debt means Economic net interest bearing debt. This measure of debt includes the capitalised amount of operating leases following changes to accounting standards, and transitioning to this new accounting standard added $581 million to our measurement of debt. However, this was partially offset by the transfer from borrowings to liabilities of disposal groups held for sale of $266 million of net debt for DPA Brazil and China Farms, as a result of being classified as Discontinued Operations.\nFor further information contact: \nFonterra Communications\n24-hour media line\nPhone: +64 21 507 072\n",
          "author": "",
          "favicon": "https://www.fonterra.com/etc/designs/fonterradotcom/favicon.ico",
          "source": "fonterra.com",
          "published": "",
          "ttr": 412
     }
}