{
     "Date": "28/03/2018",
     "Open": "5.87",
     "High": "5.88",
     "Low": "5.85",
     "Close": "5.88",
     "Adj Close": "4.272879",
     "Volume": "171549",
     "Headline": "Anchor cheese is back with a difference",
     "link": "https://www.fonterra.com/nz/en/our-stories/media/anchor-cheese-is-back-with-a-difference.html",
     "article": {
          "url": "https://www.fonterra.com/nz/en/our-stories/media/anchor-cheese-is-back-with-a-difference.html",
          "title": "Anchor cheese is back with a difference",
          "description": "Details on the relaunch of Anchor cheese products. The product line will include: Tasty, Colby, Edam, Protein+, and Lactose-free options. Over 150 Anchor products are sold every minute.",
          "links": [
               "https://www.fonterra.com/nz/en/our-stories/media/anchor-cheese-is-back-with-a-difference.html"
          ],
          "image": "https://www.fonterra.com/content/dam/fonterra-public-website/fonterra-new-zealand/placeholder-images/media-release-fonterra-600x450.jpg",
          "content": "\nFonterra Brands New Zealand Director of Marketing, Clare Morgan, says the addition of cheese to Fonterra’s Anchor family continues Anchor’s tradition of a love of dairy and innovation.  \n“When pioneer Henry Reynolds launched Anchor in 1886 he would have never imagined that over a century later more than 150 Anchor products would be sold every minute. This week it’s set to grow even more.”\nAs well as the traditional Tasty, Colby and Edam, there are two new additions – Protein+ and Zero Lacto.\n“We’re excited to see our Anchor cheese in the fridges. It’s giving Kiwi’s back one of the most trusted and liked brands in cheese.\n“Our Zero Lacto cheese has been introduced as an additional option for Kiwis with lactose intolerance.\n“While most hard cheese is naturally low in lactose this is batch tested to ensure there is no lactose, providing a guaranteed lactose free cheese option.”\nProtein+ has 26 per cent more protein than Anchor Tasty and is an easy way for Kiwis to increase protein in their diets.\nThese new cheeses join the list of more than 160 Anchor products that are today shared in more than 80 countries around the world, a demonstration of what pure New Zealand dairy coupled with enthusiasm and innovation can achieve. \n",
          "author": "",
          "favicon": "https://www.fonterra.com/etc/designs/fonterradotcom/favicon.ico",
          "source": "fonterra.com",
          "published": "",
          "ttr": 43
     }
}