{
     "Date": "28/01/2019",
     "Open": "4.77",
     "High": "4.85",
     "Low": "4.77",
     "Close": "4.85",
     "Adj Close": "3.585164",
     "Volume": "38643",
     "Headline": "Fonterra mourns loss of former Chairman John Wilson",
     "link": "https://www.fonterra.com/nz/en/our-stories/media/fonterra-mourns-loss-of-former-chairman-john-wilson.html",
     "article": {
          "url": "https://www.fonterra.com/nz/en/our-stories/media/fonterra-mourns-loss-of-former-chairman-john-wilson.html",
          "title": "Fonterra mourns loss of former Chairman John Wilson",
          "description": "Fonterra and its farmers are mourning the loss of their former Chairman John Wilson, who passed away this morning after a hard-fought battle with illness.",
          "links": [
               "https://www.fonterra.com/nz/en/our-stories/media/fonterra-mourns-loss-of-former-chairman-john-wilson.html"
          ],
          "image": "https://www.fonterra.com/content/dam/fonterra-public-website/fonterra-new-zealand/placeholder-images/media-release-fonterra-600x450.jpg",
          "content": "\nMr Wilson is survived by his wife Belinda and four daughters, Sophie, Victoria and twins Tessa and Libby.\nIn July last year, John Wilson announced his intention to step down from the role of Chairman to focus on his health. He then retired from the Co-operative’s Board at its Annual Meeting last November.\nIn a note to the Co-operative’s farmer-owners earlier today, Fonterra Chairman John Monaghan said Wilson was a man whose dedication and commitment to the Co-operative ran deep.\n“We owe John and his family a debt of gratitude for all the time, energy and sheer hard graft he gave us as a farmer-owner, inaugural Chairman of the Fonterra Shareholder’s Council on merger, as a Farmer Elected Director from 2003, and as our Chairman from 2012.\n“John always brought dedication, commitment, and deep dairy knowledge to each of the representation and governance roles in which he served. On behalf of his fellow farmers he was the ultimate advocate for what we stand for.\n“We have lost a friend, colleague, leader and champion for our industry much too soon. Our thoughts and deep gratitude for all that he contributed go to his family and friends,” said Mr Monaghan.\n",
          "author": "",
          "favicon": "https://www.fonterra.com/etc/designs/fonterradotcom/favicon.ico",
          "source": "fonterra.com",
          "published": "",
          "ttr": 40
     }
}