{
     "Date": "10/07/2018",
     "Open": "5.28",
     "High": "5.29",
     "Low": "5.26",
     "Close": "5.28",
     "Adj Close": "3.903024",
     "Volume": "184842",
     "Headline": "'Muddy Buns' cleaning up the butter market",
     "link": "https://www.fonterra.com/nz/en/our-stories/media/muddy-buns-cleaning-up-the-butter-market.html",
     "article": {
          "url": "https://www.fonterra.com/nz/en/our-stories/media/muddy-buns-cleaning-up-the-butter-market.html",
          "title": "'Muddy Buns' cleaning up the butter market",
          "description": "Muddy Buns, Dirty Dirty Bread, or Zang Zang Bao as they’re known in China, are creating a social media frenzy and driving a further craving for butter around the world.",
          "links": [
               "https://www.fonterra.com/nz/en/our-stories/media/muddy-buns-cleaning-up-the-butter-market.html"
          ],
          "image": "",
          "content": "\nFonterra Edgecumbe is all geared up to handle this global trend and is commissioning a new butter line which will nearly double the factory’s butter sheet production from 4,500 metric tonnes to 7,000 metric tonnes. \nFonterra General Manager Marketing, Global Foodservice, Susan Cassidy says “The Dirty Dirty Bread can best be described as a chocolate croissant. People love the flaky chocolate pastry that’s coated in rich chocolate ganache and sprinkled with cocoa powder.\n“It makes it impossible to keep your face clean while eating. They are popular with celebrities who have taken to social media to share images of their ‘muddy bun face’ experience.”\nMs Cassidy says demand for butter is as strong as ever. People want natural products and they are prepared to pay for them. And that’s why global butter prices, including here in New Zealand, are continuing to rise.\n“Even in temperatures of minus ten degrees, crowds of people are queuing for hours to get their hands on their Muddy Bun.”\nEdgecumbe’s Operations Manager, Allan Muggeridge, says the first butter sheet will roll off the new butter line on September 1.\n“We’ve been watching demand for butter build for a number of years now. The building part of the project started in May so it’s been a quick turnaround to get it up and running,” says Mr Muggeridge.\nFifteen local contractors have been employed to complete the expansion at the site, which employees 380 people. \n“It’s been a real boost to the local business community, especially after the rough past 12 months Edgecumbe has had,” says Mr Muggeridge.\n",
          "author": "",
          "favicon": "https://www.fonterra.com/etc/designs/fonterradotcom/favicon.ico",
          "source": "fonterra.com",
          "published": "",
          "ttr": 53
     }
}