{
     "Date": "14/12/2018",
     "Open": "4.62",
     "High": "4.64",
     "Low": "4.6",
     "Close": "4.61",
     "Adj Close": "3.407754",
     "Volume": "419475",
     "Headline": "Fonterra announces changes to management team",
     "link": "https://www.fonterra.com/nz/en/our-stories/media/fonterra-announces-changes-to-management-team.html",
     "article": {
          "url": "https://www.fonterra.com/nz/en/our-stories/media/fonterra-announces-changes-to-management-team.html",
          "title": "Fonterra announces changes to management team",
          "description": "Mike Cronin has been appointed Managing Director Co-operative Affairs and will lead this new function – which brings together the Co-op’s current Corporate Affairs and Farm Source teams.",
          "links": [
               "https://www.fonterra.com/nz/en/our-stories/media/fonterra-announces-changes-to-management-team.html"
          ],
          "image": "https://www.fonterra.com/content/dam/fonterra-public-website/fonterra-new-zealand/placeholder-images/media-release-fonterra-600x450.jpg",
          "content": "\nMike Cronin has been appointed Managing Director Co-operative Affairs and will lead this new function – which brings together the Co-op’s current Corporate Affairs and Farm Source teams.\nFonterra CEO Miles Hurrell says, “We’re fortunate to have broad skills and experience on the FMT which gives me the opportunity to streamline the management structure”.\n“These two teams already share many of the same objectives and work together very closely on a day to day basis, in areas such as sustainability, communications, on-farm practices and more generally, a joint remit in connecting farmers to their Co-operative.”\nMike has worked in Fonterra for 17 years and is already a member of the executive leadership team, so he is well-placed and very much looking forward to leading the newly formed business unit.\nThe change takes effect immediately.\n",
          "author": "",
          "favicon": "https://www.fonterra.com/etc/designs/fonterradotcom/favicon.ico",
          "source": "fonterra.com",
          "published": "",
          "ttr": 27
     }
}