{
     "Date": "6/09/2019",
     "Open": "3.2",
     "High": "3.23",
     "Low": "3.17",
     "Close": "3.18",
     "Adj Close": "2.350685",
     "Volume": "68835",
     "Headline": "Fonterra defers annual results reporting date",
     "link": "https://www.fonterra.com/nz/en/our-stories/media/fonterra-defers-annual-results-reporting-date.html",
     "article": {
          "url": "https://www.fonterra.com/nz/en/our-stories/media/fonterra-defers-annual-results-reporting-date.html",
          "title": "Fonterra defers annual results reporting date",
          "description": "Fonterra advises a change of date for reporting its audited financial results for the 2019 financial year (FY19) ended 31 July 2019.",
          "links": [
               "https://www.fonterra.com/nz/en/our-stories/media/fonterra-defers-annual-results-reporting-date.html"
          ],
          "image": "https://www.fonterra.com/content/dam/fonterra-public-website/fonterra-new-zealand/placeholder-images/media-release-fonterra-600x450.jpg",
          "content": "\nThe reporting date was previously expected to be 12 September 2019. The Co-operative will now report no later than 30 September 2019.\nOn 12 August 2019, Fonterra announced a number of asset writedowns and one-off accounting adjustments, noting that the numbers remained subject to Fonterra Board reviewing the full financial statements and audit adjustments. \nFonterra and the Co-operative’s auditor PwC, are working constructively through the normal financial year end accounts and auditing process. However, due to the significant accounting adjustments in FY19, as set out in the announcement on 12 August 2019, more time is required to complete the audited financial statements.  \nFonterra confirms its previous announcement that it expects a reported loss of $590-$675 million for FY19, which is a 37 to 42 cent loss per share. All numbers are subject to the Board reviewing the full financial statements and to audit adjustments, and reflect the values attributable to equity holders.\nThe change in reporting date is unrelated to any discussions with the Financial Markets Authority, recent speculation about further material asset impairments, or other announcements. It also does not affect the Co-operative’s ability in any way to operate and pay its bills, including paying farmers for their milk.  \n",
          "author": "",
          "favicon": "https://www.fonterra.com/etc/designs/fonterradotcom/favicon.ico",
          "source": "fonterra.com",
          "published": "",
          "ttr": 40
     }
}