{
     "Date": "9/10/2022",
     "Open": "",
     "High": "",
     "Low": "",
     "Close": "",
     "Adj Close": "",
     "Volume": "",
     "Headline": "Fonterra today announced that Chris Rowe will become its Acting Chief Financial Officer (CFO) to replace current CFO Marc Rivers who is leaving the Co-op at the end of 2022.",
     "link": "https://www.fonterra.com/sea/en/our-stories/media/acting-cfo-announced.html",
     "article": {
          "url": "https://www.fonterra.com/sea/en/our-stories/media/acting-cfo-announced.html",
          "title": "Acting CFO Announced",
          "description": "Fonterra today announced that Chris Rowe will become its Acting Chief Financial Officer (CFO) to replace current CFO Marc Rivers who is leaving the Co-op at the end of 2022. ",
          "links": [
               "https://www.fonterra.com/sea/en/our-stories/media/acting-cfo-announced.html"
          ],
          "image": "https://www.fonterra.com/content/dam/fonterra-public-website/fonterra-new-zealand/placeholder-images/media-release-fonterra-600x450.jpg",
          "content": "\n“Chris is a highly competent leader, who has considerable knowledge of the Co-op and the management of its physical and financial portfolios, as well as its mergers and acquisitions.\n“I am pleased that Chris has agreed to act as our CFO, and he will continue to provide strong direction and leadership while we continue our recruitment process for a permanent CFO. The recruitment process for a permanent CFO is well underway and I hope to announce the successful candidate in the coming months,” says Mr Hurrell.\nChris will join the Fonterra Management Team as the Acting CFO from 1 October 2022, and current CFO Marc Rivers will move into the role of Strategic Advisor to the CEO from 1 October 2022 until his departure from the Co-op.\nFor further information contact: \nFonterra Communications \n24-hour media line \n Phone: +64 21 507 072 \n",
          "author": "",
          "favicon": "https://www.fonterra.com/etc/designs/fonterradotcom/favicon.ico",
          "source": "fonterra.com",
          "published": "",
          "ttr": 29
     }
}