{
     "Date": "2/05/2018",
     "Open": "5.75",
     "High": "5.76",
     "Low": "5.7",
     "Close": "5.75",
     "Adj Close": "4.250452",
     "Volume": "194110",
     "Headline": "Fonterra-EECA partnership drives 25 per cent reduction in emissions at Brightwater site",
     "link": "https://www.fonterra.com/nz/en/our-stories/media/fonterra-eeca-partnership-drives-25-per-cent-reduction-in-emissions-at-brightwater-site.html",
     "article": {
          "url": "https://www.fonterra.com/nz/en/our-stories/media/fonterra-eeca-partnership-drives-25-per-cent-reduction-in-emissions-at-brightwater-site.html",
          "title": "Fonterra-EECA partnership drives 25 per cent reduction in emissions at Brightwater site",
          "description": "Fonterra’s Brightwater dairy factory is set to reduce its carbon dioxide emissions by 25 per cent following an industry first move that will significantly reduce the site’s reliance on coal. ",
          "links": [
               "https://www.fonterra.com/nz/en/our-stories/media/fonterra-eeca-partnership-drives-25-per-cent-reduction-in-emissions-at-brightwater-site.html"
          ],
          "image": "",
          "content": "\nThanks to funding support from the Energy Efficiency and Conservation Authority (EECA), the conversion is about to get underway on Brightwater’s existing coal boiler, adding capacity to burn wood biomass to generate steam.\nThe move will cut emissions from the factory by around 2,400 tonnes a year – roughly the same as taking 530 cars off the road.\nFonterra Chief Operating Officer Global Operations Robert Spurway says the move to a co-fired boiler decreases reliance on fossil fuels and is a significant step towards achieving Fonterra’s emission reduction targets.\n“Last year we joined forces with the Ministry for the Environment to develop a roadmap to a low emissions future, which included a commitment to undertake a demonstration of co-firing wood biomass with coal at one of our sites.\n“Now, with the support of EECA, we’re putting our co-firing strategy into action. Brightwater’s transition to a lower emission energy source is a tangible step toward achieving our target of reducing our Global Operations emissions by 30 percent by 2030, and our longer-term goal of net zero emissions by 2050.”\nEECA Business Group Manager Market Engagement Greg Visser says the boiler technology has the potential to be a sustainability game-changer.\n“This is exactly the type of demonstration project that EECA looks to support. Our funding helps de-risk investment in new technology application where there are big emissions reductions on offer.  It’s a great opportunity for replication across Fonterra – and by others looking to adopt this technology to save energy,” says Mr Visser.\nThe move to convert the existing coal boiler at Brightwater follows a successful trial that was undertaken in 2017. It is expected that the boiler will be able to co-fire with wood biomass by October this year.\n",
          "author": "",
          "favicon": "https://www.fonterra.com/etc/designs/fonterradotcom/favicon.ico",
          "source": "fonterra.com",
          "published": "",
          "ttr": 58
     }
}