{
     "Date": "2/07/2018",
     "Open": "5.45",
     "High": "5.46",
     "Low": "5.3",
     "Close": "5.3",
     "Adj Close": "3.917809",
     "Volume": "597562",
     "Headline": "Fonterra welcomes appointment of new Beingmate Baby & Child General Manager",
     "link": "https://www.fonterra.com/nz/en/our-stories/media/fonterra-welcomes-appointment-of-new-beingmate-baby-and-child-food-general-manager.html",
     "article": {
          "url": "https://www.fonterra.com/nz/en/our-stories/media/fonterra-welcomes-appointment-of-new-beingmate-baby-and-child-food-general-manager.html",
          "title": "Fonterra welcomes appointment of new Beingmate Baby & Child General Manager",
          "description": "Fonterra welcomes the appointment of Bao Xiufei (Bob) to the role of General Manager of Beingmate Baby & Child Food Co Ltd. The move was announced yesterday and follows a comprehensive search. Mr Bao joins Beingmate from Royal FrieslandCampina China, where he had a successful career, including most recently, as Friso Chief Sales Officer (CSO) and Consumer Dairy Managing Director. Prior to this, he was the Sales Director at Wyeth Nutrition and held senior roles at PepsiCo and Wahaha Food Group. ",
          "links": [
               "https://www.fonterra.com/nz/en/our-stories/media/fonterra-welcomes-appointment-of-new-beingmate-baby-and-child-food-general-manager.html"
          ],
          "image": "https://www.fonterra.com/content/dam/fonterra-public-website/fonterra-new-zealand/placeholder-images/media-release-fonterra-600x450.jpg",
          "content": "\nMr Bao joins Beingmate from Royal FrieslandCampina China, where he had a successful career, including most recently, as Friso Chief Sales Officer (CSO) and Consumer Dairy Managing Director. Prior to this, he was the Sales Director at Wyeth Nutrition and held senior roles at PepsiCo and Wahaha Food Group. \nFonterra CEO Theo Spierings says the appointment signals an important step in the transformation of Beingmate.\n“We know our farmers and unit holders expect a lift in in Beingmate’s performance, so influencing the right transformation steps through our 18% shareholding has been one of our top priorities. The appointment of a new and independent GM is the first of three key steps we communicated earlier this year in the Beingmate transformation plan. Now this appointment is made, the next priorities will be for Mr Bao to unlock Beingmate’s distribution network and take the right actions to meet Chinese customers’ preferences for e-commerce.”\n“There are a number of opportunities to reverse Beingmate’s current performance and we look forward to working with Mr Bao and seeing Beingmate fulfil its potential,” says Mr Spierings.\nChina is an important, strategic dairy market and the Fonterra Greater China business continues to perform well overall, returning $3.4 billion in sales revenue last year.\n",
          "author": "",
          "favicon": "https://www.fonterra.com/etc/designs/fonterradotcom/favicon.ico",
          "source": "fonterra.com",
          "published": "",
          "ttr": 42
     }
}