{
     "Date": "2/11/2018",
     "Open": "4.87",
     "High": "4.89",
     "Low": "4.86",
     "Close": "4.88",
     "Adj Close": "3.607341",
     "Volume": "649286",
     "Headline": "Fonterra Acknowledges Release of Dira Options Paper",
     "link": "https://www.fonterra.com/nz/en/our-stories/media/fonterra-acknowledges-release-of-dira-options-paper.html",
     "article": {
          "url": "https://www.fonterra.com/nz/en/our-stories/media/fonterra-acknowledges-release-of-dira-options-paper.html",
          "title": "Fonterra Acknowledges Release of Dira Options Paper",
          "description": "Fonterra acknowledges the release today of the Government’s options paper on the review of the Dairy Industry Restructuring Act. ",
          "links": [
               "https://www.fonterra.com/nz/en/our-stories/media/fonterra-acknowledges-release-of-dira-options-paper.html"
          ],
          "image": "https://www.fonterra.com/content/dam/fonterra-public-website/fonterra-new-zealand/placeholder-images/media-release-fonterra-600x450.jpg",
          "content": "\nThe Act is a complex piece of legislation and it’s important to New Zealand that the review is thorough.\nWe recognise the significant work that the Ministry for Primary Industries and Minister O’Connor have put into the document and we appreciate their high degree of engagement with industry so far.\nWe will now consider the document, then discuss with our farmers the impact the options may have on their families and businesses.\nUltimately, we all want the same thing – a prosperous and sustainable dairy industry for New Zealand.\n\nWe look forward to working with the Government as it moves towards updating the legislation.\n",
          "author": "",
          "favicon": "https://www.fonterra.com/etc/designs/fonterradotcom/favicon.ico",
          "source": "fonterra.com",
          "published": "",
          "ttr": 21
     }
}