{
     "Date": "17/07/2020",
     "Open": "3.88",
     "High": "3.88",
     "Low": "3.85",
     "Close": "3.88",
     "Adj Close": "2.868131",
     "Volume": "106888",
     "Headline": "Fonterra Co-operative Group Limited today revised both its 2019/20 and 2020/21 forecast Farmgate Milk Price ranges.",
     "link": "https://www.fonterra.com/sea/en/our-stories/media/fonterra-revises-2019-20-and-2020-21-forecast-farmgate-milk-price-ranges.html",
     "article": {
          "url": "https://www.fonterra.com/sea/en/our-stories/media/fonterra-revises-2019-20-and-2020-21-forecast-farmgate-milk-price-ranges.html",
          "title": "Fonterra revises its 2019/20 and 2020/21 forecast Farmgate Milk Price ranges",
          "description": "The 2019/20 forecast Farmgate Milk Price range has narrowed from $7.10 - $7.30 per kgMS to$7.10 - $7.20 per kgMS. The mid-point, off which farmers are paid, has reduced to $7.15 per kgMS, down from $7.20 per...",
          "links": [
               "https://www.fonterra.com/sea/en/our-stories/media/fonterra-revises-2019-20-and-2020-21-forecast-farmgate-milk-price-ranges.html"
          ],
          "image": "https://www.fonterra.com/content/dam/fonterra-public-website/fonterra-global/global/page-images/fonterra-media-release-placeholder-1a.jpg",
          "content": "\n\nThe 2019/20 forecast Farmgate Milk Price range has narrowed from $7.10 - $7.30 per kgMS to$7.10 - $7.20 per kgMS. The mid-point, off which farmers are paid, has reduced to $7.15 per kgMS, down from $7.20 per kgMS\nThe 2020/21 forecast Farmgate Milk Price range has narrowed from $5.40 - $6.90 per kgMS to$5.90 - $6.90 per kgMS.  The mid-point, off which farmers are paid, has increased to $6.40 per kgMS, up from $6.15 per kgMS\n\nFonterra Chairman John Monaghan says the narrowing of the 2019/20 milk price toward the lower end of the previous range is the result of a strengthening New Zealand dollar versus the US dollar over the past two months. \nThe Co-operative will announce the final 2019/20 Farmgate Milk Price as part of its Annual Result in September. \nCommenting on the 2020/21 forecast Farmgate Milk Price range, Mr Monaghan says the lift to the bottom end of the range was being predominantly driven by improved market conditions in China.  \n“After an initial shock due to COVID-19, dairy consumption in China is recovering with more people spending on food. We’re seeing customers ramp up promotional activity as they look to catch up on the sales losses incurred over lockdown.    \n“Elsewhere, the EU and US Governments’ support measures for farmers are holding up milk production and dairy commodity prices despite the disruption they have experienced so far from COVID-19. While we expect these support measures to end at some point, it is likely they will continue through the peak of the New Zealand season. \n“While there is still a high level of uncertainty in our global markets, we do see a lowering level of risk and this supports a decision to lift the bottom end of the price range.   \n“It’s very early in the new season and we are keeping a close eye on consumer demand and production from the key milk producing regions. Milk supply from the EU, US and Latin America is increasing despite the impact of COVID-19, and there continues to be uncertainty around how the global recession and the potential for a second wave of COVID-19 globally could impact demand.” \nThe Co-operative is advising its farmers to continue budgeting with caution. \n",
          "author": "",
          "favicon": "https://www.fonterra.com/etc/designs/fonterradotcom/favicon.ico",
          "source": "fonterra.com",
          "published": "",
          "ttr": 74
     }
}