{
     "Date": "13/12/2022",
     "Open": "3.25",
     "High": "3.26",
     "Low": "3.24",
     "Close": "3.25",
     "Adj Close": "2.744008",
     "Volume": "44122",
     "Headline": "\"Fonterra and Nestlé today agreed the sale of their Dairy Partners Americas (DPA) Brazil joint venture to French dairy company Lactalis for BRL 700m (approximately NZD $210m subject to closing transaction adjustments). The deal is expected to be completed by mid-2023",
     "link": " subject to regulatory authority approvals.\""
}