{
     "Date": "6/03/2018",
     "Open": "5.92",
     "High": "5.92",
     "Low": "5.85",
     "Close": "5.85",
     "Adj Close": "4.251078",
     "Volume": "412153",
     "Headline": "Cardboard creativity pays dividends for Fonterra",
     "link": "https://www.fonterra.com/nz/en/our-stories/media/cardboard-creativity-pays-dividends-for-fonterra.html",
     "article": {
          "url": "https://www.fonterra.com/nz/en/our-stories/media/cardboard-creativity-pays-dividends-for-fonterra.html",
          "title": "Cardboard creativity pays dividends for Fonterra",
          "description": "Challenging the industry norm for storing the light-shy product in giant drums or in frozen packs, Fonterra has developed small 15L cardboard packs that are easily stackable and manoeuvrable and can be stored...",
          "links": [
               "https://www.fonterra.com/nz/en/our-stories/media/cardboard-creativity-pays-dividends-for-fonterra.html"
          ],
          "image": "https://www.fonterra.com/content/dam/fonterra-public-website/fonterra-new-zealand/placeholder-images/media-release-fonterra-600x450.jpg",
          "content": "\nChallenging the industry norm for storing the light-shy product in giant drums or in frozen packs, Fonterra has developed small 15L cardboard packs that are easily stackable and manoeuvrable and can be stored at room temperature. A butter alternative, AMF is an ingredient in many foods such as ice cream, confectionary and bakery goods.\nFonterra Dairy Foods Category Director, Casey Thomas said, “Fonterra saw an opportunity to come up with the technology that would allow AMF to be packed more conveniently without refrigeration while keeping it airtight. Our teams found a way to overcome the oxidation challenges and collaborated with packaging expert Sealed Air (NZ) to develop a foil barrier bag with a specially designed valve to keep light and oxygen out.”\nThe lightweight 15L cartons are easier than 210kg steel drums to unload from containers and can be efficiently and safely stored in the warehouse, saving costs on refrigeration, storage, and transport. The new process that quickly chills the AMF to create a fine texture also means the customer can scoop the product straight from the box, without needing to melt it first.\n“This new packaging is hugely beneficial to companies such as small bakeries and artisan food manufacturers, which have found it difficult to store and access AMF for use in their products. Not only is it more convenient, it’s cost efficient as customers can buy smaller amounts to match the volumes they need,” said Casey.\nFonterra has already signed up a customer in Taiwan and has interest from customers in many countries including Algeria, South Africa, and Peru.\nFonterra General Manager, Taiwan Sera Cheng said that feedback from customers has been very positive. “We have been selling AMF to customers in Taiwan for more than two decades and know that our customers welcome the new, easy-to-open format. The first shipment of the cardboard packs has just landed in Taiwan and stood up to the rigors of a month-long sea voyage extremely well. Based on our pre-launch customer survey, our customers can’t wait to receive the new packs.”\nCasey adds that Fonterra is always looking to apply technology and ingenious thinking to create new solutions to better meet customer needs. In this case, he says the new packaging will also save Fonterra manufacturing costs so it is a mutually beneficial outcome.\n",
          "author": "",
          "favicon": "https://www.fonterra.com/etc/designs/fonterradotcom/favicon.ico",
          "source": "fonterra.com",
          "published": "",
          "ttr": 77
     }
}