{
     "Date": "23/01/2020",
     "Open": "4.03",
     "High": "4.03",
     "Low": "4.02",
     "Close": "4.03",
     "Adj Close": "2.979013",
     "Volume": "49119",
     "Headline": "Fonterra completes sale of DFE Pharma",
     "link": "https://www.fonterra.com/nz/en/our-stories/media/fonterra-completes-sale-of-dfe-pharma.html",
     "article": {
          "url": "https://www.fonterra.com/nz/en/our-stories/media/fonterra-completes-sale-of-dfe-pharma.html",
          "title": "Fonterra completes sale of DFE Pharma",
          "description": "Fonterra today announces that it has completed the sale of its 50% share of DFE Pharma to CVC Strategic Opportunities II.",
          "links": [
               "https://www.fonterra.com/nz/en/our-stories/media/fonterra-completes-sale-of-dfe-pharma.html"
          ],
          "image": "",
          "content": "\nAs previously announced in September 2019, this sale was subject to regulatory approvals from competition authorities and these have now all been received.\nFonterra CFO, Marc Rivers, says the completion of this sale is a key milestone in strengthening the Co-op’s balance sheet, with cash proceeds of $554 million, comprising of the original sale proceeds of $537 million plus $17 million in settlement adjustments.”\nOver the course of the 2020 financial year Fonterra expects there to be other one-off transactions as it implements strategy and continues its asset portfolio review.\n“It is too early to assess the overall impact of these on the Co-op’s 2020 financial year. The announced forecast earnings range will continue to reflect just the underlying performance of the business. We will provide details of the overall impact of all one-offs as part of our full-year financial statements and will also provide an update as part of our Interim Results,” Mr Rivers says.\n",
          "author": "",
          "favicon": "https://www.fonterra.com/etc/designs/fonterradotcom/favicon.ico",
          "source": "fonterra.com",
          "published": "",
          "ttr": 32
     }
}