{
     "Date": "22/10/2019",
     "Open": "4",
     "High": "4.05",
     "Low": "3.99",
     "Close": "4.04",
     "Adj Close": "2.986404",
     "Volume": "183454",
     "Headline": "Fonterra increases 2019/2020 forecast Farmgate Milk Price",
     "link": "https://www.fonterra.com/nz/en/our-stories/media/fonterra-increases-2019-2020-forecast-farmgate-milk-price.html",
     "article": {
          "url": "https://www.fonterra.com/nz/en/our-stories/media/fonterra-increases-2019-2020-forecast-farmgate-milk-price.html",
          "title": "Fonterra increases 2019/2020 forecast Farmgate Milk Price",
          "description": "Fonterra Co-operative Group Limited today increased its 2019/2020 forecast Farmgate Milk Price range from $6.25 - $7.25 per kgMS to $6.55 - $7.55 per kgMS.",
          "links": [
               "https://www.fonterra.com/nz/en/our-stories/media/fonterra-increases-2019-2020-forecast-farmgate-milk-price.html"
          ],
          "image": "https://www.fonterra.com/content/dam/fonterra-public-website/fonterra-new-zealand/placeholder-images/media-release-fonterra-600x450.jpg",
          "content": "\nThe Advance Rate Fonterra pays its farmer owners will be set off the mid-point, $7.05 per kgMS, of the revised range.\nFonterra Chairman John Monaghan says the Co-op had been achieving good prices for its milk so far this season.\n“Demand for whole milk powder (WMP) has been firm, and for the full season we’re expecting it to be above last year. Global WMP production is down year to date and expected to continue to decrease for the remainder of 2019.\n“We are also continuing to sell our skim milk powder at higher prices than EU and US dairy companies in Global Dairy Trade (GDT) Events.”\nFonterra CEO Miles Hurrell says there are positive signals for milk price.\n“It is still very early in the season and a lot can change. There are a number of factors we are keeping a close eye on, which is why we’ve retained a wide forecast milk price range.\n“These factors include global trade tensions and political instability in some of our key sales regions. And, as is always the case, we cannot predict the weather and clearly weather conditions play a big role in global supply.”\nMr Hurrell says the strong demand for the Co-op’s milk and the prices that are being achieved, relative to other milk producing regions, demonstrated the rationale of Fonterra’s new strategy to prioritise New Zealand milk.\n“One of our four priorities is to support regional New Zealand. If you take the $7.05 mid-point of today’s revision to our forecast Farmgate Milk Price, it’s another $450 million into regional New Zealand.”\n“Our earnings outlook for FY20 is based on a forecast Farmgate Milk Price, which still falls within our new forecast range of $6.55 - $7.55 per kgMS. The mid-point of the revised range does mean our teams will need to continue to push hard to achieve our margins, but so far we’re comfortable with how this season is shaping up in terms of underlying business performance.”\n",
          "author": "",
          "favicon": "https://www.fonterra.com/etc/designs/fonterradotcom/favicon.ico",
          "source": "fonterra.com",
          "published": "",
          "ttr": 66
     }
}