{
     "Date": "17/02/2022",
     "Open": "3.62",
     "High": "3.64",
     "Low": "3.62",
     "Close": "3.64",
     "Adj Close": "2.894214",
     "Volume": "48004",
     "Headline": "Fonterra has agreed a strategic partnership with New Zealands Exchange (NZX) and the European Energy Exchange (EEX) to each take ownership stakes in Global Dairy Trade (GDT) alongside the Co-op.",
     "link": "https://www.fonterra.com/sea/en/our-stories/media/fonterra-nzx-and-eex-enter-gdt-partnership-for-future-growth.html",
     "article": {
          "url": "https://www.fonterra.com/sea/en/our-stories/media/fonterra-nzx-and-eex-enter-gdt-partnership-for-future-growth.html",
          "title": "Fonterra, NZX and EEX enter GDT partnership for future growth",
          "description": "Fonterra has agreed a strategic partnership with New Zealand’s Exchange (NZX) and the European Energy Exchange (EEX) to each take ownership stakes in Global Dairy Trade (GDT) alongside the Co-op.  ",
          "links": [
               "https://www.fonterra.com/sea/en/our-stories/media/fonterra-nzx-and-eex-enter-gdt-partnership-for-future-growth.html"
          ],
          "image": "https://www.fonterra.com/content/dam/fonterra-public-website/fonterra-new-zealand/story-images/fonterra-media-project-orca.jpg",
          "content": "\nFonterra Chief Executive Miles Hurrell says the move to a broader ownership structure marks the next step in the evolution of GDT – further enhancing the standing of GDT as an independent, neutral, and transparent price discovery platform, giving it a presence in prominent international dairy producing regions, and creating future growth opportunities.\n“This is good news for our farmer owners, unit holders, and all dairy industry participants and is expected to lead to greater volumes being traded on GDT. It will bring more participants and transactions, stimulating further growth of risk management contracts available on financial trading platforms.\n“We all know that dairy is one of the most volatile traded commodities,” he says. “This partnership is another step in helping to manage this risk for everyone – from the farmer through to the customer at the end of the supply chain. A more liquid dairy trading environment allows for the growth of financial tools which can be used by all participants to better manage price volatility. \n“Our focus has been about securing the best partners, and NZX and EEX share our vision for a stronger, more liquid auction platform that benefits all involved. We are also closely aligned on future possibilities for GDT as the world’s most trusted reference point for dairy commodity prices.”\nNZX Chief Executive Mark Peterson says the price discovery that GDT provides the international dairy industry is crucial for dealing with volatility and its associated risks.\n“We see the expansion of the physical trading environment as both further strengthening existing financial contracts and enabling the creation of new tools and opportunities for dairy processors and end-users to manage price volatility. These offer clear benefits for New Zealand dairy farmers and customers around the world,” he said.\nEEX Chief Strategy Officer Dr Tobias Paulun says “becoming a shareholder of Global Dairy Trade is perfectly in line with the EEX strategy of taking asset classes which we already successfully serve to a global dimension. With our experience in operating Europe’s leading trading platform for dairy futures, but also with multiple spot contracts in the energy space, we believe that we can be of value supporting GDT’s growth vision.\n“At the same time, we can create value for the global dairy value chain by further improving price discovery and price risk management instruments.”\nGDT Director Dr Eric Hansen says “GDT is excited that the addition of NZX and EEX as shareholders alongside Fonterra will enable us to build on our success in establishing a global brand and expertise in price discovery to create more opportunities for our customers. \n“The strong alignment of all three shareholding partners to GDT’s purpose of credible price discovery will support initiatives to increase liquidity on GDT, attract new supply from prominent dairy producing regions, and will strengthen GDT’s linkages to financial trading platforms.”\nFor further information contact:\nFonterra Communications\nPhilippa Norman\nPhone: +64 27 582 0492\nNZX Communications\nGeorgia Thompson\nPhone: +64 27 392 9613\nEEX Public Relations        \n Phone: +49 341 2156-216 I +33 1 73 03 76 52\n presse@eex.com\nGDT Communications\nMeredith Reeves\nPhone: +64 22 322 7527\n",
          "author": "",
          "favicon": "https://www.fonterra.com/etc/designs/fonterradotcom/favicon.ico",
          "source": "fonterra.com",
          "published": "",
          "ttr": 104
     }
}