{
     "Date": "30/01/2020",
     "Open": "4.01",
     "High": "4.01",
     "Low": "4",
     "Close": "4",
     "Adj Close": "2.956836",
     "Volume": "211143",
     "Headline": "Fonterras Te Awamutu site moves to pellet power",
     "link": "https://www.fonterra.com/nz/en/our-stories/media/fonterras-te-awamutu-site-moves-to-pellet-power.html",
     "article": {
          "url": "https://www.fonterra.com/nz/en/our-stories/media/fonterras-te-awamutu-site-moves-to-pellet-power.html",
          "title": "Fonterra’s Te Awamutu site moves to pellet power",
          "description": "Fonterra is taking another step forward in its commitment to renewable energy as it announces that its Te Awamutu site will be coal free next season. ",
          "links": [
               "https://www.fonterra.com/nz/en/our-stories/media/fonterras-te-awamutu-site-moves-to-pellet-power.html"
          ],
          "image": "",
          "content": "\nUntil now the site has used a combination of fuels to process milk - including coal.  This latest move, follows a trial last year and means it will switch from using coal at the end of this season, starting the 2020/21 season powering the boiler with wood pellets. \nFonterra’s Sustainable Energy and Utility Manager Linda Thompson says it’s an exciting step for the Co-operative and, in particular, the Te Awamutu team.\n“It really demonstrates that sustainability, doing what’s right for the long term good, is very much at the heart of how we’re working and thinking about our future.”\nLast year, Fonterra announced a series of environmental targets relating to its coal use, manufacturing emissions and water efficiency, packaging and farm environment plans.\n“The move to wood pellets at Te Awamutu will save the Co-operative about 84,000 tonnes of carbon emissions every year, that’s the equivalent of taking around 32,000 cars off the road and will reduce Fonterra’s national coal consumption by approximately 10 per cent.\n“It’s a positive step forward as we look to reduce emissions and work towards net zero carbon emissions by 2050.”\nThe Te Awamutu site is one of three North Island sites that are currently using coal. Ms Thompson says the Co-operative knows it’s got a big challenge ahead of it to get out of coal but it’s one that it’s up for.\n“There is no one single solution for us to transition out of coal. We know we can’t do it alone, that’s why working with others like wood pellet supplier Nature’s Flame and the Energy Efficiency and Conservation Authority (EECA) are so important.”\nTaupo based Nature’s Flame will be supplying the pellets made from sustainable wood fibre residues from the surrounding areas.\nJohn Goodwin, Nature’s Flame’s Operations Manager says they’re excited to be partnering with Fonterra.\n“We’re encouraged about the growth of the bioenergy (wood pellets) industry and we’re proud to be part of something that’s good for the environment and our local communities.”\nEECA’s Chief Executive Andrew Caseley says “this project fully aligns with EECA’s purpose to help decarbonise the New Zealand economy.\n“This is the largest boiler conversion project to biofuels to date, and this is why it has received $200,000 in funding from EECA’s technology demonstration programme. It also has the added benefit of establishing a more viable and large scale wood pellet supply chain.”\nA full run down of Fonterra’s environmental commitments and targets can be found here\n",
          "author": "",
          "favicon": "https://www.fonterra.com/etc/designs/fonterradotcom/favicon.ico",
          "source": "fonterra.com",
          "published": "",
          "ttr": 82
     }
}