{
     "Date": "27/02/2019",
     "Open": "4.53",
     "High": "4.53",
     "Low": "4.5",
     "Close": "4.5",
     "Adj Close": "3.326441",
     "Volume": "430109",
     "Headline": "Fonterra to explore opportunities in complementary nutrition",
     "link": "https://www.fonterra.com/nz/en/our-stories/media/fonterra-to-explore-opportunities-in-complementary-nutrition.html",
     "article": {
          "url": "https://www.fonterra.com/nz/en/our-stories/media/fonterra-to-explore-opportunities-in-complementary-nutrition.html",
          "title": "Fonterra to explore opportunities in complementary nutrition",
          "description": "Fonterra has taken a stake in Motif Ingredients, a US-based food ingredients company that develops and commercialises bio-engineered animal and food ingredients. ",
          "links": [
               "https://www.fonterra.com/nz/en/our-stories/media/fonterra-to-explore-opportunities-in-complementary-nutrition.html"
          ],
          "image": "",
          "content": "\nFonterra joins Ginkgo Bioworks, Breakthrough Energy Ventures, Louis Dreyfus Companies and Viking Global Investors.\nJudith Swales, head of Fonterra’s Global Consumer and Foodservice business, says the move is part of the Co-operative’s commitment to its farmer-owners to stay at the forefront of innovation to understand and meet the changing preferences of consumers. While the terms will not be disclosed, Fonterra’s investment represents a minority stake in the business.\n“Farmers expect their Co-op to get the most value from every drop of their milk and also keep an eye on tomorrow to futureproof their Co-op for generations to come.\n\n“Dairy nutrition will always be at our core, but we also want to explore how we can capture more value from new types of nutrition.\n\n“The complementary nutrition category – where plant, insect, algae and fermentation-produced nutrition co-exist alongside animal proteins, including cows’ milk – is fast evolving. It’s not a case of either/or, but both,” says Judith.\n\n“If we fast forward 30 years, there’ll be two billion more mouths to feed and there simply won’t be enough food to go around just using today’s methods. A combination of traditional and complementary nutrition sources will be required to meet the world’s increasing need for food, especially protein.\n\n“Consumers around the world will continue to want natural, grass fed dairy as a premium source of nutrition. At the same time, we recognise that no two consumers are the same. As diets and preferences continue to evolve, we want to be there, providing people with choices.\n\n“Our stake in Motif will help us be part of this emerging next-generation fermentation-produced nutrition sector,” says Judith.\n\nMotif has been established by Ginkgo Bioworks, one of the world’s leading organism companies. Using a process similar to how insulin, vitamins and beer are made, Motif’s team of world leading biotech experts will harness state-of-the-art genetic science and fermentation technology to re-create and sell animal proteins and food ingredients, including those similar to dairy ingredients.\n\nJonathan McIntyre, Motif Ingredients’ CEO, says “Through biotechnology and fermentation, Motif will propel the next food revolution with affordable, sustainable and accessible ingredients that meet the standards of chefs, food developers, and visionary brands.”\n",
          "author": "",
          "favicon": "https://www.fonterra.com/etc/designs/fonterradotcom/favicon.ico",
          "source": "fonterra.com",
          "published": "",
          "ttr": 72
     }
}