{
     "Date": "3/09/2019",
     "Open": "3.33",
     "High": "3.33",
     "Low": "3.29",
     "Close": "3.3",
     "Adj Close": "2.43939",
     "Volume": "98641",
     "Headline": "New targets to reduce water use",
     "link": "https://www.fonterra.com/nz/en/our-stories/media/new-targets-to-reduce-water-use.html",
     "article": {
          "url": "https://www.fonterra.com/nz/en/our-stories/media/new-targets-to-reduce-water-use.html",
          "title": "New targets to reduce water use",
          "description": "More than 3.4 billion litres of water (or about the same as 1,350 Olympic swimming pools) will be saved every year under new water targets Fonterra launched today.",
          "links": [
               "https://www.fonterra.com/nz/en/our-stories/media/new-targets-to-reduce-water-use.html"
          ],
          "image": "",
          "content": "\nThe Co-operative has announced that six manufacturing sites in water-constrained regions will reduce their water use by 30% by 2030 as part of its move to accelerate sustainability to the heart of its strategy.\n\n“Water is a precious resource and we can’t take it for granted. For some parts of New Zealand, water isn’t always in the right place at the right time, and our water use in these regions can put stress on local water sources and the communities that rely on them,” says Fonterra Chief Operating Officer Global Operations Robert Spurway.\n“Reducing our water use at our manufacturing sites is the right thing to do for the environment and for the communities we operate in. That’s why we’ve set this new target, which will save billions of litres of water.”\nThe six sites are Maungatoroto, Lichfield, Brightwater, Darfield, Edendale and Clandeboye.\nMr Spurway says taking a targeted approach will ultimately result in better efficiency and outcomes.\n“We’ve focused on the six sites where major water savings can have the greatest impact. This means we can target efforts and investment into those regions most in need.”\nAll other sites across Fonterra’s entire manufacturing footprint will take steps to keep water use to FY18 baselines.\n“Some initiatives are underway with more in the pipeline. This target will require some clever ideas and creative thinking. But our site teams are already rising to the challenge.”\nThis target is the latest in a series of commitments the Co-operative has set as it embeds sustainability at the heart of its strategy. These include:\n\nNo more coal boilers or increasing capacity to burn coal\nReducing emissions by 30% across all manufacturing operations by 2030, on the way to net zero by 2050\nImproving the energy intensity of our sites by 20% by 2020\nNo solid waste to landfills by 2025\n100% recyclable, reusable and compostable packaging by 2025\nA tailored Farm Environment Plan for every Fonterra farmer by 2025\nFarm-specific emissions reports for every Fonterra farmer by the end of this season.\n\nFonterra cares about water, whether it’s on-farm or at our manufacturing sites. More information about our efforts to look after water can be found at www.fonterra.com/water\n",
          "author": "",
          "favicon": "https://www.fonterra.com/etc/designs/fonterradotcom/favicon.ico",
          "source": "fonterra.com",
          "published": "",
          "ttr": 73
     }
}