{
     "Date": "8/08/2018",
     "Open": "5.12",
     "High": "5.14",
     "Low": "5.11",
     "Close": "5.11",
     "Adj Close": "3.777358",
     "Volume": "708612",
     "Headline": "Fonterra and Future Consumer Ltd joint venture to provide high value dairy nutrition in India",
     "link": "https://www.fonterra.com/nz/en/our-stories/media/fonterra-and-future-consumer-limited-jv-to-provide-high-value-dairy-nutrition-in-india.html",
     "article": {
          "url": "https://www.fonterra.com/nz/en/our-stories/media/fonterra-and-future-consumer-limited-jv-to-provide-high-value-dairy-nutrition-in-india.html",
          "title": "Fonterra and Future Consumer Ltd joint venture to provide high value dairy nutrition in India",
          "description": "Fonterra has announced a joint venture partnership with one of India’s largest consumer companies, Future Consumer Ltd, to produce a range of consumer and foodservice dairy products that will help meet the growing demand for high-quality dairy nutrition in India.  ",
          "links": [
               "https://www.fonterra.com/nz/en/our-stories/media/fonterra-and-future-consumer-limited-jv-to-provide-high-value-dairy-nutrition-in-india.html"
          ],
          "image": "https://www.fonterra.com/content/dam/fonterra-public-website/fonterra-new-zealand/placeholder-images/media-release-fonterra-600x450.jpg",
          "content": "\nLukas Paravicini, Fonterra’s Chief Operating Officer Global Consumer and Foodservice, said the partnership, under the name Fonterra Future Dairy Partners, will enable Fonterra to establish a presence in India.\n“It will allow us to prepare the groundwork and make the most of our expertise as we enter the world’s largest and fastest growing dairy industry. Consumer demand for dairy in India over the next seven years is set to increase by 82 billion litres – seven times the forecasted growth for China.\n“The partnership will be driven by growth through profitability. The initial stages of the partnership will focus on product development, and marketing with the right capital investment made during this period. The first consumer products will be launched by the middle of 2019, using both locally sourced milk and dairy products from New Zealand.\n“We will also use this time to settle in the partnership infrastructure, learn the market and prioritise geographies.”\nMr Paravicini, added that the joint venture comes at a time when the Indian dairy industry is transforming itself.\n“This has resulted in a big shift away from more traditional locally-based dairy businesses with limited product and brand differentiation, to a new era where more value-added and innovative dairy products are in high demand across the country,” he said.\nFonterra MD Sri Lanka &amp; Indian Subcontinent, Sunil Sethi, said that India was also witnessing the emergence of new retail organisations like Future Consumer which has a deep understanding of the Indian consumer, the experience of working with international partners, and a nationwide supply chain and retail network.\n“These dynamics have created an opportunity for this partnership, where we will focus on leveraging our global dairy innovation, manufacturing and nutrition expertise,” said Mr Sethi.\nKishore Biyani, Group Chief Executive Officer, Future Group, said the association with Fonterra comes at a time when the dairy industry in India is flourishing.\n“Consumption of milk and other dairy products in India are increasing and will continue to receive strong demand. With Fonterra, Future Consumer will enhance its food and FMCG portfolio and will offer a variety of dairy products which are high in demand and consumed daily.” he said.\nDriving this growth is the country’s young population where 70 per cent of people are below 45 years old. They are digital, live in urban areas, lead an active lifestyle, have more disposable income, and want to consume higher quality and higher nutritional dairy products.\nAshni Biyani, Managing Director of Future Consumer Limited, added: “As a company that stands for FMCG 2.0, Future Consumer is committed to provide not only the best, but the latest in food and other daily consumed products. We are delighted to partner with Fonterra, who globally leads the dairy industry in quality and innovation. Through this partnership, we will be able to reach our customers daily with quality dairy products.”\nFuture Consumer Ltd is part of the Future Group which is leading the way in India by developing a new retail experience for consumers, with plans to launch 1,100 stores this year. The stores will be within close proximity of target consumers, and feature a complete digital experience both in-store and through a virtual market place.\nThe new retail experience will add to Future Group’s existing footprint. Future Group is present in 26 of 31 Indian states with over 2,000 modern trade outlets and 5,000 public distribution outlets and a nationwide cold-chain and ambient distribution network.\n",
          "author": "",
          "favicon": "https://www.fonterra.com/etc/designs/fonterradotcom/favicon.ico",
          "source": "fonterra.com",
          "published": "",
          "ttr": 114
     }
}