{
     "Date": "19/01/2018",
     "Open": "6.5",
     "High": "6.52",
     "Low": "6.48",
     "Close": "6.52",
     "Adj Close": "4.737954",
     "Volume": "360772",
     "Headline": "Fonterra welcomes research findings that milk matters for healthy kiwi kids",
     "link": "https://www.fonterra.com/nz/en/our-stories/media/fonterra-welcomes-research-findings-that-milk-matters-for-healthy-kiwi-kids.html",
     "article": {
          "url": "https://www.fonterra.com/nz/en/our-stories/media/fonterra-welcomes-research-findings-that-milk-matters-for-healthy-kiwi-kids.html",
          "title": "Fonterra welcomes research findings that milk matters for healthy kiwi kids",
          "description": "Fonterra General Manager Nutrition Angela Rowan makes a statement the research conducted by the New Zealand Medical Journal. The findings from the study showed no relationship between full-fat milk consumption and overweight children.",
          "links": [
               "https://www.fonterra.com/nz/en/our-stories/media/fonterra-welcomes-research-findings-that-milk-matters-for-healthy-kiwi-kids.html"
          ],
          "image": "https://www.fonterra.com/content/dam/fonterra-public-website/fonterra-new-zealand/placeholder-images/media-release-fonterra-600x450.jpg",
          "content": "\nThe research, published in the New Zealand Medical Journal, showed 88 per cent of young children in New Zealand regularly consume cow’s milk and there was no relationship between full-fat milk consumption and the risk of children being overweight from drinking it.\nFonterra General Manager Nutrition Angela Rowan said the Co-operative supports the Ministry of Health guidelines which recommend reduced and low fat varieties for those two years and older.\n“It is reassuring to see such a high proportion of young children consuming milk instead of alternatives that do not have the key nutrients that milk provides,” Ms Rowan said.\n",
          "author": "",
          "favicon": "https://www.fonterra.com/etc/designs/fonterradotcom/favicon.ico",
          "source": "fonterra.com",
          "published": "",
          "ttr": 20
     }
}