{
     "Date": "5/05/2021",
     "Open": "4.6",
     "High": "4.6",
     "Low": "4.6",
     "Close": "4.6",
     "Adj Close": "3.52206",
     "Volume": "0",
     "Headline": "Fonterra Co-operative Group Limited (for itself and on behalf of the Fonterra Shareholders Fund) has requested a trading halt this morning to their respective ordinary shares and units on:1. the ASZ; 2. the NZXMain Board; and 3. the Fonterra Shareholder's market",
     "link": "https://www.fonterra.com/sea/en/our-stories/media/fonterra-enters-trading-halt.html",
     "article": {
          "url": "https://www.fonterra.com/sea/en/our-stories/media/fonterra-enters-trading-halt.html",
          "title": "Fonterra enters trading halt",
          "description": "Fonterra Co-operative Group Limited (for itself and on behalf of the Fonterra Shareholders’ Fund) has requested a trading halt this morning to their respective ordinary shares and units.",
          "links": [
               "https://www.fonterra.com/sea/en/our-stories/media/fonterra-enters-trading-halt.html"
          ],
          "image": "https://www.fonterra.com/content/dam/fonterra-public-website/fonterra-new-zealand/placeholder-images/media-release-fonterra-600x450.jpg",
          "content": "\nThe trading halt is effective from when the markets open on Wednesday 5 May, ahead of an announcement that Fonterra is considering making prior to when the market opens on Thursday 6 May in relation to a comprehensive consultation process to seek shareholder feedback on potential options to change its capital structure.\nFollowing tomorrow’s announcement, the trading halt will remain in effect until the market opens on Friday 7 May, to provide Fonterra shareholders and unit holders a full day to review and consider the materials before trading recommences.\nFonterra remains in a strong financial position and the consultation process will not affect the Co-operative’s ability to operate.  \n\nFor further information contact:\nFonterra Communications\n24-hour media line\nPhone: +64 21 507 072\n",
          "author": "",
          "favicon": "https://www.fonterra.com/etc/designs/fonterradotcom/favicon.ico",
          "source": "fonterra.com",
          "published": "",
          "ttr": 25
     }
}