{
     "Date": "18/11/2022",
     "Open": "3.05",
     "High": "3.19",
     "Low": "3.05",
     "Close": "3.16",
     "Adj Close": "2.66802",
     "Volume": "145297",
     "Headline": "Fonterra is pleased to announce the divestment of its Chilean Soprole business. The divestment comprises a number of transactions that result in aggregate consideration of 591.07 billion Chilean Pesos (approximately NZD1.055 billion).",
     "link": "https://www.fonterra.com/sea/en/our-stories/media/fonterra-announces-divestment-of-chile-business.html",
     "article": {
          "url": "https://www.fonterra.com/sea/en/our-stories/media/fonterra-announces-divestment-of-chile-business.html",
          "title": "Fonterra announces divestment of Chile business",
          "description": "Fonterra is pleased to announce the divestment of its Chilean Soprole business. The divestment comprises a number of transactions that result in aggregate consideration of 591.07 billion Chilean Pesos (approximately NZD1.055 billion).",
          "links": [
               "https://www.fonterra.com/sea/en/our-stories/media/fonterra-announces-divestment-of-chile-business.html"
          ],
          "image": "https://www.fonterra.com/content/dam/fonterra-public-website/fonterra-new-zealand/placeholder-images/media-release-fonterra-600x450.jpg",
          "content": "\n“A key pillar of our strategy is to focus on New Zealand milk. Soprole is a very good business but does not rely on New Zealand milk or expertise. We are now at the end of the divestment process and have agreed to sell Soprole to Gloria Foods - JORB S.A. (Gloria Foods).” \nGloria Foods is a consumer dairy market leader in Peru, with operations in Bolivia, Puerto Rico, Argentina, Colombia and Uruguay.  Fonterra and Gloria Foods have a long-standing commercial relationship in South America.\nThe divestment comprises the sale of shares in a Fonterra owned holding company. Proceeds received by Fonterra at completion from the sale of shares will be subject to relevant adjustments including capital gains tax, working capital and net debt adjustments at closing, foreign exchange hedging costs, and other transaction related costs. The aggregate consideration also includes the receipt by Fonterra, prior to completion, of dividends from Soprole and intercompany debt owing to Fonterra, which will be repaid at completion. \nThe divestment is subject to a number of conditions. The material conditions are receipt of regulatory approvals (including from the competition authority in Chile) and commencement of an irrevocable public tender offer process in Chile for the outstanding shares in Soprole not already owned by Fonterra. Satisfaction of conditions is expected to take approximately six months.\nMr Hurrell says that Fonterra has a long history in Chile and is pleased to have reached agreement with Gloria Foods, which also has a proud dairy history in South America. Fonterra is delighted to pass on the Soprole business to a committed new owner with a strong regional focus on growth. Soprole’s success over many years and its market-leading position across a number of dairy categories in Chile, has been built on the dedicated focus of Soprole’s management team and staff, and the support of its supplying farmers.\nFonterra remains committed to targeting a significant capital return to our shareholders and unitholders. The Fonterra Board intends to make a final decision on the amount and timing of any capital return once the sale agreement is unconditional, cash proceeds are received in New Zealand and having regard to other relevant factors including Fonterra’s debt and earnings outlook at such time.\nFonterra’s previously announced FY23 earnings guidance will continue to reflect only the underlying performance of the Soprole business during the pre-completion period. Fonterra will provide an update on the overall impact of its divestment programme as part of its FY23 financial reporting.\nNote: Assumed CLP to NZD foreign exchange rate of 560.\nFor further information contact:\nFonterra Communications\n24-hour media line\nPhone: +64 21 507 072\n",
          "author": "",
          "favicon": "https://www.fonterra.com/etc/designs/fonterradotcom/favicon.ico",
          "source": "fonterra.com",
          "published": "",
          "ttr": 88
     }
}