{
     "Date": "30/08/2018",
     "Open": "5",
     "High": "5.05",
     "Low": "4.98",
     "Close": "5.04",
     "Adj Close": "3.725614",
     "Volume": "1202109",
     "Headline": "Anchor Protein+ a new twist on flavoured milk",
     "link": "https://www.fonterra.com/nz/en/our-stories/media/anchor-protein-a-new-twist-on-flavoured-milk.html",
     "article": {
          "url": "https://www.fonterra.com/nz/en/our-stories/media/anchor-protein-a-new-twist-on-flavoured-milk.html",
          "title": "Anchor Protein+ a new twist on flavoured milk",
          "description": "Anchor Protein+ flavoured milk will hit New Zealand shelves next week, the first time Kiwis have been able to buy a product of its kind in local stores.",
          "links": [
               "https://www.fonterra.com/nz/en/our-stories/media/anchor-protein-a-new-twist-on-flavoured-milk.html"
          ],
          "image": "",
          "content": "\nThe new beverage features 20g of protein per serve and unlike most flavoured milk drinks, contains no added sugar. \nDarren Moffat, Fonterra’s General Manager of Ready-to-Drink Beverages, says Fonterra’s technologists spent two years developing a product that’s highly nutritious, as well as great tasting.\n“Anchor Protein+ flavoured milk is the perfect choice for people wanting a high protein, better-for-you beverage.\n“People are increasingly seeking out nutritious on-the-go snack options, and there’s a growing awareness of the importance of protein. As a result, demand for snacking options with good levels of protein has skyrocketed over recent years,” says Mr Moffat.\nFonterra’s Head of Nutrition Mindy Wigzell says the Anchor Protein+ range provides convenient ways for New Zealanders to consume protein throughout the day.\n“Our bodies need protein every day and getting more than just the minimum requirement is good for optimal health. Research also shows spreading protein intake throughout the day can help our bodies use protein more efficiently,” says Ms Wigzell.\nAs well as being high in protein, Anchor Protein+ flavoured milk has no added sugar.\nIt is the third in a string of beverages released by Fonterra recently with a focus on sugar reduction.\nThe new Primo and Mammoth flavoured milks both contain 40 per cent less added sugar.\nAll three beverages are produced at Apollo’s new plant in Hawke’s Bay which has innovative beverage filling technology.\nAnchor Protein+ flavoured milk comes in three flavours: vanilla, chocolate and mixed berry, all of which are made with real milk and no artificial colours, flavours or preservatives. \n",
          "author": "",
          "favicon": "https://www.fonterra.com/etc/designs/fonterradotcom/favicon.ico",
          "source": "fonterra.com",
          "published": "",
          "ttr": 52
     }
}