{
     "Date": "31/05/2018",
     "Open": "5.14",
     "High": "5.18",
     "Low": "5.14",
     "Close": "5.17",
     "Adj Close": "3.821711",
     "Volume": "399212",
     "Headline": "Fonterra and Lazada join forces to bring dairy goodness online",
     "link": "https://www.fonterra.com/nz/en/our-stories/media/fonterra-and-lazada-join-forces-to-bring-dairy-goodness-online.html",
     "article": {
          "url": "https://www.fonterra.com/nz/en/our-stories/media/fonterra-and-lazada-join-forces-to-bring-dairy-goodness-online.html",
          "title": "Fonterra and Lazada join forces to bring dairy goodness online",
          "description": "New Zealand-based Fonterra, the world’s largest dairy exporter, is bringing its dairy goodness to online consumers in Southeast Asia for the first time through a new partnership with Lazada, the leading online shopping destination in the region. This is Fonterra’s first partnership with an e-commerce company in Southeast Asia and will see the dairy co-operative’s well-loved products, such as Anmum, Fernleaf and Anchor, made available through Lazada to 560 million consumers in six countries – Indonesia, Malaysia, the Philippines, Singapore, Thailand and Vietnam. ",
          "links": [
               "https://www.fonterra.com/nz/en/our-stories/media/fonterra-and-lazada-join-forces-to-bring-dairy-goodness-online.html"
          ],
          "image": "https://www.fonterra.com/content/dam/fonterra-public-website/fonterra-new-zealand/placeholder-images/media-release-fonterra-600x450.jpg",
          "content": "\nThis is Fonterra’s first partnership with an e-commerce company in Southeast Asia and will see the dairy co-operative’s well-loved products, such as Anmum, Fernleaf and Anchor, made available through Lazada to 560 million consumers in six countries – Indonesia, Malaysia, the Philippines, Singapore, Thailand and Vietnam. \nThe collaboration includes an agreement for Lazada to be the exclusive online distributor of Anchor Full Cream Milk Powder in Indonesia, marking Anchor milk’s debut in the market.\nAnindya Dasgupta, Global Chief Marketing and Sales Officer, Fonterra, said, “Our relationship with Lazada is a key milestone in our journey to share the goodness of dairy with more people around the world, and grow dairy consumption across Southeast Asia.\n“Consumers in Southeast Asia are becoming more discerning as their incomes grow, demanding more nutritious and high-quality foods, and using technology more widely in their daily lives. everyday technology use. This means more consumers are shopping online for essentials such as dairy.\n“We are delighted to partner with Lazada to seize opportunities in shifting consumer behaviour and drive greater reach of our dairy nutrition.”\nThe collaborative partnership involves leveraging analytics to better understand consumer insights, test out markets and products most suited for the online environment, and drive new innovations in marketing.\nLazada Group Chief Business Officer, Robin Mah said, “We are thrilled to be the first e-commerce partner in Southeast Asia to Fonterra, a global leader in dairy nutrition. It is a recognition of the consumers in Southeast Asia, the importance of understanding their unique needs and engaging them. It also reflects the trust that brands like Fonterra have in Lazada as the choice platform to build their brand reach, customer engagement, and e-commerce business in the region. \n“We look forward to working closely together to make it simple and convenient for consumers to enjoy Fonterra’s high-quality dairy products and help to meet families’ evolving shopping needs.”\n",
          "author": "",
          "favicon": "https://www.fonterra.com/etc/designs/fonterradotcom/favicon.ico",
          "source": "fonterra.com",
          "published": "",
          "ttr": 63
     }
}