{
     "Date": "17/01/2018",
     "Open": "6.5",
     "High": "6.5",
     "Low": "6.48",
     "Close": "6.5",
     "Adj Close": "4.723421",
     "Volume": "305652",
     "Headline": "Fonterra partners with Alibaba's Hema Fresh to launch fresh milk product into China",
     "link": "https://www.fonterra.com/nz/en/our-stories/media/fonterra-partners-with-alibabas-hema-fresh-to-launch-fresh-milk-product-in-china.html",
     "article": {
          "url": "https://www.fonterra.com/nz/en/our-stories/media/fonterra-partners-with-alibabas-hema-fresh-to-launch-fresh-milk-product-in-china.html",
          "title": "Fonterra partners with Alibaba's Hema Fresh to launch fresh milk product into China",
          "description": "Fonterra has launched a new fresh milk product in China in partnership with Hema Fresh, Alibaba’s innovative new retail concept which combines traditional bricks-and-mortar shopping with a digital experience.",
          "links": [
               "https://www.fonterra.com/nz/en/our-stories/media/fonterra-partners-with-alibabas-hema-fresh-to-launch-fresh-milk-product-in-china.html"
          ],
          "image": "https://www.fonterra.com/content/dam/fonterra-public-website/fonterra-new-zealand/placeholder-images/media-release-fonterra-600x450.jpg",
          "content": "\nThe new Daily Fresh milk range is now available in Hema’s 14 stores in Shanghai and Suzhou in 750mL bottles, sourced directly from Fonterra’s farm hub in Hebei province. The product boasts unique product labels to match each day of the week in order to emphasise freshness, with stock being replenished overnight ready for each new day.\nInitial volumes are currently around three metric tonnes daily, with plans to scale-up over time and expand with the retailer as it rapidly grows its footprint of stores across China.\nPresident of Fonterra Greater China Christina Zhu said this new product delivers to growing domestic demand for higher-quality fresh products, as part of the ‘premiumisation’ of China’s consumer categories.\n“Shoppers here in China are becoming increasingly sophisticated in terms of their tastes and preferences, which are being driven by rising household incomes,” said Ms Zhu. “More than ever before, consumers are consciously seeking products that are fresh, nutritious and safe, and our new product for Hema caters to this.”\nAccording to figures from McKinsey, it is expected that more than 75 per cent of China’s urban consumers will earn RMB 60,000 to 229,000 each year (NZD $13,000 to $49,000) by 2022. This is up from just 4 per cent in the year 2000, prompting a marked shift in consumer behaviour and purchasing power.\nLinked to this trend is the rise of Hema, which emerged on the scene in early 2016. It is a major sign-post of China’s ‘new retail’ trend, which Alibaba founder Jack Ma coined as being the intersection of online and offline shopping, logistics and data.\nAt Hema, consumers can either shop in-store using their mobile phones to browse and purchase, or order online for a 30-minute delivery within a three kilometre radius. Hema then utilises the wealth of data it gathers to provide a tailored, personalised shopping experience for each customer.\nIn addition to the brand new fresh milk range, Anchor UHT milk products and the Anchor Dairy Foods range of butter, cream and cheese items are sold through Hema. The retailer is also a foodservice customer, using Fonterra’s Anchor Food Professionals products in its in-store bakery.\nHema Fresh’s CEO and Founder Hou Yi said he is excited by the strategic co-operation between the two companies.\n“This co-operation between two powerful companies is set to redefine the concept of fresh milk in the new retail era,” said Mr Hou. “As a global leader in the dairy industry, Fonterra is well-known for quality milk pools, world-class breeding techniques and advanced experience in food safety and quality, which matches well with what we advocate.”\nMs Zhu says the new product highlights how Fonterra’s business in China is leveraging the strength of its local milk pool, spread across three farming hubs.\n“No other multinational dairy company in China has a local milk pool to draw from, so we are in an advantageous position,” said Ms Zhu. “This milestone with Hema is a sign of things to come and indicates that our push to shift more of our local milk into higher-yielding consumer and foodservice products is well-and-truly underway.”\n",
          "author": "",
          "favicon": "https://www.fonterra.com/etc/designs/fonterradotcom/favicon.ico",
          "source": "fonterra.com",
          "published": "",
          "ttr": 103
     }
}