{
     "Date": "1/06/2018",
     "Open": "5.2",
     "High": "5.23",
     "Low": "5.2",
     "Close": "5.21",
     "Adj Close": "3.851279",
     "Volume": "630579",
     "Headline": "A classic stands the test of time - Boysenberry Ripple scoops awards again",
     "link": "https://www.fonterra.com/nz/en/our-stories/media/boysenberry-ripple-scoops-awards-again.html",
     "article": {
          "url": "https://www.fonterra.com/nz/en/our-stories/media/boysenberry-ripple-scoops-awards-again.html",
          "title": "A classic stands the test of time - Boysenberry Ripple scoops awards again",
          "description": "It’s an oldie but a goodie – Tip Top’s Boysenberry Ripple has taken out the supreme award at the New Zealand Ice Cream awards for the fourth time. The Kiwi favourite first hit the freezers in the 1960’s and since then has fast become a regular at ice cream scoop parlours and in dessert bowls.  It has consistently been in one of the top selling tubs of ice-cream since then.",
          "links": [
               "https://www.fonterra.com/nz/en/our-stories/media/boysenberry-ripple-scoops-awards-again.html"
          ],
          "image": "https://www.fonterra.com/content/dam/fonterra-public-website/fonterra-new-zealand/placeholder-images/media-release-fonterra-600x450.jpg",
          "content": "\nThe Kiwi favourite first hit the freezers in the 1960’s and since then has fast become a regular at ice cream scoop parlours and in dessert bowls.  It has consistently been in one of the top selling tubs of ice-cream since then.\nIt’s jammed packed with fresh fruit, with over 90 metric tonnes of sun ripened boysenberries from Nelson used in Tip Top’s Boysenberry Ripple and Boysenberry Trumpets, every year.\nTip Top Director Kim Ballinger says the combination of a great team and quality ingredients, including NZ fresh milk and cream, is a winning one. \n“We’re proud that Kiwis continue to love Boysenberry Ripple after more than 50 years. We reckon it brings together the best of NZ.\n“Our ice cream contains great tasting fresh ingredients, and natural colours and flavours. It’s fantastic to see our efforts being recognised for award-winning taste!”\nAnd while classic flavours like Boysenberry Ripple continue to stand the test of time, the team is working hard to come up with new flavours to tempt Kiwi taste buds.\n“We’re flat out testing a range of new varieties for next summer and we think New Zealanders will be as excited as we are about what’s in store.”\nTip Top also won the Best in Category and Gold for its Creamy Vanilla, and Goody Goody Gum Drops and Hokey Pokey were awarded gold medals.\n",
          "author": "",
          "favicon": "https://www.fonterra.com/etc/designs/fonterradotcom/favicon.ico",
          "source": "fonterra.com",
          "published": "",
          "ttr": 46
     }
}