{
     "Date": "17/03/2022",
     "Open": "3.48",
     "High": "3.49",
     "Low": "3.4",
     "Close": "3.4",
     "Adj Close": "2.703387",
     "Volume": "65729",
     "Headline": "Fonterra today announced that its Chief Financial Officer (CFO) Marc Rivers will be leaving the Co-op at the end of 2022 following its Annual Meeting.",
     "link": "https://www.fonterra.com/sea/en/our-stories/media/Fonterras-CFO-Marc-Rivers-to-leave-the-Co-op.html",
     "article": {
          "url": "https://www.fonterra.com/sea/en/our-stories/media/Fonterras-CFO-Marc-Rivers-to-leave-the-Co-op.html",
          "title": "Fonterra’s CFO Marc Rivers to leave the Co-op",
          "description": "Fonterra today announced that its Chief Financial Officer (CFO) Marc Rivers will be leaving the Co-op at the end of 2022 following its Annual Meeting.",
          "links": [
               "https://www.fonterra.com/sea/en/our-stories/media/Fonterras-CFO-Marc-Rivers-to-leave-the-Co-op.html"
          ],
          "image": "https://www.fonterra.com/content/dam/fonterra-public-website/fonterra-new-zealand/placeholder-images/media-release-fonterra-600x450.jpg",
          "content": "\n“It’s been clear from day one that Marc felt a great sense of responsibility to our farmer owners, unit holders and also New Zealand’s economy.\n“Our balance sheet is now in a strong position. We have a long-term strategy with clear targets out to 2030 and our farmer owners have given the green light on our Flexible Shareholding capital structure. Marc has been instrumental in all of these areas.\n“We are moving from reset to a new phase of creating value, and Marc has decided that this is a natural point in time for a move.\n“I would like to thank Marc for his contribution to Fonterra and for his counsel and advice to me, the Fonterra Management Team and our Board.\n“Marc has agreed to stay until our Annual Meeting at the end of the year which will also allow for him to support me in identifying his successor and ensuring a smooth transition and handover.”\nCFO Marc Rivers says his time with Fonterra has been a privilege.\n“I’ve learned a lot and also had the opportunity to be a meaningful part of the lives of many people across our Co-op.\n“We have worked together to rebuild the health and wellbeing of Fonterra and I look forward to seeing the goodness the Co-op creates over the coming years.”\nA search for a new CFO will begin shortly.\n",
          "author": "",
          "favicon": "https://www.fonterra.com/etc/designs/fonterradotcom/favicon.ico",
          "source": "fonterra.com",
          "published": "",
          "ttr": 46
     }
}