{
     "Date": "26/09/2019",
     "Open": "3.25",
     "High": "3.51",
     "Low": "3.25",
     "Close": "3.5",
     "Adj Close": "2.587232",
     "Volume": "616501",
     "Headline": "Fonterra announces consolidation of specialty cheese making facilities",
     "link": "https://www.fonterra.com/nz/en/our-stories/media/fonterra-announces-consolidation-of-specialty-cheese-making-facilities.html",
     "article": {
          "url": "https://www.fonterra.com/nz/en/our-stories/media/fonterra-announces-consolidation-of-specialty-cheese-making-facilities.html",
          "title": "Fonterra announces consolidation of specialty cheese making facilities",
          "description": "Fonterra has today announced plans to consolidate its specialty cheese making facilities, resulting in the closure of its Te Roto factory.",
          "links": [
               "https://www.fonterra.com/nz/en/our-stories/media/fonterra-announces-consolidation-of-specialty-cheese-making-facilities.html"
          ],
          "image": "",
          "content": "\nCurrently the Co-operative has two specialty cheese manufacturing sites operated by Fonterra Brands New Zealand (FBNZ) - one in Te Roto and the other in Bridge Street, Eltham. The planned consolidation will see operations move to Eltham.\nBrett Henshaw, Managing Director FBNZ, says today’s announcement is very tough, but necessary.\n“We owe it to our farmer shareholders and unit holders to get the best returns we can for them, and having two specialty cheese plants means there’s duplication of costs.\n“The specialty cheese business has been losing money in having to run the two sites. This change will consolidate costs and make it sustainable to continue in the category.\n“Our priority right now is looking after our people at Te Roto and working through what this announcement means for them.\n“This includes looking at redeployment options to our Bridge Street site, as 34 new jobs will be created in Eltham as a result of the planned consolidation. In addition, we will be supporting staff to explore other opportunities at other Fonterra sites.”\nThere are currently 65 employees working at Fonterra’s Te Roto site.\nThe phased transition of the speciality cheese making operations to Eltham Bridget Street is planned to be completed by the end of April 2020. \n",
          "author": "",
          "favicon": "https://www.fonterra.com/etc/designs/fonterradotcom/favicon.ico",
          "source": "fonterra.com",
          "published": "",
          "ttr": 42
     }
}