{
     "Date": "9/01/2019",
     "Open": "4.71",
     "High": "4.79",
     "Low": "4.71",
     "Close": "4.77",
     "Adj Close": "3.526027",
     "Volume": "521736",
     "Headline": "Fonterra's Farm Source to sell livestock division to Carrfields Livestock",
     "link": "https://www.fonterra.com/nz/en/our-stories/media/fonterras-farm-source-to-sell-livestock-division-to-carrfields-livestock.html",
     "article": {
          "url": "https://www.fonterra.com/nz/en/our-stories/media/fonterras-farm-source-to-sell-livestock-division-to-carrfields-livestock.html",
          "title": "Fonterra's Farm Source™  to sell livestock division to Carrfields Livestock",
          "description": "Fonterra has today announced that it will sell the Farm Source™ livestock division to Carrfields Livestock – an established livestock agency provider.",
          "links": [
               "https://www.fonterra.com/nz/en/our-stories/media/fonterras-farm-source-to-sell-livestock-division-to-carrfields-livestock.html"
          ],
          "image": "https://www.fonterra.com/content/dam/fonterra-public-website/fonterra-new-zealand/placeholder-images/media-release-fonterra-600x450.jpg",
          "content": "\nRichard Allen, Farm Source™ Stores Director, says the decision to sell was made in the context of a larger review underway within the Co-op.\n“In the context of the review of the Co-op’s assets and investments, we have made the decision to sell the livestock division to Carrfields Livestock. This will better serve the livestock team and the farms they service.\n“While Farm Source’s livestock division has contributed positive returns since inception, we believe the investment required to maintain and grow this division can be more effectively targeted towards improving core areas of the Farm Source™ business,” says Mr Allen.\nFarm Source™ is working with Carrfields to develop a range of partnership offerings to ensure a positive connection and competitive offer remains for Fonterra farmers.\n\nCraig Carr, Carrfields Group Managing Director, says this acquisition is both exciting and a strategic opportunity for Carrfields Livestock to fill gaps in their current national network.\n\n“This acquisition will take the Carrfields Livestock team to over 150 livestock agents spread right across the country. This strategic partnership will offer Farm Source™ clients and Fonterra farmer owners access to a nationwide agent and sale yard network provided by a New Zealand family-owned business,” says Mr Carr.\n\nFarm Source™ and Carrfields Livestock are committed to ensuring a smooth transfer of employees and clients, minimising any disruption to the business with Carrfields Livestock’s ownership commencing 1 March 2019. For a small number of employees who will not have the option to transition to Carrfields Livestock, Farm Source™ will support them in identifying new opportunities within the Co-op.\n",
          "author": "",
          "favicon": "https://www.fonterra.com/etc/designs/fonterradotcom/favicon.ico",
          "source": "fonterra.com",
          "published": "",
          "ttr": 52
     }
}