{
     "Date": "23/05/2018",
     "Open": "5.67",
     "High": "5.67",
     "Low": "5.34",
     "Close": "5.35",
     "Adj Close": "3.954769",
     "Volume": "3421874",
     "Headline": "Fonterra announces strong forecast Farmgate Milk Price for 2018/19 season",
     "link": "https://www.fonterra.com/nz/en/our-stories/media/fonterra-announces-strong-forecast-farmgate-milk-price-for-1819-season.html",
     "article": {
          "url": "https://www.fonterra.com/nz/en/our-stories/media/fonterra-announces-strong-forecast-farmgate-milk-price-for-1819-season.html",
          "title": "Fonterra announces strong forecast Farmgate Milk Price for 2018/19 season",
          "description": "Fonterra Co-operative Group Limited today announced an opening forecast Farmgate Milk Price of $7.00 per kgMS for the 2018/19 season. ",
          "links": [
               "https://www.fonterra.com/nz/en/our-stories/media/fonterra-announces-strong-forecast-farmgate-milk-price-for-1819-season.html"
          ],
          "image": "https://www.fonterra.com/content/dam/fonterra-public-website/fonterra-new-zealand/placeholder-images/media-release-fonterra-600x450.jpg",
          "content": "\nChairman John Wilson said the strong opening milk price would be very welcome news for the Co-operative’s farmers as they look ahead to the new season.\n“What we are seeing is a continued positive global supply and demand picture which gives us the confidence to increase our current forecast Farmgate Milk Price into the new season.\n“Demand is expected to remain strong – especially from China and for butter and AMF. We are expecting the global dairy market’s current prices, especially for fats, to continue throughout the new season.\n“We are also forecasting our New Zealand 2018/19 milk collections to be 1,525 million kgMS, a 1.5 per cent increase on our current forecast for this season, and we expect to see a lift in supply from the EU, US, Australia and Argentina.\n“We will announce our forecast earnings per share for the 2019 financial year in July as normal. This, along with our forecast Farmgate Milk Price, comprises the total available for payout to our farmers.”\nFonterra is required under the Dairy Industry Restructuring Act to announce its forecast Milk Price at the beginning of each season, which starts on 1 June. \n",
          "author": "",
          "favicon": "https://www.fonterra.com/etc/designs/fonterradotcom/favicon.ico",
          "source": "fonterra.com",
          "published": "",
          "ttr": 39
     }
}