{
     "Date": "14/09/2018",
     "Open": "5",
     "High": "5",
     "Low": "4.98",
     "Close": "4.99",
     "Adj Close": "3.688653",
     "Volume": "373260",
     "Headline": "Fonterra announces Managing Director Fonterra Brands NZ",
     "link": "https://www.fonterra.com/nz/en/our-stories/media/fonterra-announces-managing-director-fonterra-brand-nz.html",
     "article": {
          "url": "https://www.fonterra.com/nz/en/our-stories/media/fonterra-announces-managing-director-fonterra-brand-nz.html",
          "title": "Fonterra announces Managing Director Fonterra Brands NZ",
          "description": "Fonterra is pleased to welcome Brett Henshaw to the Co-operative as Managing Director, Fonterra Brands, New Zealand (FBNZ).",
          "links": [
               "https://www.fonterra.com/nz/en/our-stories/media/fonterra-announces-managing-director-fonterra-brand-nz.html"
          ],
          "image": "https://www.fonterra.com/content/dam/fonterra-public-website/fonterra-new-zealand/placeholder-images/media-release-fonterra-600x450.jpg",
          "content": "\nBrett is currently Managing Director of The Griffin’s Food Company and he will take up his role with Fonterra in the first week of December.\nFonterra Chief Operating Officer, Global Consumer &amp; Foodservice, Lukas Paravicini, says “we are excited about Brett joining the team. He has an extensive 30-year career in FMCG and we are pleased he is coming on board. \n“Along with his time in New Zealand, Brett has also worked in Sydney, Singapore, New York and the UK, and he has a deep understanding of consumers, their needs and how to deliver on those needs.”\n“Brett has a strong commercial and strategic focus as well as end-to-end experience across the supply chain, including manufacturing and operations.  He is also recognised for the emphasis he places on people – a culture of mentoring, development, teamwork and open communication is important to him,” says Mr. Paravicini.\nBrett says “I’m really looking forward to taking up this key leadership role in Fonterra Brands and working with the broader Fonterra team, and our customers right across the country.”\n“As a Kiwi, who has worked overseas for many years prior to joining Griffin’s, I am delighted to have the opportunity to work with the Fonterra Brands team on some of New Zealand’s most loved brands.”\nBrett has previously held brand positions with Unilever, and a number of senior marketing roles with Colgate-Palmolive worldwide. This included Regional General Management roles in Australasia and in Asia, where he was responsible for eleven countries. He was appointed Chief Marketing Officer for The Griffin’s Food Company in 2015, and became Managing Director in 2016.\n",
          "author": "",
          "favicon": "https://www.fonterra.com/etc/designs/fonterradotcom/favicon.ico",
          "source": "fonterra.com",
          "published": "",
          "ttr": 54
     }
}