{
     "Date": "2/03/2018",
     "Open": "5.99",
     "High": "5.99",
     "Low": "5.94",
     "Close": "5.96",
     "Adj Close": "4.331013",
     "Volume": "486188",
     "Headline": "Fonterra Ventures partners with high growth active nutrition start-up",
     "link": "https://www.fonterra.com/nz/en/our-stories/media/fonterra-ventures-partners-with-high-growth-active-nutrition-start-up.html",
     "article": {
          "url": "https://www.fonterra.com/nz/en/our-stories/media/fonterra-ventures-partners-with-high-growth-active-nutrition-start-up.html",
          "title": "Fonterra Ventures partners with high growth active nutrition start-up",
          "description": "Fonterra's partnership with foodspring® promises growth opportunities through the active nutrition industry. Read more about Fonterra Ventures, foodspring, and the excitement behind the deal for both groups.",
          "links": [
               "https://www.fonterra.com/nz/en/our-stories/media/fonterra-ventures-partners-with-high-growth-active-nutrition-start-up.html"
          ],
          "image": "https://www.fonterra.com/content/dam/fonterra-public-website/fonterra-new-zealand/placeholder-images/media-release-fonterra-600x450.jpg",
          "content": "\nJudith Swales, Fonterra’s Chief Operating Officer, Velocity and Innovation says the deal creates a range of exciting new business and market development opportunities for the Co-operative.\n“Fonterra is a global leader in protein and high value, advanced ingredients, so it’s only right we should strive to be at the forefront of the active nutrition market. The strategic partnership with foodspring® will accelerate our progress in the category by giving us direct access to a new consumer segment. This investment is a first for Fonterra and supports our strategy to grow in high value categories.\n“foodspring®’s impressive growth trajectory is supported by its strong direct to consumer channel and digital nutrition and wellbeing coach. By leveraging this technology and innovative business model, we’ll be able to share the goodness of dairy with more consumers around the world,” Judith added.\nFounded by Philipp Schrempp and Tobias Schüle, foodspring® is a high growth, active nutrition Berlin based start-up. From whey protein shakes to organic superfoods, foodspring® has a strong brand and product portfolio across the healthy eating, weight management and muscle-building categories targeting the consumer’s mind, body and soul. Their products are sold online across Europe and Asia.\n“We are pleased to have gained the support of one of the largest and most innovative dairy companies, which is very aligned to our business. We look forward to welcoming Fonterra Ventures on board and the synergies we can capture from our partnership,” says Tobias Schüle, CEO and Co-Founder, foodspring®.\nAs for the future, Komal Mistry, General Manager Fonterra Ventures says “our partnership with foodspring® is just the beginning. Fonterra Ventures has an exciting vision, and we’re excited to be teaming up with start-ups like foodspring® at the forefront of new models in nutrition globally.”\nGermany-based Goodminton AG, is a venture capital-backed holding company that specialises in sports and lifestyle nutrition brands, operating primarily through one of its group companies, foodspring®.\nCompletion of the investment is subject to regulatory approval by the German Federal Cartel Office.\nAbout Fonterra Ventures\nFonterra Ventures (www.fonterraventures.com) is part of Fonterra Co-operative Group, and is responsible for developing new business models, and engaging, collaborating and exploring business opportunities with innovative start-ups. Launched in 2016, the team helps Fonterra define the future of dairy by embracing and adopting disruptive innovation and end-to-end business models to build new, sustainable revenue streams for the Co-operative. It has launched a number of ventures and embarked on its first strategic partnership with sports nutrition start-up foodspring®.\nAbout foodspring®\nfoodspring® (www.foodspring.co.uk) is Germany’s fastest-growing food start-up with an international team of 100 employees and a large R&amp;D department. The Berlin-based company was founded in 2013 by Tobias Schüle and Philipp Schrempp alongside their co-founding partner ECONA AG. Being pioneers in making functional food accessible to everyone, foodspring’s nutrition solutions are the key to a fitter, happier and more productive life: strengthen the body, sharpen one’s mind and balance the soul.\nHigh-quality ingredients, great taste and convenience go hand in hand with foodspring’s customer-focused always-there-to-support philosophy. Today, foodspring® provides 17 countries worldwide with premium functional food: Germany, Austria, Switzerland, France, Spain, Italy, Poland, Belgium, Netherlands, Denmark, Finland, Sweden, Italy, Spain, Hong Kong, China and the United Kingdom.\n",
          "author": "",
          "favicon": "https://www.fonterra.com/etc/designs/fonterradotcom/favicon.ico",
          "source": "fonterra.com",
          "published": "",
          "ttr": 106
     }
}