{
     "Date": "22/01/2018",
     "Open": "6.49",
     "High": "6.5",
     "Low": "6.47",
     "Close": "6.47",
     "Adj Close": "4.70162",
     "Volume": "50138",
     "Headline": "Fonterra responds to Beingmate's forecast earnings downgrade",
     "link": "https://www.fonterra.com/nz/en/our-stories/media/fonterra-responds-to-beingmates-forecast-earnings-downgrade.html",
     "article": {
          "url": "https://www.fonterra.com/nz/en/our-stories/media/fonterra-responds-to-beingmates-forecast-earnings-downgrade.html",
          "title": "Fonterra responds to Beingmate's forecast earnings downgrade",
          "description": "Fonterra's statement on Beingmade's forecast earnings downgrade and how Fonterra will be conducting the partnership moving forward.",
          "links": [
               "https://www.fonterra.com/nz/en/our-stories/media/fonterra-responds-to-beingmates-forecast-earnings-downgrade.html"
          ],
          "image": "https://www.fonterra.com/content/dam/fonterra-public-website/fonterra-new-zealand/placeholder-images/media-release-fonterra-600x450.jpg",
          "content": "\nAs an investor in Beingmate (18.8 per cent shareholding), we are extremely disappointed by this announcement and the on-going performance of the company. We are seeking more information on the forecast downgrade in addition to receiving Beingmate’s full year financial statements. We will consider the financial implications on our investment for the purposes of our upcoming interim financial results.\nWe are also aware that as part of this announcement, four Beingmate directors, including the two directors designated by Fonterra, have expressed reservations relating to some aspects of Beingmate’s financial management and reporting practices.\nWe have total confidence in the judgement of our designated directors (Johan Priem and Christina Zhu) and that their actions are in the best interests of Beingmate and all of its shareholders. We are concerned about the reservations they have expressed and are seeking clarification on the matters of concern.\nDespite Beingmate’s recent performance, the strategic rationale for our broader partnership with Beingmate still stands. We are disappointed that Beingmate is not maximising the opportunity created by the early registration of its 51 formulations under the new registration rules. The Chinese market is growing rapidly and within five years, forecast demand for infant and baby dairy products will be more than the total for other global markets, so the potential remains.\nChina is one of Fonterra’s largest global markets, accounting for NZ$3.4 billion of our sales revenue and a normalised earnings contribution of greater than NZ$200 million in FY17. Our business in China has been enabled by our integrated strategy, comprising of Ingredients, Consumer and Foodservice, our China farms and our Beingmate partnership.\n",
          "author": "",
          "favicon": "https://www.fonterra.com/etc/designs/fonterradotcom/favicon.ico",
          "source": "fonterra.com",
          "published": "",
          "ttr": 54
     }
}