{
     "Date": "19/12/2019",
     "Open": "4.05",
     "High": "4.06",
     "Low": "4.02",
     "Close": "4.05",
     "Adj Close": "2.993797",
     "Volume": "158924",
     "Headline": "Fonterra appoints interim CEO Greater China",
     "link": "https://www.fonterra.com/nz/en/our-stories/media/fonterra-appoints-interim-ceo-greater-china.html",
     "article": {
          "url": "https://www.fonterra.com/nz/en/our-stories/media/fonterra-appoints-interim-ceo-greater-china.html",
          "title": "Fonterra appoints interim CEO Greater China",
          "description": "Fonterra CEO Miles Hurrell says the creation of this new role on the Fonterra Management Team reflects the importance of the China market to the Co-op and it will sit alongside the other regional CEO roles...",
          "links": [
               "https://www.fonterra.com/nz/en/our-stories/media/fonterra-appoints-interim-ceo-greater-china.html"
          ],
          "image": "",
          "content": "\nFonterra CEO Miles Hurrell says the creation of this new role on the Fonterra Management Team reflects the importance of the China market to the Co-op and it will sit alongside the other regional CEO roles for AMENA, Kelvin Wickham, and APAC, Judith Swales.\n“Teh-han, who is currently our President NZMP for Greater China and South East Asia, has agreed to take on this responsibility in an interim capacity while we work through the recruitment process for a permanent CEO Greater China.\n“Teh-han is a proven food sector executive, with extensive experience leading large organisations across Consumer and Ingredients businesses. During his time at Fonterra he’s demonstrated his ability to grow a business by putting customers front and centre, which is exactly what our new operating model is about.”\nBefore joining Fonterra in 2015, Teh-han was the CEO of Louis Dreyfus in China, a leading merchant and processor of agricultural goods. He was also Managing Director Greater China for Simplot, a food and agribusiness company.\n",
          "author": "",
          "favicon": "https://www.fonterra.com/etc/designs/fonterradotcom/favicon.ico",
          "source": "fonterra.com",
          "published": "",
          "ttr": 33
     }
}