{
     "Date": "18/07/2019",
     "Open": "3.92",
     "High": "3.92",
     "Low": "3.85",
     "Close": "3.85",
     "Adj Close": "2.845955",
     "Volume": "21004",
     "Headline": "No new coal boilers for Fonterra",
     "link": "https://www.fonterra.com/nz/en/our-stories/media/no-new-coal-boilers-for-fonterra.html",
     "article": {
          "url": "https://www.fonterra.com/nz/en/our-stories/media/no-new-coal-boilers-for-fonterra.html",
          "title": "No new coal boilers for Fonterra",
          "description": "This commitment is the latest in a series of targets the Co-operative has set as it looks to embed sustainability at the heart of everything it does. These targets include:  Reducing emissions by 30% across...",
          "links": [
               "https://www.fonterra.com/nz/en/our-stories/media/no-new-coal-boilers-for-fonterra.html"
          ],
          "image": "",
          "content": "\nThis commitment is the latest in a series of targets the Co-operative has set as it looks to embed sustainability at the heart of everything it does.\nThese targets include:\n\nReducing emissions by 30% across all its manufacturing operations by 2030 and achieving net zero by 2050;\nReducing water use by 20% across manufacturing sites by 2020;\nA tailored Farm Environment Plan for every Fonterra farmer by 2025;\n100% recyclable, reusable and compostable packaging by 2025;\nPowering its Stirling site in Otago with electricity rather than coal.\n\nRobert Spurway, Chief Operating Officer for Global Operations, says that from today Fonterra has put a stop to installing any new coal boilers or increasing capacity to burn coal.\n“One of the emerging themes in our strategy review is that sustainability will be at the heart of everything we do. As part of this, we want to step up our efforts to help New Zealand transition to a zero-carbon economy,” says Mr Spurway.\n“Our farmer owners are already some of the most efficient producers of milk in the world. We need to match them in making sure our manufacturing operations and wider supply chain are as efficient as possible.”\nMr Spurway says getting out of coal is not as easy as flicking a switch.\n“Transitioning Fonterra’s sites away from coal requires a staged approach. We’re determined to go as fast as we can but there are a number of practical challenges we have to overcome.\n“For example, right now New Zealand’s energy infrastructure in some parts of the country simply isn’t set up to handle our requirements. Either there aren’t alternatives to coal available or, if there are, they are not at the scale needed.\n“There are also cost challenges. Transitioning to cleaner fuels will require additional investment and we need to balance this with remaining competitive. It’s right to take a staged approach.\n“We know we can’t do it alone,” says Mr Spurway. “More can be achieved through partnerships and business working together, like the Climate Leaders Coalition and Sustainable Business Council, to find ways to achieve a zero-carbon economy.”\nFonterra’s manufacturing operations are on track to meet its targets to reduce emissions by 30% across all its operations by 2030 and achieve net zero by 2050.\nFonterra has 32 manufacturing sites across the country, of which about 40% of its current processing energy is from coal. The rest is from natural gas, electricity and wood.\n",
          "author": "",
          "favicon": "https://www.fonterra.com/etc/designs/fonterradotcom/favicon.ico",
          "source": "fonterra.com",
          "published": "",
          "ttr": 81
     }
}