{
     "Date": "1/06/2018",
     "Open": "5.2",
     "High": "5.23",
     "Low": "5.2",
     "Close": "5.21",
     "Adj Close": "3.851279",
     "Volume": "630579",
     "Headline": "It's world milk day!",
     "link": "https://www.fonterra.com/nz/en/our-stories/media/its-world-milk-day.html",
     "article": {
          "url": "https://www.fonterra.com/nz/en/our-stories/media/its-world-milk-day.html",
          "title": "It's world milk day!",
          "description": "Today is World Milk Day, a day created by the United Nations to recognise the importance of milk as a global food. It’s also a good day to reflect on both the nutritional and economic value our New Zealand dairy farmers are creating every day.",
          "links": [
               "https://www.fonterra.com/nz/en/our-stories/media/its-world-milk-day.html"
          ],
          "image": "https://www.fonterra.com/content/dam/fonterra-public-website/fonterra-new-zealand/placeholder-images/media-release-fonterra-600x450.jpg",
          "content": "\nIt’s also a good day to reflect on both the nutritional and economic value our New Zealand dairy farmers are creating every day.\nMindy Wigzell, Fonterra’s Head of Nutrition, says dairy is an important source of nutrition for people all around the world. In fact, 1 billion people enjoy Fonterra dairy products globally.\nHere are some top facts about dairy in New Zealand:\n\nNew Zealanders consume 400 million litres of milk each year\n190 two litre bottles of milk are sold every minute in New Zealand supermarkets\nNew Zealand has the 3rd highest consumption of fresh white milk per capita in the world\nOut of all the flavoured milks, chocolate is the most popular by far\nTip Top uses 60,000 litres of fresh milk every week to make their delicious ice cream\nWorldwide, there are more than 40,000 different varieties of ice-cream\nIt takes 10 litres of milk to make a 500-gram block of butter\nCream sales increase nearly 200% each December – it’s a must for the Christmas pav!\nMainland Tasty Cheese is the #1 selling cheese in New Zealand.\n\nMs Wigzell says milk is much more than just a drink as it contains such a large range of naturally occurring nutrients including high quality protein, calcium, niacin, riboflavin, vitamin B12, potassium and phosphorus.\nDairy contributes $12 billion to New Zealand’s economy each year. It directly employs more than 40,000 people across the country and plays a big part in New Zealand’s rural economies and communities.\nRaise a glass!\nFind out more about World Milk Day here: https://worldmilkday.org/\n",
          "author": "",
          "favicon": "https://www.fonterra.com/etc/designs/fonterradotcom/favicon.ico",
          "source": "fonterra.com",
          "published": "",
          "ttr": 52
     }
}