{
     "Date": "7/08/2019",
     "Open": "3.75",
     "High": "3.79",
     "Low": "3.73",
     "Close": "3.78",
     "Adj Close": "2.79421",
     "Volume": "383542",
     "Headline": "Fonterra announces intention to reduce Beingmate shareholding",
     "link": "https://www.fonterra.com/nz/en/our-stories/media/fonterra-announces-intention-to-reduce-beingmate-shareholding.html",
     "article": {
          "url": "https://www.fonterra.com/nz/en/our-stories/media/fonterra-announces-intention-to-reduce-beingmate-shareholding.html",
          "title": "Fonterra announces intention to reduce Beingmate shareholding",
          "description": "Fonterra has announced its intention to sell a portion of its stake in Beingmate Baby & Child Food Company Ltd, which is currently a shareholding of 18.8 per cent.",
          "links": [
               "https://www.fonterra.com/nz/en/our-stories/media/fonterra-announces-intention-to-reduce-beingmate-shareholding.html"
          ],
          "image": "https://www.fonterra.com/content/dam/fonterra-public-website/fonterra-new-zealand/placeholder-images/media-release-fonterra-600x450.jpg",
          "content": "\nChief Executive Miles Hurrell says this decision is part of Fonterra’s three-point plan to turn around the business.\n“One aspect of this plan was to take stock of our business. As part of this, we have re-evaluated every investment, major asset and partnership to ensure they still meet the co-operative’s needs today.\n“This started with a strategic review of our relationship with Beingmate, which has been disappointing.\n“The first action in this review was bringing the distribution of Anmum in China back in-house under our management. \n“We then ended the Darnum joint venture with Beingmate, bought back Beingmate’s share of our Darnum facility in Australia, and entered into a multi-year agreement for Beingmate to purchase ingredients from us.\n“What remains is our shareholding in Beingmate Baby &amp; Child Food Co., which we now view as a financial investment only.\n“We have talked to a number of parties regarding the potential sale of our entire stake in Beingmate, but so far have been unsuccessful in finding a buyer.\n“As a result of this, we are now considering selling part of our holding and, as required by local listing rules, need to pre-announce our intention.”\nSubject to demand for the shares, under the Shenzhen Stock Exchange market rules it is only possible to sell up to 1% every 90 days directly on the exchange, or sell up to 2% in a single block every 90 days. Trades greater than 5% can be made to an individual party in an off-market transaction.\n“From here, it’s about making pragmatic decisions to get the best outcome for the Co-op from our holding in Beingmate,” says Mr Hurrell.\n“China will always be one of our most important markets. We’ve got a strong business there and are still very much focused on the areas in China where we can succeed.”\n",
          "author": "",
          "favicon": "https://www.fonterra.com/etc/designs/fonterradotcom/favicon.ico",
          "source": "fonterra.com",
          "published": "",
          "ttr": 61
     }
}