{
     "Date": "26/04/2018",
     "Open": "5.73",
     "High": "5.74",
     "Low": "5.72",
     "Close": "5.73",
     "Adj Close": "4.235668",
     "Volume": "80757",
     "Headline": "Fonterra Grass Roots Fund helps support kids living with hearing loss",
     "link": "https://www.fonterra.com/nz/en/our-stories/media/fonterra-grass-roots-fund-helps-support-kids-living-with-hearing-loss.html",
     "article": {
          "url": "https://www.fonterra.com/nz/en/our-stories/media/fonterra-grass-roots-fund-helps-support-kids-living-with-hearing-loss.html",
          "title": "Fonterra Grass Roots Fund helps support kids living with hearing loss",
          "description": "Hearing Dogs NZ will be able to train more companion dogs for Auckland children living with hearingloss after receiving a grant from the Fonterra Grass Roots Fund.",
          "links": [
               "https://www.fonterra.com/nz/en/our-stories/media/fonterra-grass-roots-fund-helps-support-kids-living-with-hearing-loss.html"
          ],
          "image": "",
          "content": "\nThe charity will use the grant to help with the purchase, training and equipment costs of companion dogs which assist hearing impaired children with their day-to- day lives.\nThe group is just one of many to benefit from between $500 - $5000 thanks to the latest round of grass roots funding.\nHalo Charitable Trust and TKKM o Te Matai were also among the recipients. Halo Trust operates a food rescue program in partnership with Countdown Supermarket in Taupo. They will use their grant to purchase storage bins which will help them transfer leftover food from the supermarket to families in need.\nThe Upper Selwyn River Restoration Group has received grant to plant more than 1000 native trees and bushes along the Upper Selwyn River.\nA total of 1700 community groups and organisations across New Zealand have been supported by the Fonterra Grass Roots Fund since 2013.\nFonterra’s Global Sponsorship Manager Kane Silcock says the fund supports initiatives that enrich people’s lives and benefit their community. “It’s our way of supporting projects and ideas that bring our communities together and make them better, safer, more vibrant places to be, it’s a way to say thanks to the people of New Zealand.”\nThose who wish to apply for a grant can do so anytime online. Applications are considered twice a year by Fonterra Grass Roots Fund committee. The committee is made up of Fonterra farmers and staff, and other community representatives.\nLearn more about Fonterra Grass Roots Fund, or view full list of Fonterra Grass Roots Fund recipients below.\n",
          "author": "",
          "favicon": "https://www.fonterra.com/etc/designs/fonterradotcom/favicon.ico",
          "source": "fonterra.com",
          "published": "",
          "ttr": 52
     }
}