{
     "Date": "23/02/2023",
     "Open": "3.15",
     "High": "3.15",
     "Low": "3.1",
     "Close": "3.1",
     "Adj Close": "2.617361",
     "Volume": "39554",
     "Headline": "Fonterra has today provided an update on the sale of its Chilean Soprole business to Gloria Foods - JORB S.A. (Gloria Foods).",
     "link": "https://www.fonterra.com/sea/en/our-stories/media/fonterra-revises-fy23-forecast-farmgate-milk-price-and-collections.html",
     "article": {
          "url": "https://www.fonterra.com/sea/en/our-stories/media/fonterra-revises-fy23-forecast-farmgate-milk-price-and-collections.html",
          "title": "Fonterra revises FY23 forecast Farmgate Milk Price and collections",
          "description": "Fonterra Co-operative Group Ltd today reduced and narrowed its 2022/23 season forecast Farmgate Milk Price range from $8.50 - $9.50 per kgMS, with a midpoint of $9.00, to NZ$8.20 - $8.80 per kgMS, with a midpoint of $8.50.",
          "links": [
               "https://www.fonterra.com/sea/en/our-stories/media/fonterra-revises-fy23-forecast-farmgate-milk-price-and-collections.html"
          ],
          "image": "https://www.fonterra.com/content/dam/fonterra-public-website/fonterra-new-zealand/placeholder-images/media-release-fonterra-600x450.jpg",
          "content": "\nFonterra CEO Miles Hurrell says the revised forecast Farmgate Milk Price range reflects softened demand at a time of balanced supply.  \n“Demand for Whole Milk Powder, particularly from Greater China, has been soft with prices down around 5% since the beginning of December. \n“While we are encouraged by recent increased buying behaviour from China, it is too soon to determine the extent of the impact this may have on the rest of the season. We also remain cautious given a soft economic growth outlook in many regions globally.  \n“Looking at milk production, while Fonterra’s collections for the season are up on this time last year, cyclone Gabrielle and dry conditions in the South Island have impacted the Co-op’s full season expectations. \n“Globally, milk supply from key exporting regions is balanced. Production from Europe and the US is up on last year, but this is partly offset by lower collections in New Zealand, Australia and Latin America.  \n“The medium to long term outlook for dairy, in particular New Zealand dairy, looks positive. We are assessing our position for next season and will provide our opening forecast in May,” says Mr Hurrell.\nFor further information contact:\nFonterra Communications\nPhone: +64 21 507 072\n",
          "author": "",
          "favicon": "https://www.fonterra.com/etc/designs/fonterradotcom/favicon.ico",
          "source": "fonterra.com",
          "published": "",
          "ttr": 41
     }
}