{
     "Date": "10/10/2018",
     "Open": "4.73",
     "High": "4.74",
     "Low": "4.6",
     "Close": "4.62",
     "Adj Close": "3.415146",
     "Volume": "813945",
     "Headline": "Fonterra revises 2018/2019 forecast Farmgate Milk Price",
     "link": "https://www.fonterra.com/nz/en/our-stories/media/fonterra-revises-2018-19-forecast-farmgate-milk-price1.html",
     "article": {
          "url": "https://www.fonterra.com/nz/en/our-stories/media/fonterra-revises-2018-19-forecast-farmgate-milk-price1.html",
          "title": "Fonterra revises 2018/2019 forecast Farmgate Milk Price",
          "description": "Fonterra Co-operative Group Limited today revised its 2018/19 forecast Farmgate Milk Price from $6.75 per kgMS to a range of $6.25-$6.50 per kgMS and increased its forecast New Zealand milk collection volumes by 1.3 per cent to 1,550 million kgMS.",
          "links": [
               "https://www.fonterra.com/nz/en/our-stories/media/fonterra-revises-2018-19-forecast-farmgate-milk-price1.html"
          ],
          "image": "https://www.fonterra.com/content/dam/fonterra-public-website/fonterra-new-zealand/placeholder-images/media-release-fonterra-600x450.jpg",
          "content": "\nFonterra Chief Executive, Miles Hurrell, says the change in the forecast Farmgate Milk Price was due to a stronger global milk supply relative to demand at this time.\n“I know how hard it is for farmers when the forecast Farmgate Milk Price drops, but it’s important they have the most up to date picture so they can make the best decisions for their farming businesses.\n\n“We are still seeing strong production coming from Europe, US and Argentina. While the hot weather in Europe has slowed down the region’s production growth, it is still tracking ahead of last year. US milk production is up slightly and Argentina’s is up 6.8%.\n“Here in New Zealand, the season has got off to a positive start, mainly thanks to good weather and early calving in the South Island. As a result, we have increased our forecast milk collections for the year to 1,550 million kgMS – up from 1,525 million kgMS.\nMr Hurrell says that global demand is simply not matching current increases in supply.\n“At recent Global Dairy Trade (GDT) events, prices for all products that make up the milk price have fallen. Demand for WMP, in particular, continues to grow in China, and it remains strong across South East Asia, but it simply isn’t matching current levels of supply.”\nTalking about the new move to provide a range for the forecast Farmgate Milk Price, Mr Hurrell says it was part of the Co-op’s intention to provide the best possible signals.\n“We operate in a hugely volatile global market place, so it is very difficult to pinpoint an exact forecast Farmgate Milk Price this early in the season. For example, weather conditions can change suddenly and this can have a significant impact on the global milk supply.\n“As a result, we have chosen to give a range of $6.25-$6.50 per kgMS and be clear that the Advance Rate is based on $6.25 per kgMS and the final price could be outside this range as we are still early in the season and up against considerable volatility. We therefore recommend farmers budget with ongoing caution.”\nThe timing of today’s update is driven by available market information and is not a DIRA requirement. Fonterra is required to give a forecast for DIRA purposes by 15 December 2018. \n",
          "author": "",
          "favicon": "https://www.fonterra.com/etc/designs/fonterradotcom/favicon.ico",
          "source": "fonterra.com",
          "published": "",
          "ttr": 77
     }
}