{
     "Date": "19/06/2018",
     "Open": "5.05",
     "High": "5.05",
     "Low": "5.01",
     "Close": "5.01",
     "Adj Close": "3.703438",
     "Volume": "1420031",
     "Headline": "Half a million litres of Pahiatua groundwater to be saved every day",
     "link": "https://www.fonterra.com/nz/en/our-stories/media/saving-half-a-million-litres-of-pahiatua-water.html",
     "article": {
          "url": "https://www.fonterra.com/nz/en/our-stories/media/saving-half-a-million-litres-of-pahiatua-water.html",
          "title": "Half a million litres of Pahiatua groundwater to be saved every day",
          "description": "Half a million litres of Pahiatua groundwater (about the same as 18 milk tanker loads) will be saved every day thanks to the development and installation of a ground-breaking reclaimed water system at the local Fonterra site. ",
          "links": [
               "https://www.fonterra.com/nz/en/our-stories/media/saving-half-a-million-litres-of-pahiatua-water.html"
          ],
          "image": "",
          "content": "\nThe site team came up with an innovative way to reuse water from condensation that’s produced during the milk powder manufacturing process. \nRobert Spurway, Fonterra’s COO Global Operations, says the water-saving initiative is a testament to the Pahiatua team’s innovative and can-do approach to sustainability.\n“Pahiatua is already Fonterra New Zealand’s most water efficient site, and some clever thinking has taken it to the next level.” \n“As an organisation, we’ve committed to a 20 per cent reduction in water use by 2020. Pahiatua is well ahead of the game.”\nTracey Collis, Tararua District Council Mayor, says she is “extremely proud of the team at Fonterra and their ongoing commitment to sustainability. On several occasions they have hosted councillors, staff and Iwi on site to share information on new technology and view the systems in action.”\n“We very much appreciate the transparency and passion shown by Fonterra to continually use technological efficiencies which also have environmental benefits. This creates a win-win outcome for all.”\nHorizons Regional Council’s environment committee chair Gordon McKellar also commends the team and says it’s great to see Fonterra introducing innovative systems that will directly reduce water use in Pahiatua.\n“Practices like reclaimed water systems are a great way to involve staff in sustainability initiatives that will improve their local environment,” says Cr McKellar.\nThe P3 milk powder plant at Pahiatua (built in 2015) was already 100 per cent self-sufficient for water, meaning it does not use any groundwater in the manufacturing process. However, the evaporators often produced more water than was required and the excess was typically irrigated onto surrounding farmland.\nNow, rather than irrigate the excess water, the new reclaimed water system treats the excess water via reverse osmosis and chlorination before combining it with the site’s main water supply for general use.\nThe successful water re-use project is a hat tip to good old kiwi ingenuity and the benefit of a team-based approach to problem solving.\nSite Operations Manager Glenn Broughton says he is incredibly proud of the project. “After seeing an opportunity to innovate, the team completed the project in an extremely cost-effective manner.”\nIn 2017 Fonterra made six commitments to New Zealand water ways, including reducing water use (20 percent by 2020) and improving wastewater quality at all our manufacturing plants. More details on the commitments are available here.\n",
          "author": "",
          "favicon": "https://www.fonterra.com/etc/designs/fonterradotcom/favicon.ico",
          "source": "fonterra.com",
          "published": "",
          "ttr": 78
     }
}