{
     "Date": "26/05/2023",
     "Open": "24",
     "High": "24.780001",
     "Low": "23",
     "Close": "23.98",
     "Adj Close": "23.750191",
     "Volume": "1530253",
     "Headline": "Fisher & Paykel Healthcare announces its results for the 2023 financial year",
     "link": "https://www.fphcare.com/nz/corporate/news/fy23/fph-announces-its-results-for-fy-2023/",
     "": "",
     "article": {
          "url": "https://www.fphcare.com/nz/corporate/news/fy23/fph-announces-its-results-for-fy-2023/",
          "title": " Fisher & Paykel Healthcare announces its results for the 2023 financial year | Fisher & Paykel Healthcare ",
          "description": "Fisher &amp; Paykel Healthcare Corporation Limited today announced its results for the full year ended 31 March 2023.\r Total operating revenue for the 2023 financial year was $1.58 billion, down 6% or 9% in...",
          "links": [
               "https://www.fphcare.com/nz/corporate/news/fy23/fph-announces-its-results-for-fy-2023/"
          ],
          "image": "",
          "content": "Fisher &amp; Paykel Healthcare Corporation Limited today announced its results for the full year ended 31 March 2023.\r\nTotal operating revenue for the 2023 financial year was $1.58 billion, down 6% or 9% in constant currency from the 2022 financial year. Net profit after tax was $250.3 million, a 34% decline from the 2022 financial year, or a 39% decline in constant currency.\r\nFor the second half, operating revenue grew 14% to $890.5 million, or 12% growth in constant currency from the second half of 2022, driven by strong growth in Hospital new applications consumables and OSA masks revenue.\r\nManaging Director and CEO Lewis Gradon said, “We are coming out of three financial years that were impacted by the COVID-19 pandemic, and our people, suppliers and customers have worked tirelessly to meet global demand surges. The second half result was encouraging as market conditions progressed towards more of a normal state and both our Hospital and Homecare product groups delivered good growth.”\r\nHospital product group revenue for the full year was $1.02 billion, a 15% decrease compared to the previous year and an 18% decrease in constant currency. Hospital hardware sales were down 53% in constant currency compared to the 2022 financial year, a year that was more heavily impacted by global COVID-19 surges. During the 2023 financial year, hardware sales in countries or regions that did not experience COVID-19 surges were tracking somewhat close to pre-pandemic patterns.\r\nHospital new applications consumables revenue for the full year was down 6% from the prior year in constant currency, as hospital customers worked through their excess inventory. This trend abated throughout the year, and new applications consumables revenue for the second half of 2023 was up 13% in constant currency over the second half of 2022.\r\nHomecare product group revenue for the full year was a record $553.8 million, 18% higher than the previous year, and 13% higher in constant currency. The company saw strong growth in masks and accessories revenue, which in constant currency was up 17% for the full year, and up 24% for the second half.\r\n“Our Evora Full mask for OSA launched in the United States in May 2022 and contributed significantly to the strong OSA masks revenue. It’s one of the most positive new mask launches we have ever experienced based on customer feedback and initial sales performance in the regions where it is available,” said Mr Gradon.\r\nGross margin for the year was 59.4%, a 369 basis point decrease in constant currency. Margin was impacted by continued elevated freight costs and manufacturing inefficiencies as the company rebalanced demand fluctuations with manufacturing throughput during the year.\r\nDividend and dividend reinvestment plan\r\nFisher &amp; Paykel Healthcare’s board of directors approved a final dividend of 23.0 cents per share for the second half of the year. This brings the total dividend for the 2023 financial year to 40.5 cents per share, an increase of 3% over the 2022 financial year.\r\nThe final dividend, carrying full New Zealand imputation credit, will be paid on 7 July 2023 with a record date of 27 June 2023.\r\nThe dividend reinvestment plan, under which eligible shareholders can elect to reinvest all or part of their cash dividends in additional shares, will again be made available in respect of the 2023 final dividend. A 3% discount will be applied when determining the price per share in respect of the 2023 final dividend.\r\nProduct focus\r\nNew product launches remain a core part of Fisher &amp; Paykel Healthcare’s growth strategy. During the 2023 financial year the company invested $174.3 million into research and development to progress its new products in the pipeline.\r\n“In May last year we announced our new Airvo 3 device for delivering nasal high flow, and we have been pleased to see a very positive reception. We recently received 510(k) approval for the Airvo 3, which clears the way for its sale into the United States in the coming months,” said Mr Gradon.\r\nDuring the 2023 financial year, the company continued to add people to the global sales team, particularly in Anesthesia, reflecting the company’s aspiration to accelerate the Anesthesia business into a substantial contributor to overall revenue growth.\r\nInfrastructure\r\nDuring the 2023 financial year, Fisher &amp; Paykel Healthcare announced the acquisition of 105 hectares of land in Karaka, Auckland for a second New Zealand campus. A 10% deposit of the\r\n$275 million purchase price was paid in September 2022, and a payment of $189.5 million occurred on 11 May 2023. A further $43 million will be paid in January 2026, and the final instalment of\r\n$15 million will be paid in December 2026.\r\nIn the meantime, earthworks are continuing on the company’s existing East Tāmaki campus to prepare for the construction of a fifth facility, which will complete the site.\r\nOutlook for the 2024 financial year\r\nAt current exchange rates*, guidance assumptions for the 2024 financial year include no significant respiratory disease events, and result in full year operating revenue of approximately $1.70 billion, with approximately similar revenue growth rates for both Hospital and Homecare product groups.\r\nCapital expenditure for the 2024 financial year is expected to be approximately $450 million as the company progresses its land and building programmes, and interest expense is expected to be approximately $16 million. Operating expense growth is anticipated to be approximately 12% at current exchange rates, reflecting the company’s investment in R&amp;D and sales people during the 2023 financial year.\r\n“Prior to the pandemic, we had a track record of incremental improvements in gross margin. During the last three years, our responsibility was to get as much product as possible into the hands of our customers. Now, as every team in our business turns back to efficiency gains, we are confident in our ability to return to our long-term target of 65% within three to four years. For the 2024 financial year, we anticipate a gross margin improvement of approximately 200 basis points in constant currency, or an improvement of approximately 100 basis points at current exchange rates,” said Mr Gradon.\r\n“It has been very positive to see our people, our clinical partners and our suppliers spend more time face-to-face over the past year. We look forward to this continuing in the year ahead. Connection is at the core of our business – the quality of our relationships and our interactions is a major determinant of our success,” concluded Mr Gradon.\r\n*At May 2023 exchange rates of NZD:USD 0.63, NZD:EUR 0.58, NZD:MXN 12.00.\r\nAccompanying Documents\r\nAttached to this news release are the following additional documents: \r\nFull Year Results Conference Call\r\nFisher &amp; Paykel Healthcare will host a conference call today to discuss the results for the 2023 financial year. The conference call is scheduled to begin at 10:00am NZST, 8:00am AEST Friday 26 May (5:00pm USEDT, Thursday 25 May) and will be broadcast simultaneously online.\r\nTo listen to the webcast, access the company’s website at www.fphcare.com/investor. An online archive of the event will be available approximately two hours after the webcast and will remain on the site for two weeks.\r\nTo listen and participate in the conference call via phone, please register via ‘GlobalMeet’ by clicking this link. Once registered, click ‘Call Me’ and you will receive a phone call connecting you through to the conference line.\r\n2023 US / Mexico Investor Event \r\nFisher &amp; Paykel Healthcare will hold an Investor Event on Thursday 14 September 2023 and Friday 15 September 2023 in Tijuana, Mexico and Irvine, California. The Investor Event will provide the opportunity for investors and analysts to visit our operations in Tijuana,\r\nMexico and Irvine, California and meet leaders from our Mexico and US teams.\r\nTo register for the event, please visit https://www.fphcare.com/nz/events/investor/investor-day/.\r\nConstant Currency Information\r\nConstant currency information included within this news release is non-GAAP financial information, as defined by the NZ Financial Markets Authority, and has been provided to assist users of financial information to better understand and track the company’s comparative financial performance without the impacts of spot foreign currency fluctuations and hedging results and has been prepared on a consistent basis each year. A constant currency analysis is included on page 107 of the company’s Annual Report 2023, and the company’s constant currency framework can be found on the company’s website at www.fphcare.com/ccf.",
          "author": "",
          "favicon": "https://www.fphcare.com/favicon.ico",
          "source": "fphcare.com",
          "published": "",
          "ttr": 275
     }
}