{
     "Date": "9/12/2019",
     "Open": "21.040001",
     "High": "21.450001",
     "Low": "21.01",
     "Close": "21.08",
     "Adj Close": "20.01391",
     "Volume": "696752",
     "Headline": "Fisher & Paykel Healthcare announce clinical research partnership with Counties Manukau Health",
     "link": "/Our-Company/News/FY20/fph-announce-clinical-research-partnership-cmh",
     "": "https://www.countiesmanukau.health.nz/news/fisher-and-paykel-healthcare-announce-clinical-research-partnership-with-cm-health/"
}