{
     "Date": "14/04/2022",
     "Open": "22.700001",
     "High": "22.93",
     "Low": "22.620001",
     "Close": "22.799999",
     "Adj Close": "22.10944",
     "Volume": "660284",
     "Headline": "Fisher & Paykel Healthcare to announce full year results on 25 May 2022",
     "link": "https://www.fphcare.com/nz/corporate/news/fy22/fph-to-announce-full-year-results-25-may-2022/",
     "": "",
     "article": {
          "url": "https://www.fphcare.com/nz/corporate/news/fy22/fph-to-announce-full-year-results-25-may-2022/",
          "title": " Fisher & Paykel Healthcare to announce full year results on 25 May 2022 | Fisher & Paykel Healthcare ",
          "description": "Thursday, 14 April 2022 10:30 AM                                            Fisher &amp; Paykel Healthcare Corporation Limited announced today that it intends to release on Wednesday, 25 May 2022 its...",
          "links": [
               "https://www.fphcare.com/nz/corporate/news/fy22/fph-to-announce-full-year-results-25-may-2022/"
          ],
          "image": "",
          "content": "\r\n                    Thursday, 14 April 2022 10:30 AM\r\n                    \r\n                        Fisher &amp; Paykel Healthcare Corporation Limited announced today that it intends to release on Wednesday, 25 May 2022 its financial results for the year ended 31 March 2022. The release will be issued before 9:00am NZST, 7:00am AEST (5:00pm USEDT, Tuesday, 24 May).\r\nFisher &amp; Paykel Healthcare will host a conference call on Wednesday, 25 May 2022 to discuss the results for the 2022 financial year. The conference call is scheduled to begin at 10:00am NZST, 8:00am AEST (6:00pm USEDT, Tuesday, 24 May) and will be broadcast simultaneously over the internet.\r\nTo listen to the webcast, access the company’s website at www.fphcare.com/investor. An online archive of the event will be available approximately two hours after the webcast and will remain on the site for two weeks.\r\nTo attend the conference call, dial in to one of the numbers below at least five minutes prior to the scheduled call time and identify yourself to the operator. When prompted, please provide the conference code of: 998995.\r\nNew Zealand               +64 9 913 3624\r\nAustralia                      +61 2 7250 5438\r\nUnited Kingdom          +44 330 165 3646\r\nUS/Canada                 +1 323 794 2558\r\nHong Kong                  +852 3008 1533\r\nInternational                +64 9 913 3624\nAbout Fisher &amp; Paykel Healthcare\nFisher &amp; Paykel Fisher Healthcare is a leading designer, manufacturer and marketer of products and systems for use in acute and chronic respiratory care, surgery and the treatment of obstructive sleep apnea. The company’s products are sold in more than 120 countries worldwide. For more information about the company, visit our website www.fphcare.com.\nEnds\nContact\n\r\nAuthorised by Fisher &amp; Paykel Healthcare Corporation Limited’s Company Secretary.\r\n                    \r\n                ",
          "author": "",
          "favicon": "https://www.fphcare.com/favicon.ico",
          "source": "fphcare.com",
          "published": "",
          "ttr": 55
     }
}