{
     "Date": "9/05/2023",
     "Open": "26.49",
     "High": "26.9",
     "Low": "26.200001",
     "Close": "26.75",
     "Adj Close": "26.493645",
     "Volume": "347098",
     "Headline": "Fisher & Paykel Healthcare announces 2023 US / Mexico Investor Event",
     "link": "https://www.fphcare.com/nz/corporate/investor/news/fy23/fph-announces-2023-us-mexico-investor-event/",
     "": "",
     "article": {
          "url": "https://www.fphcare.com/nz/corporate/investor/news/fy23/fph-announces-2023-us-mexico-investor-event/",
          "title": "Fisher & Paykel Healthcare announces 2023 US / Mexico Investor Event",
          "description": "Fisher &amp; Paykel Healthcare Corporation Limited today announced it will hold an Investor Event on Thursday, 14 September and Friday, 15 September 2023 in Tijuana, Mexico and Irvine, California. The...",
          "links": [
               "https://www.fphcare.com/nz/corporate/investor/news/fy23/fph-announces-2023-us-mexico-investor-event/"
          ],
          "image": "https://resources.fphcare.com/resources/corporate/media/resources/images/social/og-fphealthcare.jpg",
          "content": "\r\n                        Fisher &amp; Paykel Healthcare Corporation Limited today announced it will hold an Investor Event on Thursday, 14 September and Friday, 15 September 2023 in Tijuana, Mexico and Irvine, California. The Investor Event will provide the opportunity for investors and analysts to visit our operations in Tijuana, Mexico and Irvine, California and meet leaders from our Mexico and US teams. The Investor Event is in-person only. \r\n \n\r\n\t\r\n\t\t\r\n\t\t\tDay 1 – Thursday 14 September 2023\r\n\t\t\r\n\t\t\r\n\t\t\tMexico Manufacturing Visit\r\n\t\t\t \r\n\t\t\r\n\t\t\r\n\t\t\t8am – 3pm\r\n\t\t\tDepart from the Hilton San Diego Bayfront, San Diego, California.\r\n\t\t\t \r\n\t\t\r\n\t\t\r\n\t\t\t \r\n\t\t\tTour of Fisher &amp; Paykel Healthcare’s manufacturing facility in Tijuana, Mexico.\r\n\t\t\t \r\n\t\t\r\n\t\t\r\n\t\t\tDinner in Irvine, California\r\n\t\t\t \r\n\t\t\r\n\t\t\r\n\t\t\t6pm – 10pm\r\n\t\t\t \r\n\t\t\tDinner with members of the Fisher &amp; Paykel Healthcare Board and the US management team.\r\n\t\t\t \r\n\t\t\r\n\t\t\r\n\t\t\t \r\n\t\t\tTravel will be provided to Irvine, California following the Mexico Manufacturing visit.\r\n\t\t\t \r\n\t\t\r\n\t\r\n\r\n\r\n\t\r\n\t\t\r\n\t\t\tDay 2 – Friday 15 September 2023\r\n\t\t\r\n\t\t\r\n\t\t\tUS Investor Day\r\n\t\t\r\n\t\t\r\n\t\t\t9am – 3pm\r\n\t\t\tDepart from the Marriott Irvine Spectrum, Irvine, California.\r\n\t\t\r\n\t\t\r\n\t\t\t \r\n\t\t\tMeet members of the US team and hear from industry experts.\r\n\t\t\r\n\t\r\n\n                        About Fisher &amp; Paykel Healthcare\r\nFisher &amp; Paykel Fisher Healthcare is a leading designer, manufacturer and marketer of products and systems for use in acute and chronic respiratory care, surgery and the treatment of obstructive sleep apnea. The company’s products are sold in more than 120 countries worldwide. For more information about the company, visit our website www.fphcare.com.\nMedia &amp; Investor Contacts:\n                    ",
          "author": "",
          "favicon": "https://www.fphcare.com/favicon.ico",
          "source": "fphcare.com",
          "published": "",
          "ttr": 46
     }
}