{
     "Date": "1/09/2022",
     "Open": "19.67",
     "High": "19.950001",
     "Low": "19.549999",
     "Close": "19.950001",
     "Adj Close": "19.610474",
     "Volume": "247379",
     "Headline": "Fisher & Paykel Healthcare enters agreement to purchase land for a second New Zealand campus",
     "link": "https://www.fphcare.com/nz/corporate/investor/news/fy22/fph-enters-agreement-to-second-nz-campus/",
     "": "",
     "article": {
          "url": "https://www.fphcare.com/nz/corporate/investor/news/fy22/fph-enters-agreement-to-second-nz-campus/",
          "title": "Fisher & Paykel Healthcare enters agreement to purchase land for a second New Zealand campus ",
          "description": "Fisher & Paykel Healthcare Corporation Limited announced today it has entered into a sale and purchase agreement, conditional on Overseas Investment Office (OIO) approval, to acquire a 105 hectare site in Karaka, Auckland for $275 million. ",
          "links": [
               "https://www.fphcare.com/nz/corporate/investor/news/fy22/fph-enters-agreement-to-second-nz-campus/"
          ],
          "image": "https://resources.fphcare.com/resources/corporate/media/resources/images/social/og-fphealthcare.jpg",
          "content": "\r\n                        Fisher &amp; Paykel Healthcare Corporation Limited (NZX:FPH, ASX:FPH) announced today it has entered into a sale and purchase agreement, conditional on Overseas Investment Office (OIO) approval, to acquire a 105 hectare site in Karaka, Auckland for $275 million.\r\nThe company will construct a second New Zealand campus on the site to complement its existing location at the Highbrook development in East Tāmaki, Auckland. \r\n“With our current site nearing capacity, we are pleased to take this step towards securing additional land to enable our continued growth,” said Scott St John, Board Chair for Fisher &amp; Paykel Healthcare. “We have consistently signalled the importance of long-term infrastructure planning to help us deliver on our sustainable, profitable growth strategy and our aspirations of doubling constant currency revenue every five to six years. In order to take advantage of the opportunities ahead of us, we need more space.”\r\nDevelopment of the new campus will occur over a 20 to 30-year period, with a focus on earthworks and core infrastructure over the next five years.\r\n“Over time, this world-class campus will house a large number of employees in R&amp;D, pilot manufacturing and related roles, providing a major boost to the local area,” said Lewis Gradon, Managing Director and Chief Executive Officer. “We note the separate plans that are underway to develop adjacent areas with improved transportation links and new housing developments, and we firmly believe that our campus will be a positive addition to the area.”\r\nThe site is 25 kilometres south of the company’s existing campus and approximately 40 kilometres south of Auckland’s CBD. It sits adjacent to a major rail line and is a short distance from State Highway 1 and the site of the proposed passenger railway station at Drury West.\r\n“We are confident it will be an attractive location for employees to be based,” said Mr Gradon. “Similar to the model we have on our Highbrook campus, R&amp;D and pilot manufacturing will be co-located within the same premises, allowing for close collaboration right across the business – an approach that has delivered results through the years.\r\n“It has also been a standard approach for us here in New Zealand to purchase land rather than lease, given the purpose-built nature of our facilities and the certainty this offers the company over the long term,” concluded Mr Gradon.\r\nThe purchase of the Karaka land is subject to approval by New Zealand’s Overseas Investment Office and will be funded through a combination of operating cash flow and debt facilities. The site is currently mixed zoning (future urban and rural).\r\nA 10% deposit is payable on signing and, subject to OIO consent being granted, the balance will be paid on staggered settlement dates (with the majority of the funds expected to be paid in the first half of the 2024 financial year). A summary of the key terms of the sale and purchase agreement is set out at the bottom of this news release.\r\n“Development will be undertaken gradually, and we will be adopting best-in-class sustainable design principles and careful planning to make the campus a suitable fit with its surrounds,” said Jonti Rhodes, VP – Supply Chain, Facilities &amp; Sustainability. “We wish to thank our partners at CBRE and Savills, and our legal advisors at MinterEllisonRuddWatts, for their efforts in helping us identify and secure the right site for us.”\r\n“This is a significant step in our long-term planning as a company,” said Mr St John. “It reaffirms our confidence in our long-term opportunities and demonstrates our strong commitment to R&amp;D and manufacturing in New Zealand.”\nSummary of Key Terms of Sale and Purchase Agreement\r\n\t\r\n\t\t\r\n\t\t\t \r\n\t\t\t \r\n\t\t\r\n\t\t\r\n\t\t\tProperties\r\n\t\t\t \r\n\t\t\tProperties at 300-328, 350, 370 and 458 Karaka Road, Karaka, together comprising approximately 105 hectares\r\n\t\t\r\n\t\t\r\n\t\t\t \r\n\t\t\t \r\n\t\t\r\n\t\t\r\n\t\t\tPurchaser\r\n\t\t\tFisher &amp; Paykel Healthcare Properties Limited (FPHP)\r\n\t\t\r\n\t\t\r\n\t\t\t \r\n\t\t\t \r\n\t\t\r\n\t\t\r\n\t\t\tVendor\r\n\t\t\tKaraka Meadows Limited\r\n\t\t\t(In respect of 2 land titles, Karaka Meadows Limited to nominate FPHP as its nominee under an existing sale and purchase agreement with Bark 328 Limited; such nomination to occur on 3 April 2023 settlement date).\r\n\t\t\r\n\t\t\r\n\t\t\t \r\n\t\t\t \r\n\t\t\r\n\t\t\r\n\t\t\tTotal Purchase Price \r\n\t\t\t$275,000,000\r\n\t\t\r\n\t\t\r\n\t\t\t \r\n\t\t\t \r\n\t\t\r\n\t\t\r\n\t\t\tDeposit\r\n\t\t\t$27,500,000 (payable within 3 business days of signing sale and purchase agreement)\r\n\t\t\r\n\t\t\r\n\t\t\t \r\n\t\t\t \r\n\t\t\r\n\t\t\r\n\t\t\tSettlement Dates\r\n\t\t\tLater of 3 April 2023 and 20 working days from satisfaction of the Purchaser Condition - $189,500,000\r\n\t\t\t27 January 2026 - $43,000,000\r\n\t\t\t15 December 2026 - $15,000,000\r\n\t\t\r\n\t\t\r\n\t\t\t \r\n\t\t\t \r\n\t\t\r\n\t\t\r\n\t\t\tPurchaser Condition\r\n\t\t\t \r\n\t\t\tObtaining Overseas Investment Office consent for the acquisition of the Properties on terms and conditions acceptable to Fisher &amp; Paykel Healthcare.\r\n\t\t\r\n\t\t\r\n\t\t\t \r\n\t\t\t \r\n\t\t\r\n\t\t\r\n\t\t\tForm of Agreement\r\n\t\t\t \r\n\t\t\tThe current form ADLS Agreement for Sale and Purchase of Real Estate modified to the above terms.\r\n\t\t\r\n\t\r\n\r\n\nAn artist’s rendering of the future campus:\r\n\nAbout Fisher &amp; Paykel Healthcare\nFisher &amp; Paykel Fisher Healthcare is a leading designer, manufacturer and marketer of products and systems for use in acute and chronic respiratory care, surgery and the treatment of obstructive sleep apnea. The company’s products are sold in more than 120 countries worldwide. For more information about the company, visit our website www.fphcare.com.\nContact\n                    ",
          "author": "",
          "favicon": "https://www.fphcare.com/favicon.ico",
          "source": "fphcare.com",
          "published": "",
          "ttr": 164
     }
}