{
     "Date": "6/04/2020",
     "Open": "29.75",
     "High": "30.309999",
     "Low": "29.209999",
     "Close": "29.4",
     "Adj Close": "27.913141",
     "Volume": "1060101",
     "Headline": "Fisher & Paykel Healthcare updates release date for full year results",
     "link": "https://www.fphcare.com/nz/corporate/investor/news/fy20/20-04-06-fph-fy20-reporting-dates/",
     "": "",
     "article": {
          "url": "https://www.fphcare.com/nz/corporate/investor/news/fy20/20-04-06-fph-fy20-reporting-dates/",
          "title": "Fisher & Paykel Healthcare updates release date for full year results ",
          "description": "Fisher & Paykel Healthcare Corporation Limited advises that the company’s results for the year ended 31 March 2020 will be released on Monday, \r\n29 June 2020, instead of Thursday, 28 May 2020, as previously advised.",
          "links": [
               "https://www.fphcare.com/nz/corporate/investor/news/fy20/20-04-06-fph-fy20-reporting-dates/"
          ],
          "image": "https://resources.fphcare.com/resources/corporate/media/resources/images/social/og-fphealthcare.jpg",
          "content": "\r\n                        Fisher &amp; Paykel Healthcare Corporation Limited advises that the company’s results for the year ended 31 March 2020 will be released on Monday, 29 June 2020, instead of Thursday, 28 May 2020, as previously advised.\nThis announcement has been made in reliance on the NZX class waiver dated 19 March 2020, which provides listed companies with an additional 30 days to prepare and release their full year results, and an additional two months to prepare and deliver their annual reports.\nFisher &amp; Paykel Healthcare Corporation Limited intends to release its annual report together with its financial results on Monday, 29 June 2020 and, accordingly, as at the date of this announcement, does not intend to rely on the NZX class waiver with respect to the publication of its annual report.\n“At the present time, we have nearly 5,000 people around the world who are focussed on meeting the increased demand for our respiratory products, which are being used in the treatment of patients with COVID-19,” said Chief Financial Officer Lyndal York.\n“This time of year our financial controllers in our global offices would usually be dedicated to completing year end reporting. Because of the COVID-19 pandemic, many of these people are currently working remotely – assisting with customer enquiries, getting product into the hands of customers and providing operational support.”\n“One of our core beliefs is doing what is best for the patient, and it should come as no surprise that we think that these activities should take priority,” said Mrs York.\nAbout Fisher &amp; Paykel Healthcare\nFisher &amp; Paykel Healthcare is a leading designer, manufacturer and marketer of products and systems for use in respiratory care, acute care, surgery and the treatment of obstructive sleep apnea.  The company’s products are sold in over 120 countries worldwide. For more information about the company, visit our website www.fphcare.com.\nEnds\nContact\n\r\nAuthorised by: \r\nLyndal York\r\nChief Financial Officer\r\n                        \r\n                    ",
          "author": "",
          "favicon": "https://www.fphcare.com/favicon.ico",
          "source": "fphcare.com",
          "published": "",
          "ttr": 64
     }
}