{
     "Date": "24/08/2021",
     "Open": "33.450001",
     "High": "33.68",
     "Low": "32.810001",
     "Close": "32.900002",
     "Adj Close": "31.738934",
     "Volume": "364390",
     "Headline": "Lisa McIntyre appointed to Fisher & Paykel Healthcare Board",
     "link": "https://www.fphcare.com/nz/corporate/investor/news/fy22/mcintyre-appointed-fph-board/",
     "": "",
     "article": {
          "url": "https://www.fphcare.com/nz/corporate/investor/news/fy22/mcintyre-appointed-fph-board/",
          "title": "Lisa McIntyre appointed to Fisher & Paykel Healthcare Board",
          "description": "Fisher & Paykel Healthcare Corporation Limited advises that Lisa McIntyre, PhD, has been appointed as a non-executive director of the company with effect from 1 October 2021.",
          "links": [
               "https://www.fphcare.com/nz/corporate/investor/news/fy22/mcintyre-appointed-fph-board/"
          ],
          "image": "https://resources.fphcare.com/resources/corporate/media/resources/images/social/og-fphealthcare.jpg",
          "content": "Fisher &amp; Paykel Healthcare Corporation Limited advises that Lisa McIntyre, PhD, has been appointed as a non-executive director of the company with effect from 1 October 2021.\r\n“We are pleased to announce Lisa’s appointment and look forward to the insight she will bring to the Board,” said Scott St John, Board Chair.\r\n“Lisa has extensive knowledge in health and technology – with experience in strategy, finance, technology transformation and data analytics. She has a deep understanding of international markets and a reputation for insight, integrity and transparency.”\r\nDr McIntyre is an experienced company director with a broad portfolio that spans the health care, insurance, technology and e-learning sectors. She is currently a non-executive director of Insurance and Care NSW (a government public financial corporation), HCF Group (a private health insurance company in Australia), The University of Sydney, Studiosity and Nanosonics, and chair of LEK Consulting’s ANZ Advisory Board.\r\nPrior to her director roles, Dr McIntyre spent 20 years as a senior strategy partner with LEK Consulting. She helped develop the company’s US biotechnology advisory practice from three clients in the emerging sector to become the largest biotechnology practice in the US, providing strategic, commercial and operational advice to local and multinational companies in North America, Asia and Australia.\r\nThe Fisher &amp; Paykel Healthcare Board has determined that Dr McIntyre will be an independent director of the Board. She will also serve as a member of the Quality, Safety and Regulatory Committee, effective 1 October 2021.\r\nA resolution to elect Dr McIntyre will be put to shareholders at the company’s next annual shareholders’ meeting in August 2022. Dr McIntyre replaces Tony Carter, who retired from the Board in August 2020.Fisher &amp; Paykel Fisher Healthcare is a leading designer, manufacturer and marketer of products and systems for use in acute and chronic respiratory care, surgery and the treatment of obstructive sleep apnea. The company’s products are sold in more than 120 countries worldwide. For more information about the company, visit our website www.fphcare.com.\r\nAuthorised by Fisher &amp; Paykel Healthcare Corporation Limited’s Board Chair.",
          "author": "",
          "favicon": "https://www.fphcare.com/favicon.ico",
          "source": "fphcare.com",
          "published": "",
          "ttr": 69
     }
}