{
     "Date": "13/10/2021",
     "Open": "30.450001",
     "High": "30.450001",
     "Low": "29.870001",
     "Close": "30.07",
     "Adj Close": "29.008808",
     "Volume": "384364",
     "Headline": "Fisher & Paykel Healthcare to announce half year results on 25 November 2021",
     "link": "https://www.fphcare.com/nz/corporate/investor/news/fy22/fisher-and-paykel-half-year-results-25-november-21/",
     "": "",
     "article": {
          "url": "https://www.fphcare.com/nz/corporate/investor/news/fy22/fisher-and-paykel-half-year-results-25-november-21/",
          "title": "Fisher & Paykel Healthcare to announce half year results on 25 November 2021",
          "description": "Fisher & Paykel Healthcare Corporation Limited  announced today that it intends to release on Thursday, 25 November 2021 its financial results for the six months ended 30 September 2021.",
          "links": [
               "https://www.fphcare.com/nz/corporate/investor/news/fy22/fisher-and-paykel-half-year-results-25-november-21/"
          ],
          "image": "https://resources.fphcare.com/resources/corporate/media/resources/images/social/og-fphealthcare.jpg",
          "content": "\r\n                        Fisher &amp; Paykel Healthcare Corporation Limited (NZX:FPH, ASX:FPH) announced today that it intends to release on Thursday, 25 November 2021 its financial results for the six months ended 30 September 2021. The release will be issued before 9:00am NZDT, 7:00am AEDT (3:00pm USEST, Wednesday, 24 November).\r\nFisher &amp; Paykel Healthcare will host a conference call on Thursday, 25 November 2021 to discuss the half year result. The conference call is scheduled to begin at 10:00am NZDT, 8:00am AEDT (4:00pm USEST, Wednesday, 24 November) and will be broadcast simultaneously over the Internet.\r\nTo listen to the webcast, access the company’s website at www.fphcare.com/investor. An online archive of the event will be available approximately two hours after the webcast and will remain on the site for two weeks.\r\nTo attend the conference call, dial in to one of the numbers below at least five minutes prior to the scheduled call time and identify yourself to the operator. When prompted, please provide the conference code of: 245311.\r\n\t\r\n\t\t\r\n\t\t\tNew Zealand\r\n\t\t\tAustralia\r\n\t\t\tUnited Kingdom\r\n\t\t\t+64 9 913 3624\r\n\t\t\t+61 2 7250 5438\r\n\t\t\t+44 330 336 9104\r\n\t\t\tUS/Canada    \r\n\t\t\tHong Kong\r\n\t\t\tInternational   \r\n\t\t\t+1 323 794 2095 +852 3008 1533\r\n\t\t\t+64 9 913 3624\r\n\t\t\r\n\t\r\n\nAbout Fisher &amp; Paykel Healthcare\nFisher &amp; Paykel Fisher Healthcare is a leading designer, manufacturer and marketer of products and systems for use in acute and chronic respiratory care, surgery and the treatment of obstructive sleep apnea. The company’s products are sold in more than 120 countries worldwide. For more information about the company, visit our website www.fphcare.com.\nEnds\nContact\n\r\nAuthorised by:\r\nRaelene Leonard\r\nGeneral Counsel &amp; Company Secretary.\r\n                    ",
          "author": "",
          "favicon": "https://www.fphcare.com/favicon.ico",
          "source": "fphcare.com",
          "published": "",
          "ttr": 53
     }
}