{
     "Date": "16/11/2020",
     "Open": "34.450001",
     "High": "34.77",
     "Low": "34.290001",
     "Close": "34.599998",
     "Adj Close": "32.998413",
     "Volume": "843604",
     "Headline": "Fisher & Paykel Healthcare to announce half year results on 25 November 2020",
     "link": "https://www.fphcare.com/nz/corporate/investor/news/fy21/fph-to-announce-half-year-results/",
     "": "",
     "article": {
          "url": "https://www.fphcare.com/nz/corporate/investor/news/fy21/fph-to-announce-half-year-results/",
          "title": "Fisher & Paykel Healthcare to announce half year results on 25 November 2020",
          "description": "Fisher & Paykel Healthcare Corporation Limited announced today that it intends to release on Wednesday, 25 November 2020 its financial results for the six months ended 30 September 2020.",
          "links": [
               "https://www.fphcare.com/nz/corporate/investor/news/fy21/fph-to-announce-half-year-results/"
          ],
          "image": "https://resources.fphcare.com/resources/corporate/media/resources/images/social/og-fphealthcare.jpg",
          "content": "\r\n                        Auckland, New Zealand, 16 October 2020 - Fisher &amp; Paykel Healthcare Corporation Limited (NZX:FPH, ASX:FPH) announced today that it intends to release on Wednesday, 25 November 2020 its financial results for the six months ended 30 September 2020. The release will be issued shortly before 9:00am NZDT, 7:00am AEDT (3:00pm USEST, Tuesday, 24 November).\nFisher &amp; Paykel Healthcare will host a conference call on Wednesday, 25 November 2020 to review the results and to discuss the outlook for the 2021 financial year. The conference call is scheduled to begin at 10:00am NZDT, 8:00am AEDT (4:00pm USEST, Tuesday, 24 November) and will be broadcast simultaneously over the Internet.\nTo listen to the webcast, access the company’s website at www.fphcare.com/investor. An online archive of the event will be available approximately two hours after the webcast and will remain on the site for two weeks.\r\nTo attend the conference call, dial in to one of the numbers below at least five minutes prior to the scheduled call time and identify yourself to the operator. When prompted, please provide the conference code of: 950349.\r\n\t\r\n\t\t\r\n\t\t\tNew Zealand\r\n\t\t\tAustralia\r\n\t\t\tUnited Kingdom\r\n\t\t\tUS/Canada\r\n\t\t\tHong Kong\r\n\t\t\tInternational\r\n\t\t\t+64 9 913 3624\r\n\t\t\t+61 2 9193 3719\r\n\t\t\t+44 330 336 9104\r\n\t\t\t+1 646 828 8195\r\n\t\t\t+852 3008 1529\r\n\t\t\t+64 9 913 3624\r\n\t\t\r\n\t\r\n\nAbout Fisher &amp; Paykel Healthcare\nFisher &amp; Paykel Fisher Healthcare is a leading designer, manufacturer and marketer of products and systems for use in acute and chronic respiratory care, surgery and the treatment of obstructive sleep apnea. The company’s products are sold in more than 120 countries worldwide. For more information about the company, visit our website www.fphcare.com.\nEnds\nContact\n                    ",
          "author": "",
          "favicon": "https://www.fphcare.com/favicon.ico",
          "source": "fphcare.com",
          "published": "",
          "ttr": 55
     }
}