{
     "Date": "4/05/2021",
     "Open": "35.349998",
     "High": "35.540001",
     "Low": "35",
     "Close": "35.540001",
     "Adj Close": "34.050785",
     "Volume": "643349",
     "Headline": "Fisher & Paykel Healthcare to announce full year results on 27 May 2021",
     "link": "https://www.fphcare.com/nz/corporate/investor/news/fy22/fph-to-announce-full-year-results",
     "": "",
     "article": {
          "url": "https://www.fphcare.com/nz/corporate/investor/news/fy22/fph-to-announce-full-year-results",
          "title": "Fisher & Paykel Healthcare to announce full year results on 27 May 2021",
          "description": "Fisher & Paykel Healthcare Corporation Limited announced today that it intends to release on Thursday, 27 May 2021 its financial results for the year ended 31 March 2021.",
          "links": [
               "https://www.fphcare.com/nz/corporate/investor/news/fy22/fph-to-announce-full-year-results/",
               "https://www.fphcare.com/nz/corporate/investor/news/fy22/fph-to-announce-full-year-results"
          ],
          "image": "https://resources.fphcare.com/resources/corporate/media/resources/images/social/og-fphealthcare.jpg",
          "content": "\r\n                        Auckland, New Zealand, 4 May 2021 - Fisher &amp; Paykel Healthcare Corporation Limited (NZX:FPH, ASX:FPH) announced today that it intends to release on Thursday, 27 May 2021 its financial results for the year ended 31 March 2021. The release will be issued before 9:00am NZST, 7:00am AEST (5:00pm USEDT, Wednesday, 26 May).\r\nFisher &amp; Paykel Healthcare will host a conference call on Thursday, 27 May 2021 to discuss the results for the 2021 financial year. The conference call is scheduled to begin at 10:00am NZST, 8:00am AEST (6:00pm USEDT, Wednesday, 26 May) and will be broadcast simultaneously over the Internet.\r\nTo listen to the webcast, access the company’s website at www.fphcare.com/investor. An online archive of the event will be available approximately two hours after the webcast and will remain on the site for two weeks.\r\nTo attend the conference call, dial in to one of the numbers below at least five minutes prior to the scheduled call time and identify yourself to the operator. When prompted, please provide the conference code of: 483205.\r\n\t\r\n\t\t\r\n\t\t\tNew Zealand\r\n\t\t\t+64 9 913 3624\r\n\t\t\r\n\t\t\r\n\t\t\tAustralia\r\n\t\t\t+61 2 9193 3719\r\n\t\t\r\n\t\t\r\n\t\t\tUnited Kingdom\r\n\t\t\t+44 330 336 9104\r\n\t\t\r\n\t\t\r\n\t\t\tUS/Canada\r\n\t\t\t+1 929 477 0338\r\n\t\t\r\n\t\t\r\n\t\t\tHong Kong\r\n\t\t\t+852 3008 1533\r\n\t\t\r\n\t\t\r\n\t\t\tInternational\r\n\t\t\t+64 9 913 3624\r\n\t\t\r\n\t\r\n\nAbout Fisher &amp; Paykel Healthcare\nFisher &amp; Paykel Fisher Healthcare is a leading designer, manufacturer and marketer of products and systems for use in acute and chronic respiratory care, surgery and the treatment of obstructive sleep apnea. The company’s products are sold in more than 120 countries worldwide. For more information about the company, visit our website www.fphcare.com.\nEnds\nContact\n                    ",
          "author": "",
          "favicon": "https://www.fphcare.com/favicon.ico",
          "source": "fphcare.com",
          "published": "",
          "ttr": 53
     }
}