{
     "Date": "16/03/2021",
     "Open": "1.97",
     "High": "2",
     "Low": "1.97",
     "Close": "1.99",
     "Adj Close": "1.808436",
     "Volume": "83452",
     "headLine": "Consumer confidence pulls back",
     "link": "https://media.anz.com/posts/2021/march/consumer-confidence-pulls-back",
     "article": {
          "url": "https://media.anz.com/posts/2021/march/consumer-confidence-pulls-back",
          "title": "Consumer confidence pulls back",
          "description": "Headline consumer confidence was down 0.9 per cent, with most subindices falling as we draw nearer to the end of the JobKeeper program. ‘Current financial conditions’ declined 2.5 per cent, ‘future financial...",
          "links": [
               "https://media.anz.com/posts/2021/march/consumer-confidence-pulls-back"
          ],
          "image": "https://media.anz.com/content/dam/mediacentre/images/consumerconfidence/2019/November/man%20shopping.jpg",
          "content": "\n    \n            Headline consumer confidence was down 0.9 per cent, with most subindices falling as we draw nearer to the end of the JobKeeper program. \n‘Current financial conditions’ declined 2.5 per cent, ‘future financial conditions’ fell 0.6 per cent. ‘Current economic conditions’ weakened 0.6 per cent and ‘future economic conditions’ fell 1.1 per cent.\nGoing against the overall trend, the ‘time to buy a major household item’ index gained 0.1 per cent. ‘Weekly inflation expectations’ remained at 3.8 per cent, while the four-week moving average increased 0.1 per cent to 3.8 per cent.\n    \n    \n\n    \n            \"Consumer confidence slipped 0.9 per cent last weekend despite the federal government’s $A1.2 billion support package aimed at restoring interstate tourism demand,\" ANZ Head of Australian Economics David Plank said.\n\"We don’t think the drop in confidence was related to the two new COVID cases. The one in Sydney was revealed too late to be captured by the survey, while confidence in Queensland fell by a lot less than some of the other states.\"\n\"It is possible the drop in confidence could be linked to consumers being apprehensive about a future without the JobKeeper program, or the small decline could simply be a pure ‘noise’ in the data.\"\nDownload PDF\n    \n\t\t\t\t\t\t",
          "author": "Emma Mellow@/content/mediacentre/en/authors/emma-mellow",
          "favicon": "https://media.anz.com/etc/designs/mediacentre/favicon.ico",
          "source": "media.anz.com",
          "published": "",
          "ttr": 41
     }
}