{
     "Date": "22/02/2018",
     "Open": "1.08",
     "High": "1.08",
     "Low": "1.07",
     "Close": "1.08",
     "Adj Close": "0.843092",
     "Volume": "40756",
     "headLine": "Kevin Corbally appointed Chief Risk Officer",
     "link": "https://media.anz.com/posts/2018/02/kevin-corbally-appointed-chief-risk-officer",
     "article": {
          "url": "https://media.anz.com/posts/2018/02/kevin-corbally-appointed-chief-risk-officer",
          "title": "Kevin Corbally appointed Chief Risk Officer",
          "description": "ANZ today announced the appointment of Kevin Corbally as Chief Risk Officer, reporting to Chief Executive Officer Shayne Elliott.",
          "links": [
               "https://media.anz.com/posts/2018/02/kevin-corbally-appointed-chief-risk-officer"
          ],
          "image": "https://media.anz.com/content/dam/mediacentre/images/mediareleases/ANZ_logo.png",
          "content": "\n            Mr Corbally joined ANZ in 2009 and is currently Group General Manager Internal Audit after having previously held senior institutional banking and credit management roles. Prior to joining ANZ, he was Managing Director and Head of Corporate &amp; Commercial Banking at Citigroup in Australia &amp; New Zealand. In his role as Chief Risk Officer, Mr Corbally will be a member of the Group Executive Committee, responsible for protecting the Group’s balance sheet as well as overseeing its risk strategies, policies and processes. \nCommenting on the appointment Mr Elliott said: “Managing risk appropriately is a critical function of all high-performing banks and I’m pleased to be able to appoint a strong leader with demonstrated values and diverse experience at a time the industry is facing increasing reputational and regulatory issues. \n“Kevin’s experience in international credit and capital management combined with his trackrecord leading our internal audit function makes him the ideal executive to continue the evolution of our risk function and to build on the strong, mutually respectful relationships with our regulators,” he said. \nMr Corbally succeeds Nigel Williams who is retiring from ANZ to pursue a career as a nonexecutive director. \n“Nigel played a leading role in resolving business and regulatory issues and has significantly reduced ANZ’s risk profile. He can be proud of his time at ANZ and we wish him well for the next stage of his career as a non-executive director,” Mr Elliott said. \nMr Corbally’s appointment is effective 19 March 2018 and he will be based in Melbourne.\nView PDF\n    ",
          "author": "Stephen Ries@/content/mediacentre/en/authors/stephen-ries",
          "favicon": "https://media.anz.com/etc/designs/mediacentre/favicon.ico",
          "source": "media.anz.com",
          "published": "",
          "ttr": 51
     }
}