{
     "Date": "18/05/2021",
     "Open": "2.05",
     "High": "2.06",
     "Low": "2.03",
     "Close": "2.06",
     "Adj Close": "1.872049",
     "Volume": "212310",
     "headLine": "Consumer confidence lifts",
     "link": "https://media.anz.com/posts/2021/may/consumer-confidence-lifts",
     "article": {
          "url": "https://media.anz.com/posts/2021/may/consumer-confidence-lifts",
          "title": "Consumer confidence lifts",
          "description": "Confidence increased 0.8 per cent last week, perhaps due in part to the federal budget – though the absence of any additional COVID cases in Sydney also played an important role. ‘Current financial...",
          "links": [
               "https://media.anz.com/posts/2021/may/consumer-confidence-lifts"
          ],
          "image": "https://media.anz.com/content/dam/mediacentre/images/consumerconfidence/2018/August/Consumer%20Confidence%20Aug.JPG",
          "content": "\n            Confidence increased 0.8 per cent last week, perhaps due in part to the federal budget – though the absence of any additional COVID cases in Sydney also played an important role.\n‘Current financial conditions’ rose by 1.6 per cent, while ‘future financial conditions’ were up 0.1 per cent.\nIn contrast, ‘current economic conditions’ fell by 3.1 per cent. This followed the record low levels of expectations for ‘bad times’ that this subindex registered last week. ‘Future economic conditions’ softened 1.1 per cent.\n‘Time to buy a major household item’ gained 6.2 per cent, more than compensating for its loss last week and taking it to the highest level since February 2020.‘Weekly inflation expectations’ fell 0.3ppt to 3.6 per cent, pushing the four-week moving average down 0.1ppt to 3.7 per cent.\n    ",
          "author": "Emma Mellow@/content/mediacentre/en/authors/emma-mellow",
          "favicon": "https://media.anz.com/etc/designs/mediacentre/favicon.ico",
          "source": "media.anz.com",
          "published": "",
          "ttr": 26
     }
}