{
     "Date": "19/10/2021",
     "Open": "1.75",
     "High": "1.75",
     "Low": "1.71",
     "Close": "1.74",
     "Adj Close": "1.607558",
     "Volume": "74979",
     "headLine": "Consumer Confidence 6 weeks of gains",
     "link": "https://media.anz.com/posts/2021/october/Consumer_Confidence_6_weeks_of_gains",
     "article": {
          "url": "https://media.anz.com/posts/2021/october/Consumer_Confidence_6_weeks_of_gains",
          "title": "Consumer Confidence 6 weeks of gains",
          "description": "Consumer confidence increased 1.3 per cent last week, its sixth straight gain. With the reopening of Greater Sydney and the imminent end of Melbourne’s lockdown earlier than anticipated, confidence rose in...",
          "links": [
               "https://media.anz.com/posts/2021/october/Consumer_Confidence_6_weeks_of_gains"
          ],
          "image": "https://media.anz.com/content/dam/mediacentre/images/consumerconfidence/2018/August/Consumer%20Confidence%20Aug.JPG",
          "content": "\nConsumer confidence increased 1.3 per cent last week, its sixth straight gain. With the reopening of Greater Sydney and the imminent end of Melbourne’s lockdown earlier than anticipated, confidence rose in the major cities of Sydney, Melbourne, Brisbane and Perth.\nThe subindices registered mixed results. ‘Current financial conditions’ softened 0.1 per cent, while ‘future financial conditions’ gained 1.4 per cent.\n‘Current economic conditions’ rose 4.5 per cent, its third consecutive weekly gain. ‘Future economic conditions’ remained unchanged.\n‘Time to buy a major household item’ improved 0.6 per cent. ‘Weekly inflation expectations’ was unchanged at 4.7 per cent and its four-week moving average was steady at 4.8 per cent.\n    ",
          "author": "Emma Mellow@/content/mediacentre/en/authors/emma-mellow",
          "favicon": "https://media.anz.com/etc/designs/mediacentre/favicon.ico",
          "source": "media.anz.com",
          "published": "",
          "ttr": 22
     }
}