{
     "Date": "9/05/2018",
     "Open": "1.08",
     "High": "1.09",
     "Low": "1.08",
     "Close": "1.09",
     "Adj Close": "0.875348",
     "Volume": "421936",
     "headLine": "ANZ and Atlassian form strategic partnership to drive agile transformation",
     "link": "https://media.anz.com/posts/2018/09/anz-and-atlassian-form-strategic-partnership-to-drive-agile-tran",
     "article": {
          "url": "https://media.anz.com/posts/2018/09/anz-and-atlassian-form-strategic-partnership-to-drive-agile-tran",
          "title": "ANZ and Atlassian form strategic partnership to drive agile transformation",
          "description": "ANZ today announced it had entered a strategic partnership with Atlassian, a leading provider of team collaboration and productivity software, to help drive its agile-based transformation.",
          "links": [
               "https://media.anz.com/posts/2018/09/anz-and-atlassian-form-strategic-partnership-to-drive-agile-tran"
          ],
          "image": "https://media.anz.com/content/dam/mediacentre/images/mediareleases/2018/September/Atlassian.jpg",
          "content": "\n            The partnership consists of an Enterprise Licence Agreement (ELA) for ANZ to use Atlassian’s range of software products, including well-known collaboration tools Jira and Confluence, as well as development tools Bitbucket and Bamboo.\nAtlassian will also provide dedicated resources to help ANZ with its adoption of the company’s software and strategic thinking as the bank continues to transform its business with agile-based working.\nCommenting on the relationship, ANZ Group Executive Technology Gerard Florian said: “We are already well into our agile transformation at ANZ and working closely with Atlassian will help accelerate our progress in continuing to turn a 180-year-old organisation into a workplace for the digital economy.\n“Atlassian has a reputation for developing and delivering world-class software solutions, but also a different way of thinking about agile-based work, so this relationship is about more than great software for us,” Mr Florian said.\nDom Price, Head of R&amp;D and Workplace Futurist at Atlassian said, “Shifting an organisation’s way of thinking is really hard, especially when it’s the combined thinking of more than 40,000 people. You have to be open to really succeed in switching to an agile mindset, and it’s great to see that openness to change, even when it’s tough, from ANZ.”\nANZ first announced it would embark on an agile-based transformation in May 2017 and has since successfully implemented its New Ways of Working model in its Australia division. ANZ’s Technology division is currently implementing New Ways of Working.\nDownload PDF\n    ",
          "author": "Nick Higginbottom@/content/mediacentre/en/authors/nick-higginbottom",
          "favicon": "https://media.anz.com/etc/designs/mediacentre/favicon.ico",
          "source": "media.anz.com",
          "published": "",
          "ttr": 49
     }
}