{
     "Date": "26/03/2019",
     "Open": "1",
     "High": "1",
     "Low": "0.98",
     "Close": "1",
     "Adj Close": "0.838811",
     "Volume": "3684854",
     "headLine": "Shear opportunities ahead for Australiaâ€™s sheep industry",
     "link": "https://media.anz.com/posts/2019/03/shear-opportunities-ahead-for-australias-sheep-industry",
     "article": {
          "url": "https://media.anz.com/posts/2019/03/shear-opportunities-ahead-for-australias-sheep-industry",
          "title": "Shear opportunities ahead for Australia’s sheep industry",
          "description": "The marked decline in Australia’s sheep numbers has ultimately benefited the industry leading to its strongest position in decades, according to ANZ’s agricultural insight report, Shear Brilliance.",
          "links": [
               "https://media.anz.com/posts/2019/03/shear-opportunities-ahead-for-australias-sheep-industry"
          ],
          "image": "https://media.anz.com/content/dam/mediacentre/images/mediareleases/2019/March/ANZ%20Generic_Rural00073.jpg",
          "content": "\n            Released in Shanghai today during ANZ’s latest customer delegation to Asia, the report highlights the drastic decline in sheep numbers during the past 50 years. In 1970 the national flock was around 180 million, and today sits at around 69 million, run by approximately 31,000 producers.\n“The domestic decline in sheep numbers was caused by a range of factors, including low sheep and wool prices and a shift from sheep to grain and cattle farming which at the time provided more attractive export options and were viewed as less ‘hands-on’ to run,” said ANZ Head of Agribusiness Mark Bennett.\nANZ’s report highlights that while China continues to build its flock, Australia and New Zealand remain the world’s two largest producers and the outlooks for both sheep meat and wool look positive.\nFor sheep meat, prices are high and are expected to remain so, due to low Australian sheep numbers which are estimated to grow by around 1 per cent per year from 2020. A lack of near competition, with the exception of New Zealand, also reduces the chance of a major oversupply.\nFalls in domestic lamb and mutton consumption have stabilised and make-up around ten percent of the Australian meat diet, while sheep meat exports continue to grow. China is now the largest market for Australian sheep meat, while the Middle East and the US provide strong demand.\n“While sheep meat may only be a relatively small percentage of China and the US’s total meat consumption, the sheer scale of these markets means large volumes of Australian product are required,” said Mr Bennett.\nFor Australian wool, the outlook is also promising. While the world’s flock is increasing, its focus is on sheep meat, creating limited wool supply. This has led to export opportunities, with China’s wool imports rising from around 200,000 tonnes in the early 2000s, to more than 350,000 tonnes in recent years.\n“Limited supply, particularly for fine apparel sub 24.5 micron wool, combined with growing interest in natural fibres over synthetics amongst Asia’s middle-class, is expected to maintain strong demand for Australian wool,” said Mr Bennett.  \nDespite the rosy outlook, ANZ’s report highlights a number of challenges for the industry.\n“Changing consumer trends including a potential preference for grain finished meat, perceived health concerns regarding red meat consumption and the wider availability of alternative proteins in major export markets, could pose some risk,” said Mr Bennett.\n“Wider political and economic factors such as animal welfare concerns, trade regulations as well as climate variability and biosecurity risks, are also issues that the industry must monitor and prepare for.”\nDOWNLOAD MEDIA RELEASE \nDOWLOAD FULL REPORT \n    ",
          "author": "Simone Stella@/content/mediacentre/en/authors/simone-stella",
          "favicon": "https://media.anz.com/etc/designs/mediacentre/favicon.ico",
          "source": "media.anz.com",
          "published": "",
          "ttr": 87
     }
}