{
     "Date": "3/05/2019",
     "Open": "1.07",
     "High": "1.07",
     "Low": "1.02",
     "Close": "1.04",
     "Adj Close": "0.872364",
     "Volume": "251454",
     "headLine": "ANZ provides relief package for Victorian customers in wake of devastating bushfires",
     "link": "https://media.anz.com/posts/2019/03/anz-provides-relief-package-for-victorian-customers-in-wake-of-d",
     "article": {
          "url": "https://media.anz.com/posts/2019/03/anz-provides-relief-package-for-victorian-customers-in-wake-of-d",
          "title": "ANZ provides relief package for Victorian customers in wake of devastating bushfires",
          "description": "ANZ today announced a financial assistance package for bushfire-affected customers in Victoria where huge blazes have destroyed homes and burnt more than 12,000 hectares.",
          "links": [
               "https://media.anz.com/posts/2019/03/anz-provides-relief-package-for-victorian-customers-in-wake-of-d"
          ],
          "image": "https://media.anz.com/content/dam/mediacentre/images/mediareleases/2019/March/Bushfire%20-%20skycrane%20in%20Vic.jpg",
          "content": "\n            ANZ encouraged customers affected by the fires to contact the bank so they could discuss their ability to access measures in the financial relief package, including:\n\nThe ability to suspend repayments on loans, including credit cards, for up to three months (which may include interest capitalisation)\nTemporary interest rate relief on lending for customers experiencing extreme financial distress in areas impacted by the fires\nWaiving of fees associated with restructuring business loans considered necessary due to bushfire impacts\nAccess to term deposits early without incurring any fees\nAssistance for affected customers with ANZ Home and Contents insurance as they may be eligible for measures such as emergency funds and temporary accommodation\n\nANZ General Manager Retail Banking Victoria and Tasmania, Michael Wake said: “There are still dozens of fires burning across the state and while the cooler conditions have helped the brave fire-firefighters, there will be a difficult aftermath once the fires are extinguished.\n“We hope these relief measures help our customers with this painful experience as they turn their minds to recovery and, in some unfortunate cases, rebuilding,” Mr Wake said.\nANZ’s customers affected by the Victorian bushfires are encouraged to visit their local branch if they are able, or to contact their relationship manager to discuss the impact on their business or personal circumstances.\nCustomers can also contact ANZ’s dedicated financial hardship team on 1800 149 549 or anz.com/hardship.\nTo lodge an insurance claim, customers can call 13 16 14 or visit anz.com/insuranceclaims\nDownload PDF\n    ",
          "author": "Nick Higginbottom@/content/mediacentre/en/authors/nick-higginbottom",
          "favicon": "https://media.anz.com/etc/designs/mediacentre/favicon.ico",
          "source": "media.anz.com",
          "published": "",
          "ttr": 50
     }
}