{
     "Date": "16/11/2018",
     "Open": "1.03",
     "High": "1.06",
     "Low": "1.03",
     "Close": "1.04",
     "Adj Close": "0.846325",
     "Volume": "107267",
     "headLine": "Update on Bank@Post",
     "link": "https://media.anz.com/posts/2018/11/update-on-bank-post-",
     "article": {
          "url": "https://media.anz.com/posts/2018/11/update-on-bank-post-",
          "title": "Update on Bank@Post ",
          "description": "ANZ today announced its customers would still be able to use Bank@Post until 14 January 2019 despite it being unable to reach a fair extension of its contract with Australia Post.",
          "links": [
               "https://media.anz.com/posts/2018/11/update-on-bank-post-"
          ],
          "image": "https://media.anz.com/content/dam/mediacentre/images/mediareleases/2018/April/ANZ%20logo%20branch.jpg",
          "content": "\n            ANZ General Manager Retail Distribution Network Paul Presland said: “We will be talking to our customers currently relying on Bank@Post about the different ways they can already do their banking remotely.\n“ANZ is committed to regional Australia and we will also announce a number of additional options that will help businesses with basic banking transactions, such as cash and cheque management, early next year.\n“We are disappointed we have been unable to reach a fair and proportionate agreement with Australia Post given we were prepared to pay a substantial increase to access Bank@Post in regional Australia.\n“We don’t think it’s fair that with a flat access fee and our lower volumes we would be effectively paying around three to four times our biggest competitor,” Mr Presland said.\nDowload PDF \n    \n    For media enquiries contact\n        \n        +61 403 936 262\n        Francesca Rizzo\n        +61 481-014224\n        \n",
          "author": "Nick Higginbottom@/content/mediacentre/en/authors/nick-higginbottom,Francesca Rizzo@/content/mediacentre/en/authors/Francesca-Rizzo",
          "favicon": "https://media.anz.com/etc/designs/mediacentre/favicon.ico",
          "source": "media.anz.com",
          "published": "",
          "ttr": 29
     }
}