{
     "Date": "8/03/2021",
     "Open": "1.96",
     "High": "1.98",
     "Low": "1.95",
     "Close": "1.98",
     "Adj Close": "1.770817",
     "Volume": "88972",
     "headLine": "ANZ to extend Samsung Pay offering with eftpos choice",
     "link": "https://media.anz.com/posts/2021/march/anz-to-extend-samsung-pay-offering-with-eftpos-choice",
     "article": {
          "url": "https://media.anz.com/posts/2021/march/anz-to-extend-samsung-pay-offering-with-eftpos-choice",
          "title": "ANZ to extend Samsung Pay offering with eftpos choice",
          "description": "Millions of ANZ cardholders across retail and business can now choose eftpos when paying with their compatible Samsung smartphone. This provides the ability to make secure purchases and withdraw cash at the...",
          "links": [
               "https://media.anz.com/posts/2021/march/anz-to-extend-samsung-pay-offering-with-eftpos-choice"
          ],
          "image": "https://media.anz.com/content/dam/news/gallery/DigitalPayments/160711_ANZ_0017.jpg",
          "content": "\n            Millions of ANZ cardholders across retail and business can now choose eftpos when paying with their compatible Samsung smartphone. This provides the ability to make secure purchases and withdraw cash at the checkout of participating merchants when customers choose cheque or savings.\nANZ’s general manager of deposits Shannon Peachey said: “ANZ has been at the forefront of mobile payments in Australia and this feature is the next step in that evolution.\n“Our leading position in payments now provides our customers with easy to use and secure digital wallet options across nearly every major phone and smartwatch brand.”\n“We are always looking for ways to improve our customers’ payment experiences and this gives millions of our cardholders greater choice when using Samsung Pay,” Ms Peachey said.\neftpos CEO Stephen Benton said: “ANZ is the first Australian bank to launch Samsung Pay across both eftpos enabled multi-network debit and eftpos Access Basic debit cards, offering more choice for their customers.”\n“Samsung Pay with eftpos enables ANZ customers access to their own money via their Samsung smartphone while out shopping, with added benefits such as the ability to track their bank balances in real time.”\n\n“With Australians showing a greater preference for mobile payments and an average of 25% growth month on month across eftpos mobile transactions, we’re confident ANZ customers will embrace Samsung Pay with eftpos for everyday payments.” Mr Benton said.\n\nFor more information about ANZ’s range of digital wallets options and supported devices, visit: anz.com/mobilepayments\nDOWNLOAD PDF\n    ",
          "author": "Brett Foley @/content/mediacentre/en/authors/brett-foley",
          "favicon": "https://media.anz.com/etc/designs/mediacentre/favicon.ico",
          "source": "media.anz.com",
          "published": "",
          "ttr": 50
     }
}