{
     "Date": "9/02/2021",
     "Open": "2.02",
     "High": "2.05",
     "Low": "2.02",
     "Close": "2.03",
     "Adj Close": "1.815534",
     "Volume": "211969",
     "headLine": "Consumer confidence stabilises",
     "link": "https://media.anz.com/posts/2021/february/consumer-confidence-stabilises",
     "article": {
          "url": "https://media.anz.com/posts/2021/february/consumer-confidence-stabilises",
          "title": "Consumer confidence stabilises",
          "description": "Consumer confidence appears to be consolidating just below its long-run average, with the headline index declining a modest 0.6 per cent last week after a gain of 0.8 per cent the prior week. The softness...",
          "links": [
               "https://media.anz.com/posts/2021/february/consumer-confidence-stabilises"
          ],
          "image": "https://media.anz.com/content/dam/mediacentre/images/consumerconfidence/2019/November/man%20shopping.jpg",
          "content": "\n    \n            Consumer confidence appears to be consolidating just below its long-run average, with the headline index declining a modest 0.6 per cent last week after a gain of 0.8 per cent the prior week.\nThe softness came on the tempered assessment of ‘financial conditions’, while confidence in ‘economic conditions’ bounced back after weakness in the week before.\n‘Current financial conditions’ deteriorated 3.5 per cent, while ‘future financial conditions’ weakened 2.1 per cent. ‘Current economic conditions’ improved 1.7 per cent and ‘future economic conditions’ inched up 0.4 per cent.\n‘Time to buy a major household item’ was up a modest 0.3 per cent. The four-week moving average for inflation expectations was steady at 3.7 per cent.\n    \n    \n\n    \n            \"Consumer confidence is consolidating close to its long-run average,\" ANZ Head of Australian Economics David Plank said. \"This solidifies the recovery from 2020.\"\n\"Any meaningful breakout from here on will have to be on back of strong news or developments. The vaccine rollout in Australia could be the next big trigger, with a successful program possibly propelling sentiment much higher.\"\n\"Of course, difficulties in providing vaccine coverage could have the opposite effect.\"\nDownload PDF\n    \n\t\t\t\t\t\t",
          "author": "Emma Mellow@/content/mediacentre/en/authors/emma-mellow",
          "favicon": "https://media.anz.com/etc/designs/mediacentre/favicon.ico",
          "source": "media.anz.com",
          "published": "",
          "ttr": 38
     }
}