{
     "Date": "16/06/2021",
     "Open": "2.06",
     "High": "2.09",
     "Low": "2",
     "Close": "2.07",
     "Adj Close": "1.881137",
     "Volume": "484996",
     "headLine": "Consumer confidence upticks",
     "link": "https://media.anz.com/posts/2021/June/consumer-confidence-upticks",
     "article": {
          "url": "https://media.anz.com/posts/2021/June/consumer-confidence-upticks",
          "title": "Consumer confidence upticks",
          "description": "There was a slight increase in consumer confidence of 0.3 per cent last week, as the two-week lockdown in Melbourne ended, although with some restrictions remaining. Among the confidence subindices, both...",
          "links": [
               "https://media.anz.com/posts/2021/June/consumer-confidence-upticks"
          ],
          "image": "https://media.anz.com/content/dam/mediacentre/images/consumerconfidence/2018/August/Consumer%20Confidence%20Aug.JPG",
          "content": "\n    \n            There was a slight increase in consumer confidence of 0.3 per cent last week, as the two-week lockdown in Melbourne ended, although with some restrictions remaining. Among the confidence subindices, both current and future financial conditions declined, while the rest increased.\n‘Current financial conditions’ fell 4.3 per cent, while ‘future financial conditions’ softened\n1.5 per cent.\n‘Current economic conditions’ gained 1.4 per cent, while ‘future economic conditions’ rose\n2.3 per cent.\n‘Time to buy a major household item’ improved by 3.3 per cent. ‘Weekly inflation expectations’ fell by 0.1ppt to 3.9 per cent, with the four-week moving average up 0.1ppt to 3.9 per cent.\n    \n    \n\n    \n            \"Consumer confidence increased 0.3 per cent last week as the two-week lockdown in Melbourne came to an end, although restrictions such as mandatory wearing of masks in public places and other travel and gathering restrictions remained.\" ANZ Head of Australian Economics, David Plank said.\n\"This probably explains why confidence in Melbourne fell a further 0.9 per cent, while it rose by 4.8 per cent in regional Victoria.\"\n\"We see the rapid recovery in confidence in regional Victoria as evidence that consumer sentiment remains resilient in the face of temporary lock-downs and so don’t expect the more prolonged period of restrictions in Melbourne to have a long-term scarring effect.\"\nDownload PDF\n    \n\t\t\t\t\t\t",
          "author": "Emma Mellow@/content/mediacentre/en/authors/emma-mellow",
          "favicon": "https://media.anz.com/etc/designs/mediacentre/favicon.ico",
          "source": "media.anz.com",
          "published": "",
          "ttr": 43
     }
}