{
     "Date": "27/01/2021",
     "Open": "2.14",
     "High": "2.15",
     "Low": "2.1",
     "Close": "2.12",
     "Adj Close": "1.896026",
     "Volume": "296219",
     "headLine": "Shane Buggle appointed Acting Chief Financial Officer",
     "link": "https://media.anz.com/posts/2021/January/shane-buggle-appointed-acting-chief-financial-officer",
     "article": {
          "url": "https://media.anz.com/posts/2021/January/shane-buggle-appointed-acting-chief-financial-officer",
          "title": "Shane Buggle appointed Acting Chief Financial Officer",
          "description": "On 22 December 2020 ANZ announced that Chief Financial Officer Michelle Jablko will leave ANZ following her decision to take up a senior role at another organisation outside of financial services and that Ms...",
          "links": [
               "https://media.anz.com/posts/2021/January/shane-buggle-appointed-acting-chief-financial-officer"
          ],
          "image": "https://media.anz.com/content/dam/mediacentre/images/mediareleases/2021/file.jpeg",
          "content": "\n    \n            On 22 December 2020 ANZ announced that Chief Financial Officer Michelle Jablko will leave ANZ following her decision to take up a senior role at another organisation outside of financial services and that Ms Jablko would transition her duties over the coming months to current Group General Manager Internal Audit Shane Buggle who will be appointed Acting Chief Financial Officer.\n    \n    \n            Further to that announcement, Mr Buggle has been appointed Acting Chief Financial Officer with effect from 8 February 2021.  Ms Jablko will remain an employee of ANZ until 26 March 2021.\nCurrent General Manager Internal Audit, Group Functions Sandra Burns has been appointed as Acting Group General Manager Internal Audit, again with effect from 8 February 2021.\nDOWNLOAD PDF\n    \n\t\t\t\t\t\t",
          "author": "Stephen Ries@/content/mediacentre/en/authors/stephen-ries",
          "favicon": "https://media.anz.com/etc/designs/mediacentre/favicon.ico",
          "source": "media.anz.com",
          "published": "",
          "ttr": 24
     }
}