{
     "Date": "8/09/2020",
     "Open": "1.64",
     "High": "1.64",
     "Low": "1.6",
     "Close": "1.62",
     "Adj Close": "1.44885",
     "Volume": "33545",
     "headLine": "Consumer confidence bounces back",
     "link": "https://media.anz.com/posts/2020/09/consumer-confidence-bounces-back",
     "article": {
          "url": "https://media.anz.com/posts/2020/09/consumer-confidence-bounces-back",
          "title": "Consumer confidence bounces back",
          "description": "\"The consumer confidence survey was carried out ahead of the announcement of the plan for Victoria to emerge out of the lockdown,\" ANZ Head of Australian Economics, David Plank said. \"Even taking this into...",
          "links": [
               "https://media.anz.com/posts/2020/09/consumer-confidence-bounces-back"
          ],
          "image": "https://media.anz.com/content/dam/mediacentre/images/consumerconfidence/2018/August/Consumer%20Confidence%20Atm.JPG",
          "content": "\n            \"The consumer confidence survey was carried out ahead of the announcement of the plan for Victoria to emerge out of the lockdown,\" ANZ Head of Australian Economics, David Plank said.\n\"Even taking this into account, the uptick in confidence comes as a positive surprise. We had thought the release of the weak second-quarter GDP report during the week, with the media in particular focusing on the confirmation that Australia is in recession, would have dampened sentiment overall.\"\n\"The jump in ‘future economic conditions’ may indicate that a number of people think the economic situation is close to the bottom. Indeed, sentiment in this category is now close to the neutral level of 100.\" \n\"People are much more negative about the near-term economic outlook, however, though they are positive about their own current financial conditions.\"\nDOWNLOAD PDF\n    ",
          "author": "Phoebe O’Sullivan@/content/mediacentre/en/authors/phoebe-o_sullivan",
          "favicon": "https://media.anz.com/etc/designs/mediacentre/favicon.ico",
          "source": "media.anz.com",
          "published": "",
          "ttr": 28
     }
}