{
     "Date": "29/01/2020",
     "Open": "1.37",
     "High": "1.38",
     "Low": "1.37",
     "Close": "1.37",
     "Adj Close": "1.176245",
     "Volume": "111798",
     "headLine": "Consumer confidence dips",
     "link": "https://media.anz.com/posts/2020/01/consumer-confidence-dips",
     "article": {
          "url": "https://media.anz.com/posts/2020/01/consumer-confidence-dips",
          "title": "Consumer confidence dips",
          "description": "After two straight gains consumer confidence declined 0.3 per cent last week. ‘Overall financial conditions’ was flat as a decline of 0.5 per cent in ‘current finances’ was balanced by a similar increase in...",
          "links": [
               "https://media.anz.com/posts/2020/01/consumer-confidence-dips"
          ],
          "image": "https://media.anz.com/content/dam/mediacentre/images/consumerconfidence/2019/November/man%20shopping.jpg",
          "content": "\n    \n            After two straight gains consumer confidence declined 0.3 per cent last week.\n‘Overall financial conditions’ was flat as a decline of 0.5 per cent in ‘current finances’ was balanced by a similar increase in future finances.\n‘Current economic conditions’ fell 1.8 per cent while ‘future economic conditions’ gained 3.5 per cent last week.\n‘Time to buy a major household item’ was down 2.4 per cent compared to a gain of 4.7 per cent previously. The four-week moving average of ‘inflation e xpectations’ was stable at 3.9 per cent.\n    \n    \n\n    \n            \"Confidence declined modestly last week, despite the strong employment number,\" ANZ Head of Australian Economics David Plank said.\n\"The news flow around the coronavirus and the potential implications for Chinese and Australian growth likely acted as a material offset to the positive local news.\" \n\"There are a number of unusual influences on sentiment at present, such as the bushfires and coronavirus offsetting impact of strength in the labour market. This makes it more difficult than usual to assess how consumer spending will respond.\" \n\"We think this difficulty will see the Reserve Bank of Australia opt to wait for more information before it considers a further reduction in the cash rate.\"\nDownload PDF\n    \n\t\t\t\t\t\t",
          "author": "Phoebe O’Sullivan@/content/mediacentre/en/authors/phoebe-o_sullivan",
          "favicon": "https://media.anz.com/etc/designs/mediacentre/favicon.ico",
          "source": "media.anz.com",
          "published": "",
          "ttr": 40
     }
}