{
     "Date": "2/05/2019",
     "Open": "1.02",
     "High": "1.07",
     "Low": "1.02",
     "Close": "1.07",
     "Adj Close": "0.897528",
     "Volume": "591991",
     "headLine": "Consumer confidence: Confidence gains for the second week in a row",
     "link": "https://media.anz.com/posts/2019/02/consumer-confidence--confidence-gains-for-the-second-week-in-a-r",
     "article": {
          "url": "https://media.anz.com/posts/2019/02/consumer-confidence--confidence-gains-for-the-second-week-in-a-r",
          "title": "Consumer confidence: Confidence gains for the second week in a row",
          "description": "ANZ’s Head of Australian Economics, David Plank, commented: “Consumer confidence is showing signs of improvement despite a decidedly mixed domestic economic environment. The stronger AUD and a more supportive...",
          "links": [
               "https://media.anz.com/posts/2019/02/consumer-confidence--confidence-gains-for-the-second-week-in-a-r"
          ],
          "image": "https://media.anz.com/content/dam/mediacentre/images/consumerconfidence/2018/August/Consumer%20Confidence%20Aug.JPG",
          "content": "\n    \n            ANZ’s Head of Australian Economics, David Plank, commented:\n“Consumer confidence is showing signs of improvement despite a decidedly mixed domestic economic environment. The stronger AUD and a more supportive tone from the Fed might have been responsible for rise in confidence. A slight rebound in Chinese PMI may have also helped. A winning turn in the cricket may also have boosted sentiment. The mixed economic backdrop makes it difficult to believe an uptrend in confidence will be sustained, but the fact consumer sentiment is well above average is a pleasing contrast to some of the more downbeat news recently.”\nDonwload PDF\n    \n    \n    For media enquiries contact\n        \n        +61 2 8037 0029\n        Shaurya Mishra\n        +91 80 6795 3801\n        Francesca Rizzo\n        +61 481-014224\n        \n\n\t\t\t\t\t\t",
          "author": "David Plank@/content/mediacentre/en/authors/david-plank,Shaurya Mishra@/content/mediacentre/en/authors/shaurya-mishra,Francesca Rizzo@/content/mediacentre/en/authors/Francesca-Rizzo",
          "favicon": "https://media.anz.com/etc/designs/mediacentre/favicon.ico",
          "source": "media.anz.com",
          "published": "",
          "ttr": 24
     }
}