{
     "Date": "3/06/2021",
     "Open": "2.13",
     "High": "2.13",
     "Low": "2.07",
     "Close": "2.08",
     "Adj Close": "1.890225",
     "Volume": "131506",
     "headLine": "Paul Orton appointed Group General Manager Internal Audit",
     "link": "https://media.anz.com/posts/2021/June/paul-orton-appointed-group-general-manager-internal-audit",
     "article": {
          "url": "https://media.anz.com/posts/2021/June/paul-orton-appointed-group-general-manager-internal-audit",
          "title": "Paul Orton appointed Group General Manager Internal Audit",
          "description": "Having joined ANZ in 2009, Mr Orton is currently ANZ’s Head of Resources, Energy &amp; Infrastructure and was previously the Global Head for Project and Export Finance. ANZ Chief Executive Officer Shayne...",
          "links": [
               "https://media.anz.com/posts/2021/June/paul-orton-appointed-group-general-manager-internal-audit"
          ],
          "image": "https://media.anz.com/content/dam/mediacentre/images/mediareleases/2021/June/Paul%20Orton-high%20res.jpg",
          "content": "\n            Having joined ANZ in 2009, Mr Orton is currently ANZ’s Head of Resources, Energy &amp; Infrastructure and was previously the Global Head for Project and Export Finance.\nANZ Chief Executive Officer Shayne Elliott said: “It’s pleasing to be able to appoint a senior banker with Paul’s track-record and strong values to such an important role that provides the Board and our management team with independent and objective assurance on our operations.”\nPrior to joining ANZ, Mr Orton had an extensive banking career with NAB and Deutsche Bank. Mr Orton succeeds Shane Buggle who was appointed Acting Chief Financial Officer in February 2021.\nThe appointment is subject to meeting regulatory requirements and will be effective following a transition of existing responsibilities.\nDownload PDF\n    ",
          "author": "Stephen Ries@/content/mediacentre/en/authors/stephen-ries",
          "favicon": "https://media.anz.com/etc/designs/mediacentre/favicon.ico",
          "source": "media.anz.com",
          "published": "",
          "ttr": 25
     }
}