{
     "Date": "13/04/2021",
     "Open": "2.08",
     "High": "2.08",
     "Low": "2.06",
     "Close": "2.08",
     "Adj Close": "1.890225",
     "Volume": "58741",
     "headLine": "ANZ provides financial support for customers dealing with the aftermath of Tropical Cyclone Seroja in WA",
     "link": "https://media.anz.com/posts/2021/april/anz-provides-financial-support-for-customers-dealing-with-the-af",
     "article": {
          "url": "https://media.anz.com/posts/2021/april/anz-provides-financial-support-for-customers-dealing-with-the-af",
          "title": "ANZ provides financial support for customers dealing with the aftermath of Tropical Cyclone Seroja in WA",
          "description": "ANZ today announced it would provide a financial support package to help customers and businesses in Western Australian regions affected by Tropical Cyclone Seroja.",
          "links": [
               "https://media.anz.com/posts/2021/april/anz-provides-financial-support-for-customers-dealing-with-the-af"
          ],
          "image": "https://media.anz.com/content/dam/mediacentre/images/mediareleases/2021/April/WA%20cyclone.jpg",
          "content": "\n            The cyclone made landfall near the town of Kalbarri with gusts of up to 170km per hour late on Sunday. While it has since been downgraded, its path impacted more than 1,000km of Western Australia with reports of damaged houses, fallen trees and downed power lines.\nANZ encourages customers affected by the cyclone to contact the bank when they’re ready to discuss how they can access a range of financial support measures, including:\n\nPausing payments for up to three months on home loans, credit cards, personal loans and some business loans (we may still charge you interest during that period)      \nTemporary interest rate reductions on lending for customers experiencing extreme financial distress\nWaiving fees for restructuring business loans\nWaiving fees for accessing term deposits early\n\nANZ general manager for Western Australia Kathleen Jahour said: “Cyclone Seroja has left a path of destruction in its wake that will likely affect hundreds of residents, many of whom will not yet know the full extent of the damage.\n“As people begin the recovery process, we hope these relief measures we’ve announced today will help them as they face various challenges.”\nANZ customers affected by the cyclone are encouraged to visit their local branch if they are able, or to contact their relationship manager to discuss the impact on their business or personal circumstances.\nCustomers can also contact ANZ’s dedicated financial hardship team on 1800 149 549 or at anz.com.au/support/natural-disaster-support/\nCustomers with ANZ Home and Contents Insurance may be eligible for emergency funds and temporary accommodation.\nTo lodge an insurance claim, customers can call 13 16 14 or visit anz.com/insuranceclaims\nDownload PDF\n    ",
          "author": "Nick Higginbottom@/content/mediacentre/en/authors/nick-higginbottom",
          "favicon": "https://media.anz.com/etc/designs/mediacentre/favicon.ico",
          "source": "media.anz.com",
          "published": "",
          "ttr": 54
     }
}