{
     "Date": "13/10/2020",
     "Open": "1.67",
     "High": "1.7",
     "Low": "1.67",
     "Close": "1.68",
     "Adj Close": "1.502511",
     "Volume": "218522",
     "headLine": "Budget gives confidence a boost",
     "link": "https://media.anz.com/posts/2020/10/budget-gives-confidence-a-boost",
     "article": {
          "url": "https://media.anz.com/posts/2020/10/budget-gives-confidence-a-boost",
          "title": "Budget gives confidence a boost",
          "description": "Confidence gained 2.1 per cent last week, its sixth straight weekly gain. All the subindices gained except ‘current finances’. ‘Current financial conditions’ declined 1.5 per cent, while ‘future financial...",
          "links": [
               "https://media.anz.com/posts/2020/10/budget-gives-confidence-a-boost"
          ],
          "image": "https://media.anz.com/content/dam/mediacentre/images/mediareleases/2018/September/ANZ%20Apple%20Pay.JPG",
          "content": "\n    \n            Confidence gained 2.1 per cent last week, its sixth straight weekly gain. All the subindices gained except ‘current finances’.\n‘Current financial conditions’ declined 1.5 per cent, while ‘future financial conditions’ gained 3.7 per cent for its fifth straight week. ‘Current economic conditions’ gained 4.6 per cent and is up around 23 per cent over the six-week confidence gain.\nConfidence in current economic conditions is still very subdued, however. ‘Future economic conditions’ gained 3.1 per cent, its fourth-straight weekly increase.\n‘Time to buy a household item’ gained 0.5 per cent and the four-week moving average of ‘inflation expectations’ gained 0.1 percentage points to 3.5 per cent.\n    \n    \n\n    \n            \"Consumers have given a thumbs up to the Australian Federal Budget, with sentiment rising 2.1 per cent to its highest level since the last weekend of May,\" ANZ Head of Australian Economics, David Plank said. \"This is the second best post-budget gain in the last six years.\"\n\"There were healthy gains in ‘future finances’ and ‘current’ and ‘future’ economic conditions.\" \n\"Surprisingly, sentiment is weaker in New South Wales, including Sydney, than it is in Melbourne. Less surprisingly, confidence is strongest (and above neutral) in Perth. It is also above neutral in Tasmania and South Australia.\"\nDownload PDF\n    \n\t\t\t\t\t\t",
          "author": "Phoebe O’Sullivan@/content/mediacentre/en/authors/phoebe-o_sullivan",
          "favicon": "https://media.anz.com/etc/designs/mediacentre/favicon.ico",
          "source": "media.anz.com",
          "published": "",
          "ttr": 41
     }
}