{
     "Date": "18/01/2019",
     "Open": "0.99",
     "High": "0.99",
     "Low": "0.98",
     "Close": "0.99",
     "Adj Close": "0.805637",
     "Volume": "96606",
     "headLine": "ANZ extends Apple Pay offering with eftpos choice",
     "link": "https://media.anz.com/posts/2019/01/anz-extends-apple-pay-offering-with-eftpos-choice",
     "article": {
          "url": "https://media.anz.com/posts/2019/01/anz-extends-apple-pay-offering-with-eftpos-choice",
          "title": "ANZ extends Apple Pay offering with eftpos choice",
          "description": "ANZ today extends its Apple Pay offering, which gives its Access Advantage Visa debit card customers the option to choose cheque or savings accounts via eftpos with Apple Pay.",
          "links": [
               "https://media.anz.com/posts/2019/01/anz-extends-apple-pay-offering-with-eftpos-choice"
          ],
          "image": "https://media.anz.com/content/dam/mediacentre/images/mediareleases/2019/January/ANZ%20Apple%20Pay.JPG",
          "content": "\n            From today, millions of ANZ’s debit cardholders can now choose eftpos when paying with Apple Pay on an iPhone or Apple Watch. This provides the ability to make purchases and withdraw cash at the checkout of participating merchants when customers choose cheque or savings.\n ANZ Customer Engagement Lead Kath Bray said: “ANZ is continually looking for ways to improve our customers’ payment experiences and this gives our three million Access Advantage Visa debit cardholders more choice when making payments using Apple Pay.\n “Customers will still enjoy the same high level of convenience and security they have become used to with Apple Pay and eftpos,” Mrs Bray said.\n eftpos Managing Director, Stephen Benton, said: \"eftpos research shows payment choice is hugely important to customers and we’re excited ANZ debit cardholders will for the first time have the option to select eftpos to make a transaction from their CHQ or SAV account with Apple Pay.\" \n Security and privacy is at the core of Apple Pay, which is transforming mobile payments with an easy, secure and private way to pay that’s fast and convenient. When customers use an ANZ debit card with Apple Pay, the card numbers are not stored on the device, nor on Apple servers. Instead, a unique Device Account Number is assigned, encrypted and securely stored in the Secure Element on the device. Each transaction is authorised with a one-time unique dynamic security code.\nApple Pay is easy to set up and users will continue to receive all of the rewards and benefits offered by credit and debit cards. In stores Apple Pay works with iPhone SE, iPhone 6 and later, and Apple Watch.\n For more information about ANZ’s range of mobile payment options and supported devices, visit: anz.com/mobilepayments\n For more information on Apple Pay, visit: http://www.apple.com/au/apple-pay/\nDownload PDF\n    \n    For media enquiries contact\n        \n        +61 466 670 880 \n        Nick Higginbottom\n        +61 403 936 262\n        \n",
          "author": "Brett Foley @/content/mediacentre/en/authors/brett-foley,Nick Higginbottom@/content/mediacentre/en/authors/nick-higginbottom",
          "favicon": "https://media.anz.com/etc/designs/mediacentre/favicon.ico",
          "source": "media.anz.com",
          "published": "",
          "ttr": 63
     }
}