{
     "Date": "16/01/2018",
     "Open": "1.13",
     "High": "1.13",
     "Low": "1.12",
     "Close": "1.12",
     "Adj Close": "0.874317",
     "Volume": "32628",
     "headLine": "Consumer confidence: more than an empty resolution",
     "link": "https://media.anz.com/posts/2018/01/anz-roy-morgan-australian-consumer-confidence16",
     "article": {
          "url": "https://media.anz.com/posts/2018/01/anz-roy-morgan-australian-consumer-confidence16",
          "title": "Consumer confidence: more than an empty resolution",
          "description": "ANZ-Roy Morgan Australian Consumer Confidence continues its uptrend with the headline index climbing 1.2% last week to the highest since October 2013.",
          "links": [
               "https://media.anz.com/posts/2018/01/anz-roy-morgan-australian-consumer-confidence16"
          ],
          "image": "https://media.anz.com/content/dam/mediacentre/images/consumerconfidence/2018/January/2018.1.16.png",
          "content": "\n    \n            ANZ-Roy Morgan Australian Consumer Confidence continues its uptrend with the headline index climbing 1.2% last week to the highest since October 2013. Details were mixed, however, with views around future financial and economic conditions providing a slight drag on the headline number.\n\nThe current finances sub-index rose 2.0% last week following a solid 5.8% rise the week prior. Meanwhile views around future financial conditions eased a touch (-0.2%). Both sub-indices sit above their long term average.\n\nSentiment around current economic conditions rose 1.4% last week, bringing the index to its highest value since March 2013. Views around future conditions dipped 0.5% last week following a 4.2% increase previously.\n\nSentiment around the ‘time to buy a household item’ improved a solid 3.4% lifting the index well above its long term average.\n The weekly inflation expectations number bounced to 4.7% last week, though it remains unchanged at 4.5% in four week moving average terms.\nANZ’S HEAD OF AUSTRALIAN ECONOMICS, DAVID PLANK, COMMENTED:\n“The rise in confidence is quite encouraging and is consistent with the positive data out on building approvals and retail sales. In particular, the improvement in overall economic conditions since September supports our view of solid economic activity in 2018.\nLast week, we noted a positive seasonal bias to the first reading of the year. There is no clear seasonal bias in the second week, suggesting that the improvement in confidence this year may be more than just an empty resolution.\nIn our view, persistently low wage growth has acted to constrain rising confidence for some time. As such we see the February wage data as vital to how consumer confidence plays out over the coming months. In the near term, the employment numbers, out later this week, may also have an impact.”\n\n\n    \n    \n    \n\n    \n            Download the PDF for the full report.\nView PDF\n    \n\n    \n    \n                ANZ-Roy Morgan Consumer Confidence\n        \n    \n\n    \n    For media enquiries contact\n        \n        +91 80 6795 3801\n        David Plank\n        +61 2 8037 0029\n        \n\n\t\t\t\t\t\t",
          "author": "Mustafa Arif@/content/mediacentre/en/authors/mustafa-arif,David Plank@/content/mediacentre/en/authors/david-plank",
          "favicon": "https://media.anz.com/etc/designs/mediacentre/favicon.ico",
          "source": "media.anz.com",
          "published": "",
          "ttr": 64
     }
}