{
     "Date": "26/03/2019",
     "Open": "1",
     "High": "1",
     "Low": "0.98",
     "Close": "1",
     "Adj Close": "0.838811",
     "Volume": "3684854",
     "headLine": "Confidence stabilises below average",
     "link": "https://media.anz.com/posts/2019/03/confidence-stabilises-below-average",
     "article": {
          "url": "https://media.anz.com/posts/2019/03/confidence-stabilises-below-average",
          "title": "Confidence stabilises below average",
          "description": "• ANZ-Roy Morgan Australian Consumer Confidence was broadly unchanged last week, edging down just 0.1%. • The financial conditions sub-components were both negative. Current financial conditions fell 1.4%,...",
          "links": [
               "https://media.anz.com/posts/2019/03/confidence-stabilises-below-average"
          ],
          "image": "https://media.anz.com/content/dam/mediacentre/images/consumerconfidence/2019/March/heidi-sandstrom-173946-unsplash.jpg",
          "content": "\n    \n            • ANZ-Roy Morgan Australian Consumer Confidence was broadly unchanged last week, edging down just 0.1%. \n• The financial conditions sub-components were both negative. Current financial conditions fell 1.4%, following the 6% rise in the previous week, while future financial conditions were down by 3.3%. \n•  Economic conditions were mixed, with current economic conditions down 0.1% and future economic conditions rising 3.6%. \n• The ‘time to buy a household item’ rose by 1%, the first rise after three consecutive falls. Four-week moving average inflation expectations were stable at 4%.\n    \n    \n\n    \n            ANZ Senior Economist, Felicity Emmett, commented:\n“Confidence was broadly unchanged over the past week, remaining well below average. The strong February labour market report, showing further modest jobs growth and a tick down in the unemployment rate, failed to lift sentiment. With persistent weakness in the housing market, and little good news from offshore, either on the economic or geopolitical front, households seem fairly downbeat. Whether this is a new normal or a temporary lull remains to be seen.” \nDOWNLOAD PDF\n    \n\t\t\t\t\t\t",
          "author": "Phoebe O’Sullivan@/content/mediacentre/en/authors/phoebe-o_sullivan",
          "favicon": "https://media.anz.com/etc/designs/mediacentre/favicon.ico",
          "source": "media.anz.com",
          "published": "",
          "ttr": 34
     }
}