{
     "Date": "2/11/2020",
     "Open": "1.73",
     "High": "1.73",
     "Low": "1.7",
     "Close": "1.72",
     "Adj Close": "1.538285",
     "Volume": "301872",
     "headLine": "Consumer confidence edges down",
     "link": "https://media.anz.com/posts/2020/02/consumer-confidence-edges-down",
     "article": {
          "url": "https://media.anz.com/posts/2020/02/consumer-confidence-edges-down",
          "title": "Consumer confidence edges down",
          "description": "\"Consumer confidence has displayed a sawtooth pattern in recent weeks, with offsetting moves in many of the components leading to a lack of overall direction,\" ANZ Head of Australian Economics David Plank...",
          "links": [
               "https://media.anz.com/posts/2020/02/consumer-confidence-edges-down"
          ],
          "image": "https://media.anz.com/content/dam/mediacentre/images/consumerconfidence/2018/August/Consumer%20Confidence%20Aug.JPG",
          "content": "\n            \"Consumer confidence has displayed a sawtooth pattern in recent weeks, with offsetting moves in many of the components leading to a lack of overall direction,\" ANZ Head of Australian Economics David Plank said.\n\"Last week’s upbeat assessment of the outlook by the RBA may have buoyed ‘future economic conditions’, which rose to their highest level since mid-November.\"\n\"‘Future financial conditions’ also rose sharply, jumping to their highest level since early November. Sentiment around current conditions, though, was lower, as were views on whether it was ‘time to buy a major household item’.\"\n\"Heavy rain and floods in parts of the east coast and the coronavirus epidemic may have contributed to the weakness in these aspects of the survey. Overall, consumers are cautious, and it is difficult to see this lessening any time soon.\"\nDownload PDF\n    ",
          "author": "Phoebe O’Sullivan@/content/mediacentre/en/authors/phoebe-o_sullivan",
          "favicon": "https://media.anz.com/etc/designs/mediacentre/favicon.ico",
          "source": "media.anz.com",
          "published": "",
          "ttr": 27
     }
}