{
     "Date": "28/03/2018",
     "Open": "1.08",
     "High": "1.1",
     "Low": "1.08",
     "Close": "1.08",
     "Adj Close": "0.867317",
     "Volume": "224236",
     "headLine": "ANZ welcomes parliamentary report on life insurance industry",
     "link": "https://media.anz.com/posts/2018/03/anz-welcomes-parliamentary-report-on-life-insurance-industry",
     "article": {
          "url": "https://media.anz.com/posts/2018/03/anz-welcomes-parliamentary-report-on-life-insurance-industry",
          "title": "ANZ welcomes parliamentary report on life insurance industry",
          "description": "Commenting on the PJC report, ANZ Group Executive Wealth Alexis George said: \"The committee has considered a range of issues in producing this important report. “While ANZ is considering the findings, we...",
          "links": [
               "https://media.anz.com/posts/2018/03/anz-welcomes-parliamentary-report-on-life-insurance-industry"
          ],
          "image": "https://media.anz.com/content/dam/mediacentre/images/mediareleases/2018/March/report.jpg",
          "content": "\n            Commenting on the PJC report, ANZ Group Executive Wealth Alexis George said: \"The committee has considered a range of issues in producing this important report.\n“While ANZ is considering the findings, we believe there are a number of recommendations that should be reflected within the next update of the Life Code.\n“It would also be timely for the Australian Securities and Investments Commission to review and approve the Life Code given the positive consumer outcomes it could deliver.\n\"An open and transparent review process, followed by ASIC registration and enforcement will enhance the credibility of the Code and start to rebuild consumer trust and confidence in the life insurance industry,” Ms George said.\nANZ will continue to work constructively with government, industry and other key stakeholders to implement consumer-focused reforms.\nIn February, ANZ was the first retail superannuation fund to announce it would sign-up to and comply with the new Trustee Code.\nView PDF\n    ",
          "author": "Nick Higginbottom@/content/mediacentre/en/authors/nick-higginbottom",
          "favicon": "https://media.anz.com/etc/designs/mediacentre/favicon.ico",
          "source": "media.anz.com",
          "published": "",
          "ttr": 31
     }
}