{
     "Date": "17/07/2021",
     "Open": "",
     "High": "",
     "Low": "",
     "Close": "",
     "Adj Close": "",
     "Volume": "",
     "headLine": "ANZ steps up to once again help Australians impacted by COVID-19 lockdowns",
     "link": "https://media.anz.com/posts/2021/july/anz-steps-up-to-once-again-help-australians-impacted-by-covid-19",
     "article": {
          "url": "https://media.anz.com/posts/2021/july/anz-steps-up-to-once-again-help-australians-impacted-by-covid-19",
          "title": "ANZ steps up to once again help Australians impacted by COVID-19 lockdowns",
          "description": "ANZ today reinforced it was ready and willing to once again help customers impacted by COVID-19 as Victoria entered its latest lockdown and New South Wales toughened restrictions.",
          "links": [
               "https://media.anz.com/posts/2021/july/anz-steps-up-to-once-again-help-australians-impacted-by-covid-19"
          ],
          "image": "https://media.anz.com/content/dam/news/gallery/Executives/Shayne%20Elliott_AH027.jpg",
          "content": "\n            ANZ Chief Executive Officer Shayne Elliott said: “We know this is a challenging time for many people in these current lockdowns and we understand our customers will likely need some financial assistance.\n“We are ready to step up and help our customers again. We have an experienced team and a range of financial support measures for a variety of situations, as we know each customer’s circumstances are different,” Mr Elliott said.\n“Anyone who feels they might need some help should get in touch with ANZ to discuss their situation so we can understand how we can help. We know from experience that supporting each other is the best way to get through this and ANZ will do its part.”\nANZ business customers can apply for access to a range of financial relief measures in addition to ongoing hardship support. Key details include:\n\nAvailable to all business customers with business lending of less than $3m and a turnover of less than $5m (entity level)\nAvailable to those with repayments up to date or engaged in a payment program with the bank\nUp to 60 days repayment ‘deferral’ on Australian business loans\nMerchant terminal rental fees waived for a period of three months\nAccess to funds held in Business Notice Term Deposit and Farm Management Deposit accounts, without notice periods or break fees applying\n\nANZ retail customers experiencing a new financial hardship may also be eligible for a range of support measures, including temporarily reduced or paused home loan payments with arrears capitalised at the end of the assistance period.\nAll customers who need assistance should contact ANZ to discuss their specific needs. More information, including contact details can be found at anz.com/covid-19\nDownload PDF\n    ",
          "author": "Nick Higginbottom@/content/mediacentre/en/authors/nick-higginbottom",
          "favicon": "https://media.anz.com/etc/designs/mediacentre/favicon.ico",
          "source": "media.anz.com",
          "published": "",
          "ttr": 57
     }
}