{
     "Date": "3/02/2021",
     "Open": "2.03",
     "High": "2.07",
     "Low": "2.01",
     "Close": "2.04",
     "Adj Close": "1.824478",
     "Volume": "196583",
     "headLine": "ANZ provides bushfire relief package for Perth and surrounding areas",
     "link": "https://media.anz.com/posts/2021/february/anz-provides-bushfire-relief-package-for-perth",
     "article": {
          "url": "https://media.anz.com/posts/2021/february/anz-provides-bushfire-relief-package-for-perth",
          "title": "ANZ provides bushfire relief package for Perth and surrounding areas",
          "description": "ANZ today made a financial relief package available for customers affected by ongoing bushfires across the areas north east of Perth with dozens of homes already destroyed.",
          "links": [
               "https://media.anz.com/posts/2021/february/anz-provides-bushfire-relief-package-for-perth"
          ],
          "image": "https://media.anz.com/content/dam/mediacentre/images/mediareleases/2018/November/Bushfire.jpg",
          "content": "\n            People’s safety is the immediate focus, however when it is appropriate ANZ would encourage customers affected by the fires to contact the bank to discuss how they can access measures in the financial relief package, including:\n\nPausing payments for up to three months on home loans, credit cards, personal loans and some business loans (we may still charge you interest during that period)       \nTemporary interest rate reductions on lending for customers experiencing extreme financial distress\nWaiving fees for restructuring business loans\nWaiving fees for accessing term deposits early\n\nANZ General Manager Western Australia, Kathleen Jahour said: “These fires have already destroyed dozens of homes and safety remains the number one priority for those in the path of these fires, including the brave firefighters who put so much on the line to protect us.\n“At the appropriate time, when people shift their focus to recovering and rebuilding, we hope these relief measures help our customers as they deal with this devastating experience.”\nANZ customers affected by bushfires in a disaster-declared area are encouraged to visit their local branch if they are able, or to contact their relationship manager to discuss the impact on their business or personal circumstances.\nCustomers can also contact ANZ’s dedicated financial hardship team on 1800 149 549 or at anz.com.au/support/natural-disaster-support/\nCustomers with ANZ Home and Contents Insurance may be eligible for emergency funds and temporary accommodation.\nTo lodge an insurance claim, customers can call 13 16 14 or visit anz.com/insuranceclaims\n    ",
          "author": "Nick Higginbottom@/content/mediacentre/en/authors/nick-higginbottom",
          "favicon": "https://media.anz.com/etc/designs/mediacentre/favicon.ico",
          "source": "media.anz.com",
          "published": "",
          "ttr": 49
     }
}