{
     "Date": "10/02/2018",
     "Open": "",
     "High": "",
     "Low": "",
     "Close": "",
     "Adj Close": "",
     "Volume": "",
     "headLine": "Consumer confidence: consolidation continues",
     "link": "https://media.anz.com/posts/2018/09/consumer-confidence--consolidation-continues",
     "article": {
          "url": "https://media.anz.com/posts/2018/09/consumer-confidence--consolidation-continues",
          "title": "Consumer confidence: consolidation continues",
          "description": "ANZ-Roy Morgan Australian Consumer Confidence rose by 0.8% last week, reversing the fall of 0.7% in the previous week. All the sub-indices were positive other than the future financial situation.",
          "links": [
               "https://media.anz.com/posts/2018/09/consumer-confidence--consolidation-continues"
          ],
          "image": "https://media.anz.com/content/dam/mediacentre/images/consumerconfidence/2018/August/Consumer%20Confidence%20Atm.JPG",
          "content": "\n            ANZ’S HEAD OF AUSTRALIAN ECONOMICS, DAVID PLANK, COMMENTED\n“Confidence rose slightly last week, more than reversing the previous week’s fall and broadly consolidating around the current level over September. Overall confidence remains above the long-run average. Importantly, consumers’ perception of the current financial situation registered a third consecutive weekly gain and is at its highest level since early 2018. Consumer resilience in the face of the weaker housing market and, more recently, the rise in petrol prices is encouraging.  \nThere are a number of domestic events that could impact consumer sentiment over the next few weeks, ranging from this week’s RBA statement and news on retail sales to labour market data later in October. On balance we are constructive on the data flow, which should broadly support consumer confidence though we are mindful that rising petrol prices in particular could negatively impact sentiment - even if this does not seem to be the case in recent weeks.”\nPlease see the attached document for further details.\n    \n    \n                Insights\n        \n        \n                ANZ-Roy Morgan Consumer Confidence\n        \n    \n\n    For media enquiries contact\n        \n        +61 2 8037 0029\n        Francesca Rizzo\n        +61 481-014224\n        \n",
          "author": "David Plank@/content/mediacentre/en/authors/david-plank,Francesca Rizzo@/content/mediacentre/en/authors/Francesca-Rizzo",
          "favicon": "https://media.anz.com/etc/designs/mediacentre/favicon.ico",
          "source": "media.anz.com",
          "published": "",
          "ttr": 37
     }
}