{
     "Date": "10/08/2019",
     "Open": "",
     "High": "",
     "Low": "",
     "Close": "",
     "Adj Close": "",
     "Volume": "",
     "headLine": "Update on customer remediation impact on 2H19 results",
     "link": "https://media.anz.com/posts/2019/10/update-on-customer-remediation-impact-on-2h19-results",
     "article": {
          "url": "https://media.anz.com/posts/2019/10/update-on-customer-remediation-impact-on-2h19-results",
          "title": "Update on customer remediation impact on 2H19 results",
          "description": "ANZ today announced its second half 2019 Cash Profit will be impacted by a charge of $559m  (after-tax) as a result of increased provisions for customer related remediation. ",
          "links": [
               "https://media.anz.com/posts/2019/10/update-on-customer-remediation-impact-on-2h19-results"
          ],
          "image": "https://media.anz.com/content/dam/mediacentre/images/mediareleases/2019/July/ANZ%20Pitt%20street%20logo.jpg",
          "content": "\n    \n    ANZ today announced its second half 2019 Cash Profit will be impacted by a charge of $559m[1] (after-tax) as a result of increased provisions for customer related remediation.\n\n    \n    \n            Continuing operations\nWithin continuing operations, remediation charges recognised in the second half of 2019 will be $405m after-tax ($485m before tax), largely related to product reviews in Australia Retail &amp; Commercial for fee and interest calculation and related matters.  These include historical matters recently identified during the period, as well as refinements to estimates of existing customer compensation programs and associated costs.\nDiscontinued operations [2]\nWithin discontinued operations, remediation charges recognised in the second half of 2019 will be $154m after-tax ($166m before tax), primarily associated with the advice remediation program and customer compensation charges for other Wealth products.\n    \n    \n    \n\n    \n            The charges relate to issues that have been identified from reviews to date and these reviews remain ongoing.\nANZ Chief Financial Officer Michelle Jablko said: “We recognise the impact this has on both customers and shareholders. We are well progressed in fixing issues and have a dedicated team of more than 500 specialists working hard to get any money owed back to customers as quickly as possible.”\nDownload PDF\n[1] All items are approximates on an unaudited after tax basis (in applicable tax jurisdictions unless otherwise stated)\n[2] Discontinued operations represents our Australian Wealth businesses sold or agreed to be sold including OnePath Pensions and Investments, ANZ’s aligned dealer groups and OnePath Life \n    \n\n\t\t\t\t\t\t\n\t\t\t\t\t\t",
          "author": "Stephen Ries@/content/mediacentre/en/authors/stephen-ries",
          "favicon": "https://media.anz.com/etc/designs/mediacentre/favicon.ico",
          "source": "media.anz.com",
          "published": "",
          "ttr": 48
     }
}