{
     "Date": "21/12/2018",
     "Open": "0.98",
     "High": "0.98",
     "Low": "0.97",
     "Close": "0.98",
     "Adj Close": "0.797499",
     "Volume": "152955",
     "headLine": "ANZ provides relief package for NSW customers affected by hailstorms",
     "link": "https://media.anz.com/posts/2018/12/anz-provides-relief-package-for-nsw-customers-affected-by-hailst",
     "article": {
          "url": "https://media.anz.com/posts/2018/12/anz-provides-relief-package-for-nsw-customers-affected-by-hailst",
          "title": "ANZ provides relief package for NSW customers affected by hailstorms",
          "description": "ANZ encouraged affected customers to contact the bank so they could discuss their ability to access measures in the financial relief package, including:  The ability to suspend repayments on loans, including...",
          "links": [
               "https://media.anz.com/posts/2018/12/anz-provides-relief-package-for-nsw-customers-affected-by-hailst"
          ],
          "image": "https://media.anz.com/content/dam/mediacentre/images/mediareleases/2018/December/storm-clouds-3499982__340.jpg",
          "content": "\n            ANZ encouraged affected customers to contact the bank so they could discuss their ability to access measures in the financial relief package, including:\n\nThe ability to suspend repayments on loans, including credit cards, for up to three months (which may include interest capitalisation)\nTemporary interest rate relief on lending for customers experiencing extreme financial distress in areas impacted by the storms\nWaiving of fees associated with restructuring business loans considered necessary due to storm impacts\nAccess to term deposits early without incurring any fees\nAssistance for affected customers with ANZ Home and Contents insurance as they may be eligible for measures such as emergency funds and temporary accommodation\n\nANZ Managing Director Retail Distribution, Catriona Noble said: “These were some of the worst storms we’ve seen in Sydney and the surrounding area for decades.\n“It’s difficult for our customers who now need to deal with the aftermath, particularly as it is so close to the Christmas holiday period. We hope these relief measures help them with that task,” Ms Noble said.\nANZ’s customers affected by the NSW storms are encouraged to visit their local branch if they are able, or to contact their relationship manager to discuss the impact on their business or personal circumstances.\nCustomers can also contact ANZ’s dedicated financial hardship team on 1800 149 549 or anz.com/hardship.\nTo lodge an insurance claim, customers can call 13 16 14 or visit anz.com.au/personal/insurance/make-a-claim/ \nView PDF\n    ",
          "author": "Nick Higginbottom@/content/mediacentre/en/authors/nick-higginbottom",
          "favicon": "https://media.anz.com/etc/designs/mediacentre/favicon.ico",
          "source": "media.anz.com",
          "published": "",
          "ttr": 47
     }
}