{
     "Date": "7/12/2020",
     "Open": "1.88",
     "High": "1.9",
     "Low": "1.88",
     "Close": "1.88",
     "Adj Close": "1.681381",
     "Volume": "203693",
     "headLine": "Job Ads climb higher on Melbourne reopening",
     "link": "https://media.anz.com/posts/2020/12/job-ads-climb-higher-on-melbourne-reopening",
     "article": {
          "url": "https://media.anz.com/posts/2020/12/job-ads-climb-higher-on-melbourne-reopening",
          "title": "Job Ads climb higher on Melbourne reopening",
          "description": "ANZ Senior Economist, Catherine Birch, commented: Victoria’s reopening has sparked an acceleration in the Job Ads recovery through October and November, with ANZ Job Ads up 27% over the two-month period....",
          "links": [
               "https://media.anz.com/posts/2020/12/job-ads-climb-higher-on-melbourne-reopening"
          ],
          "image": "https://media.anz.com/content/dam/mediacentre/images/jobads/2020/August/job%20ads.jpg",
          "content": "\n            ANZ Senior Economist, Catherine Birch, commented: \nVictoria’s reopening has sparked an acceleration in the Job Ads recovery through October and November, with ANZ Job Ads up 27% over the two-month period. While regional Victorian restrictions started easing earlier, Melbourne’s restrictions have lifted progressively since 28 September. Accordingly, our Australia-wide high frequency indicator shows activity has risen to just shy of its trend level and Victorian spending has surged. \nWe expect this will translate into further significant employment gains in Victoria in the near-term, following the 87k rise in October. ANZ Job Ads are on track to match or even exceed pre-COVID levels by yearend. This suggests that the rebound in national employment could continue into early-2021 at least, although the lagged recovery in full-time employment remains a concern. There are other challenges to face in 2021, not least the end of JobKeeper. Even if employment gains persist, it will be a lot longer before underutilisation can be brought back down to a satisfactory rate. \nDOWNLOAD PDF\n    ",
          "author": "Brittannie Edwards@/content/mediacentre/en/authors/brittannie-edwards",
          "favicon": "https://media.anz.com/etc/designs/mediacentre/favicon.ico",
          "source": "media.anz.com",
          "published": "",
          "ttr": 34
     }
}