{
     "Date": "17/05/2019",
     "Open": "1.06",
     "High": "1.09",
     "Low": "1.06",
     "Close": "1.09",
     "Adj Close": "0.914304",
     "Volume": "417449",
     "headLine": "ANZ to change advice model and phase out Prime Access",
     "link": "https://media.anz.com/posts/2019/05/anz-to-change-advice-model-and-phase-out-prime-access-",
     "article": {
          "url": "https://media.anz.com/posts/2019/05/anz-to-change-advice-model-and-phase-out-prime-access-",
          "title": "ANZ to change advice model and phase out Prime Access ",
          "description": "ANZ today announced it will change the way it provides ongoing advice for customers through its ANZ Financial Planning business.",
          "links": [
               "https://media.anz.com/posts/2019/05/anz-to-change-advice-model-and-phase-out-prime-access-"
          ],
          "image": "https://media.anz.com/content/dam/mediacentre/images/mediareleases/2019/March/ANZ%20Generic_Logo00051.jpg",
          "content": "\n            From today ANZ will no longer offer its Prime Access financial advice service to new customers and will phase it out for current customers over the next 18 months.\nANZ Managing Director Private Banking and Advice, Mike Norfolk said: “We are determined to keep making improvements to the way we offer customers high quality and accessible advice.\n“We know we need to think differently about how we do this, which is why we are taking a new approach to providing our customers ongoing advice and phasing out Prime Access as part of that.\n“Our new service will give customers complete control of when and how they want to review their financial plan.”\nANZ Financial Planners will talk to current Prime Access customers during their annual review to understand their ongoing needs and how the new advice model could best work for them.\nANZ’s new service will also provide customers with greater choice of regular financial reviews.\nIt comes after ANZ unveiled its plan to improve financial planning 12 months ago, which included the removal of all sales incentives for financial planning bonuses and speeding up customer remediation.\nPrime Access was first offered in 2003. ANZ started a fee reimbursement approach in 2015 for customers that did not receive an annual documented review as part of their Prime Access package between 2006 and 2013. The Australian Securities and Investments Commission accepted this approach as part of an enforceable undertaking in 2018.\nDOWNLOAD PDF\n    ",
          "author": "Nick Higginbottom@/content/mediacentre/en/authors/nick-higginbottom",
          "favicon": "https://media.anz.com/etc/designs/mediacentre/favicon.ico",
          "source": "media.anz.com",
          "published": "",
          "ttr": 49
     }
}