{
     "Date": "3/12/2019",
     "Open": "1.23",
     "High": "1.24",
     "Low": "1.23",
     "Close": "1.24",
     "Adj Close": "1.064631",
     "Volume": "62348",
     "headLine": "Consumer confidence tumbles",
     "link": "https://media.anz.com/posts/2019/03/consumer-confidence-tumbles",
     "article": {
          "url": "https://media.anz.com/posts/2019/03/consumer-confidence-tumbles",
          "title": "Consumer confidence tumbles",
          "description": "• ANZ-Roy Morgan Australian Consumer Confidence nosedived to 109.5, a fall of 4.6 per cent from the previous week’s reading. All the sub-indices were in the negative, with three components falling more than 5...",
          "links": [
               "https://media.anz.com/posts/2019/03/consumer-confidence-tumbles"
          ],
          "image": "https://media.anz.com/content/dam/bluenotes/images/articles/2016/October/williamsjapan_thumb.jpg",
          "content": "\n    \n            • ANZ-Roy Morgan Australian Consumer Confidence nosedived to 109.5, a fall of 4.6 per cent from the previous week’s reading. All the sub-indices were in the negative, with three components falling more than 5 per cent. The decline has also resulted in the headline index and each sub-index closing below their long-run averages.\n• Current financial conditions fell by 2.9 per cent, while future financial conditions took a bigger hit, falling 5.4 per cent.\n• The economic conditions sub-indices were also in the negative, with current economic conditions falling a sharp 7.9 per cent and future economic conditions declining by 5.4 per cent.\n• The ‘time to buy a household item’ fell by 1.7 per cent vis-à-vis a decline of 2.1 per cent in the previous reading.\n    \n    \n\n    \n            ANZ’s Head of Australian Economics, David Plank, commented:\n“Confidence took a significant hit last week, falling well below average. We think the soft GDP report and, perhaps more importantly, the focus on a 'per-capita recession' were the primary factors in the plunge.\"\n\"The last such big decline in confidence was the weekend of the Wentworth by-election, something we thought was unlikely to have\na lasting impact on sentiment. This decline could be longer-lasting as it appears to be more related to underlying economic conditions.\"\n\"If it proves to be a sustained decline then it is yet more bad news about a household sector that is already under pressure. No doubt the Reserve Banbk of Australia will take note.”\nDownload PDF\n    \n\t\t\t\t\t\t",
          "author": "Phoebe O’Sullivan@/content/mediacentre/en/authors/phoebe-o_sullivan",
          "favicon": "https://media.anz.com/etc/designs/mediacentre/favicon.ico",
          "source": "media.anz.com",
          "published": "",
          "ttr": 50
     }
}