{
     "Date": "19/08/2019",
     "Open": "1.22",
     "High": "1.23",
     "Low": "1.2",
     "Close": "1.2",
     "Adj Close": "1.006574",
     "Volume": "149036",
     "headLine": "ANZ completes sale of ANZ Royal stake",
     "link": "https://media.anz.com/posts/2019/08/anz-completes-sale-of-anz-royal-stake",
     "article": {
          "url": "https://media.anz.com/posts/2019/08/anz-completes-sale-of-anz-royal-stake",
          "title": "ANZ completes sale of ANZ Royal stake",
          "description": "ANZ today announced it has completed the sale of its 55% stake in Cambodian joint-venture ANZ Royal Bank to J Trust.                The previously announced sale is in line with ANZ’s strategy to simplify...",
          "links": [
               "https://media.anz.com/posts/2019/08/anz-completes-sale-of-anz-royal-stake"
          ],
          "image": "https://media.anz.com/content/dam/mediacentre/images/mediareleases/2019/July/ANZ%20Pitt%20street%20logo.jpg",
          "content": "\n    \n    ANZ today announced it has completed the sale of its 55% stake in Cambodian joint-venture ANZ Royal Bank to J Trust.\n\n    \n            The previously announced sale is in line with ANZ’s strategy to simplify its business and operate wholly-owned Institutional businesses in the region.\nJ Trust is a Japanese diversified financial holding company listed on the Tokyo Stock Exchange with operations in five countries including banking operations in South Korea and Indonesia.\nANZ’s Institutional Bank has a presence in 14 different markets in Asia and was ranked No. 1 for overall quality in relationships in Asia by Greenwich Associates in 2019.\nDownload PDF\n    \n\t\t\t\t\t\t",
          "author": "Noel Cheung@/content/mediacentre/en/authors/noel-cheung",
          "favicon": "https://media.anz.com/etc/designs/mediacentre/favicon.ico",
          "source": "media.anz.com",
          "published": "",
          "ttr": 21
     }
}