{
     "Date": "1/06/2021",
     "Open": "2.1",
     "High": "2.1",
     "Low": "2.05",
     "Close": "2.07",
     "Adj Close": "1.881137",
     "Volume": "76737",
     "headLine": "Consumer confidence drops",
     "link": "https://media.anz.com/posts/2021/June/consumer-confidence-drops",
     "article": {
          "url": "https://media.anz.com/posts/2021/June/consumer-confidence-drops",
          "title": "Consumer confidence drops",
          "description": "Consumer confidence declined 2.5 per cent last week, as a seven-day COVID lockdown was announced in Victoria on May 27. Counterintuitively, confidence was down by more in Sydney and Brisbane than it was in...",
          "links": [
               "https://media.anz.com/posts/2021/June/consumer-confidence-drops"
          ],
          "image": "https://media.anz.com/content/dam/mediacentre/images/consumerconfidence/2018/August/Consumer%20Confidence%20Aug.JPG",
          "content": "\n    \n            Consumer confidence declined 2.5 per cent last week, as a seven-day COVID lockdown was announced in Victoria on May 27. Counterintuitively, confidence was down by more in Sydney and Brisbane than it was in Melbourne. All of the confidence subindices fell.\n‘Current financial conditions’ fell by 3.0 per cent, while ‘future financial conditions’ softened 2.4 per cent. ‘Current economic conditions’ lost 0.5 per cent and ‘future economic conditions’ dropped 4.0 per cent.\n‘Time to buy a major household item’ weakened 2.6 per cent. ‘Weekly inflation expectations’ increased by 0.2 percentage points to 3.9 per cent, pushing the four-week moving average up 0.1 percentage points to 3.8 per cent.\n    \n    \n\n    \n            \"The announcement of a seven-day lockdown in Victoria in response to an outbreak of COVID-19 has impacted consumer confidence around the country,\" ANZ Head of Australian Economics, David Plank said.\n\"Confidence fell 3.8 per cent in Melbourne, but was actually down more sharply in Brisbane (-4.7 per cent) and Sydney (-4.5 per cent).\"\n\"ANZ-Roy Morgan survey data show short lock-downs don’t have a lasting impact on consumer sentiment. Nor has Victoria’s experience of lockdowns in 2020 driven a wedge between sentiment in that state and the rest of the country.\"\n\"This offers the prospect that even an extension of the current lockdown may not have too dramatic an impact on consumer sentiment. Of course, the absence of JobKeeper for this episode means we need to alert to worse results than the experience to date.\"\nDownload PDF\n    \n\t\t\t\t\t\t",
          "author": "Emma Mellow@/content/mediacentre/en/authors/emma-mellow",
          "favicon": "https://media.anz.com/etc/designs/mediacentre/favicon.ico",
          "source": "media.anz.com",
          "published": "",
          "ttr": 49
     }
}