{
     "Date": "26/09/2018",
     "Open": "1.09",
     "High": "1.09",
     "Low": "1.08",
     "Close": "1.08",
     "Adj Close": "0.878877",
     "Volume": "250358",
     "headLine": "ANZ implements Google Cloud to drive productivity and insights capability",
     "link": "https://media.anz.com/posts/2018/09/anz-implements-google-cloud-to-drive-productivity-and-insights-c",
     "article": {
          "url": "https://media.anz.com/posts/2018/09/anz-implements-google-cloud-to-drive-productivity-and-insights-c",
          "title": "ANZ implements Google Cloud to drive productivity and insights capability",
          "description": "ANZ today announced it is working with Google in Australia to enhance its data and analytics capability, using cloud technology to accelerate the delivery of data-driven business insights to Institutional Customers.",
          "links": [
               "https://media.anz.com/posts/2018/09/anz-implements-google-cloud-to-drive-productivity-and-insights-c"
          ],
          "image": "https://media.anz.com/content/dam/mediacentre/images/mediareleases/2018/September/Google%202.jpg",
          "content": "\n            This follows a successful proof-of-concept which used the secure cloud technology to analyse aggregated, de-identified data sets for customer insights, a task previously done manually.\nANZ Head of Data and Digital, Institutional, Joss Raines said: “Increasingly, our Institutional customers are looking to us for strategic partnership in addition to the financial products and services we offer. The cloud based platform can give our bankers meaningful data insights instantly – as it allows us to process data 250 times faster.\n“Over time we can help customers make informed business decisions more quickly on issues like liquidity, risk and cash management, or strategic calls like store locations, inventory and market positioning,” Mr Raines said.\nGoogle Cloud Country Director, Australia and New Zealand, Colin Timm said: “We are delighted to be working with ANZ on their innovation journey to help deliver a better experience for customers.\n“Our teams are collaborating to deliver value across the Google Cloud Platform, with focus on where it matters most for customers in analytics, application development capabilities and machine learning to accelerate innovation across the bank,” Mr Timm said.  \nView PDF\n    ",
          "author": "Phoebe O’Sullivan@/content/mediacentre/en/authors/phoebe-o_sullivan",
          "favicon": "https://media.anz.com/etc/designs/mediacentre/favicon.ico",
          "source": "media.anz.com",
          "published": "",
          "ttr": 37
     }
}