{
     "Date": "20/07/2020",
     "Open": "1.44",
     "High": "1.45",
     "Low": "1.43",
     "Close": "1.43",
     "Adj Close": "1.256087",
     "Volume": "409779",
     "headLine": "Rents plummet in inner Melbourne and Sydney amid record oversupply of properties",
     "link": "https://media.anz.com/posts/2020/07/rents-plummet-in-inner-melbourne-and-sydney-amid-record-oversupp",
     "article": {
          "url": "https://media.anz.com/posts/2020/07/rents-plummet-in-inner-melbourne-and-sydney-amid-record-oversupp",
          "title": "Rents plummet in inner Melbourne and Sydney amid record oversupply of properties",
          "description": "Loss of income and travel restrictions contributed to excess stock levels which saw inner Melbourne record a 57 per cent increase in advertised rental properties while Sydney’s city and inner south both...",
          "links": [
               "https://media.anz.com/posts/2020/07/rents-plummet-in-inner-melbourne-and-sydney-amid-record-oversupp"
          ],
          "image": "https://media.anz.com/content/dam/news/articles/2020/July/Housing%20Affordability_thumb.jpg",
          "content": "\n            Loss of income and travel restrictions contributed to excess stock levels which saw inner Melbourne record a 57 per cent increase in advertised rental properties while Sydney’s city and inner south both recorded a 53 per cent jump. All other capital cities saw a drop in total rental listings.\nANZ Economist Felicity Emmett said the fall in demand for rental properties in inner Melbourne and Sydney was due to their ‘service economies’, as people working in industries hardest hit by COVID-19 were also most likely to rent.\n“Nearly 40 per cent of people who work in the accommodation and food services sectors rent,” Ms Emmett said. “Between the weeks ending 14 March and 27 June, 21% of hospitality workers lost their jobs, compared to an average of 6% across all industries.”\n“The lack of overseas migration has also contributed to falling demand as about 80% of newly arrived migrants rent. This drop-off in demand will impact regions popular with migrants, including inner city and south-eastern Melbourne, and inner south west Sydney.”\nThe oversupply of inner city stock has pushed rental values down as much as 7 per cent in suburbs such as Haymarket and Barangaroo in Sydney and Southbank in Melbourne.\nCoreLogic’s Head of Research, Eliza Owen, says while reduced competition for rental properties is good news for tenants looking to negotiate rent reductions, landlords shouldn’t panic.\n“The oversupply of rental stock since March has been largely confined to inner city areas in Melbourne and Sydney, while all other capital cities have experienced a decline,” Ms Owen said.\n“There are still opportunities for investors where rental markets have continued to tighten and rental values have increased, including select suburbs across Perth and Hobart where Airbnb stock may be reverted back to the short term rental market as inter-state travel resumes.”\n    \n    For media enquiries contact\n        \n        +61 437 988 626\n        Penny Basset\n        +61 419 885 822\n        \n",
          "author": "Karly Dwyer@/content/mediacentre/en/authors/karly-dwyer,Penny Basset@/content/mediacentre/en/authors/penny-basset",
          "favicon": "https://media.anz.com/etc/designs/mediacentre/favicon.ico",
          "source": "media.anz.com",
          "published": "",
          "ttr": 63
     }
}