{
     "Date": "15/03/2018",
     "Open": "1.1",
     "High": "1.1",
     "Low": "1.05",
     "Close": "1.07",
     "Adj Close": "0.859286",
     "Volume": "123994",
     "headLine": "ANZ finalises sale of six Asian retail and wealth businesses",
     "link": "https://media.anz.com/posts/2018/02/anz-finalises-sale-of-six-asian-retail-and-wealth-businesses",
     "article": {
          "url": "https://media.anz.com/posts/2018/02/anz-finalises-sale-of-six-asian-retail-and-wealth-businesses",
          "title": "ANZ finalises sale of six Asian retail and wealth businesses",
          "description": "ANZ today advised it has finalised the sale of its previously announced six retail and wealth businesses in Asia, allowing it to further focus on institutional and large corporate customers\nmoving goods and capital across the region.",
          "links": [
               "https://media.anz.com/posts/2018/02/anz-finalises-sale-of-six-asian-retail-and-wealth-businesses"
          ],
          "image": "https://media.anz.com/content/dam/mediacentre/images/mediareleases/ANZ_logo.png",
          "content": "\n            Originally announced in October 2016, ANZ has now successfully transferred its retail and wealth businesses in Indonesia, China, Hong Kong, Taiwan and Singapore to DBS Bank. ANZ also finalised the sale of its retail business in Vietnam to Shinhan Bank at the end of 2017. \nANZ Group Executive, International Farhan Faruqui said: “With the sale of these retail businesses in Asia now finalised, we can further strengthen our focus on supporting large corporate and institutional customers moving goods and capital across the region.”\nView PDF \n    ",
          "author": "Stephen Ries@/content/mediacentre/en/authors/stephen-ries",
          "favicon": "https://media.anz.com/etc/designs/mediacentre/favicon.ico",
          "source": "media.anz.com",
          "published": "",
          "ttr": 17
     }
}