{
     "Date": "15/06/2021",
     "Open": "2.09",
     "High": "2.1",
     "Low": "2.07",
     "Close": "2.07",
     "Adj Close": "1.881137",
     "Volume": "597061",
     "headLine": "ANZ ranked #1 Institutional Bank in Australia for the sixth consecutive year",
     "link": "https://media.anz.com/posts/2021/June/anz-ranked--1-institutional-bank-in-australia-for-the-sixth-cons",
     "article": {
          "url": "https://media.anz.com/posts/2021/June/anz-ranked--1-institutional-bank-in-australia-for-the-sixth-cons",
          "title": "ANZ ranked #1 Institutional Bank in Australia for the sixth consecutive year",
          "description": "ANZ’s Institutional business has maintained its leadership of the Australian market, ranking #1 for outright and lead bank penetration and overall relationship strength, according to the 2021 Peter Lee...",
          "links": [
               "https://media.anz.com/posts/2021/June/anz-ranked--1-institutional-bank-in-australia-for-the-sixth-cons"
          ],
          "image": "https://media.anz.com/content/dam/mediacentre/images/mediareleases/2021/June/Peter%20Lee%20.png",
          "content": "\n            ANZ’s Institutional business has maintained its leadership of the Australian market, ranking #1 for outright and lead bank penetration and overall relationship strength, according to the 2021 Peter Lee Associates Large Corporate and Institutional Relationship Banking Survey.\nCustomers ranked ANZ number one for providing support through the COVID-19 pandemic, with 80% of respondents describing ANZ’s support as excellent or above average. This is a one-off measure and was the largest difference between ANZ and other banks involved in the survey.\nHighlights of the survey for ANZ include:\n\nMaintained the #1 position in the Relationship Strength Index (RSI) for the eighth year in a row;\nFor the sixth consecutive year ranked #1 Institutional bank for outright and lead banking relationships, with 74% of 590 respondents stating they have a relationship with ANZ;\nMaintained highest lead bank penetration score of 39%, also ranking #1 as lead provider in 10 of 13 product groups;\nRanked #1 for COVID-19 support; and\nRanked clear market leader in Environmental Social and Governance (ESG) and Sustainable Finance.\n\nANZ Managing Director, Institutional Australia &amp; PNG, Tammy Medard said: “ANZ’s consistently strong Peter Lee results reflect our focus on fostering long-lasting, trusted relationships with customers, and standing by them through challenging times.\n“They recognised our strong and consistent support during the pandemic, which was evident not only through core lending but also digital banking solutions and cybersecurity measures to protect them from fraud.\n“The results are a credit to our talented team who work hard to understand our customers’ needs and deliver outstanding banking expertise, including in the increasingly important area of ESG.”\nThe Peter Lee Associates Large Corporate and Institutional Relationship Banking Survey is a leading indicator of performance across wholesale banking in Australia. Some 590 Australia-based large corporate institutions were surveyed.\nDownload PDF\n    ",
          "author": "Liz Rudall@/content/mediacentre/en/authors/liz-ruddall",
          "favicon": "https://media.anz.com/etc/designs/mediacentre/favicon.ico",
          "source": "media.anz.com",
          "published": "",
          "ttr": 60
     }
}