{
     "Date": "14/05/2019",
     "Open": "1.06",
     "High": "1.06",
     "Low": "1.05",
     "Close": "1.06",
     "Adj Close": "0.88914",
     "Volume": "317752",
     "headLine": "Confidence drops on RBA and trade",
     "link": "https://media.anz.com/posts/2019/05/confidence-drops-on-rba-and-trade",
     "article": {
          "url": "https://media.anz.com/posts/2019/05/confidence-drops-on-rba-and-trade",
          "title": "Confidence drops on RBA and trade",
          "description": "• Confidence fell by 2.1% last week, closing below its four-week moving average but remaining above the long-term average. • Financial conditions were not the cause of the fall, with current finances up 2%,...",
          "links": [
               "https://media.anz.com/posts/2019/05/confidence-drops-on-rba-and-trade"
          ],
          "image": "https://media.anz.com/content/dam/mediacentre/images/consumerconfidence/2019/May/ANZ%20Apple%20Pay.JPG",
          "content": "\n            • Confidence fell by 2.1% last week, closing below its four-week moving average but remaining above the long-term average. \n• Financial conditions were not the cause of the fall, with current finances up 2%, while future finances rose 1.4%. \n• Economic conditions dropped sharply, however, with current economic conditions down a massive 8.1%, continuing their recent volatile pattern, and future economic conditions falling 3.3%. \n• The ‘time to buy a household item’ also did not help, falling 2.5%. The four-week moving average for inflation expectations rose by 0.2ppt to 4.2%.\n    ",
          "author": "Phoebe O’Sullivan@/content/mediacentre/en/authors/phoebe-o_sullivan",
          "favicon": "https://media.anz.com/etc/designs/mediacentre/favicon.ico",
          "source": "media.anz.com",
          "published": "",
          "ttr": 18
     }
}