{
     "Date": "28/09/2018",
     "Open": "1.11",
     "High": "1.11",
     "Low": "1.09",
     "Close": "1.1",
     "Adj Close": "0.895152",
     "Volume": "322994",
     "headLine": "ANZ comments on Royal Commission",
     "link": "https://media.anz.com/posts/2018/09/anz-comments-on-royal-commission",
     "article": {
          "url": "https://media.anz.com/posts/2018/09/anz-comments-on-royal-commission",
          "title": "ANZ comments on Royal Commission",
          "description": "ANZ Chief Executive Officer Shayne Elliott today commented on the release of the Royal Commission into Misconduct in the Banking, Superannuation and Financial Services Industry’s Interim Report.",
          "links": [
               "https://media.anz.com/posts/2018/09/anz-comments-on-royal-commission"
          ],
          "image": "https://media.anz.com/content/dam/mediacentre/images/mediareleases/2018/April/ANZ%20logo%20branch.jpg",
          "content": "\n            Mr Elliott said: “This is a critical moment for the industry, our bank and our people to continue the urgent work required to fix the significant failures highlighted by the Commission. We ­accept responsibility and we are determined to improve.\n“ANZ is taking action to fast-track changes – leadership, strategic, systems, people and cultural. We will make the investments required to build a bank worthy of the trust and respect of our customers and the community.\n“While this work is well underway, there is more to do and today’s report clearly sets out the damage we can do when we fail our customers.\n“We will analyse the report in detail and respond directly to the Commissioner. We will also continue to engage constructively through the remainder of the process.”\nDownload PDF\n    \n    For media enquiries contact\n        \n        +61 409 655 551\n        Nick Higginbottom\n        +61 403 936 262\n        \n",
          "author": "Stephen Ries@/content/mediacentre/en/authors/stephen-ries,Nick Higginbottom@/content/mediacentre/en/authors/nick-higginbottom",
          "favicon": "https://media.anz.com/etc/designs/mediacentre/favicon.ico",
          "source": "media.anz.com",
          "published": "",
          "ttr": 29
     }
}