{
     "Date": "16/08/2019",
     "Open": "1.22",
     "High": "1.24",
     "Low": "1.2",
     "Close": "1.22",
     "Adj Close": "1.02335",
     "Volume": "212026",
     "headLine": "ANZ release Pillar 3 for June quarter",
     "link": "https://media.anz.com/posts/2019/08/anz-release-pillar-3-for-june-quarter",
     "article": {
          "url": "https://media.anz.com/posts/2019/08/anz-release-pillar-3-for-june-quarter",
          "title": "ANZ release Pillar 3 for June quarter",
          "description": "Total provision charge of $209m for the June quarter remained broadly flat compared with the 1H19 quarterly average, while the individual provision increased $68m to $258m. Total loss rate was 13bp...",
          "links": [
               "https://media.anz.com/posts/2019/08/anz-release-pillar-3-for-june-quarter"
          ],
          "image": "https://media.anz.com/content/dam/mediacentre/images/mediareleases/2018/March/ANZ%20logo.jpg",
          "content": "\n            Total provision charge of $209m for the June quarter remained broadly flat compared with the 1H19 quarterly average, while the individual provision increased $68m to $258m. Total loss rate was 13bp (consistent with the 1H19 loss rate of 13bp).\nGroup Common Equity Tier 1 ratio (APRA Level 2) was 11.8% at the end of June 2019, a ~30bp increase for the June quarter. On a pro-forma basis, inclusive of announced divestments and the recently announced capital changes, ANZ’s Level 2 CET1 ratio is 11.5%[1].\nAs indicated at ANZ’s first half result presentation, expectation was for home loan volumes in Australia to decline during the June quarter, with Owner Occupied down 0.2% and Investor down 1.8% (June 2019 compared with March 2019).\nHome loan applications improved in July 2019 with actions taken in recent months to clarify credit policy and reduce approval turnaround times having a positive impact.\nCommenting on home loan application volumes, ANZ Group Executive Australia Retail &amp; Commercial Mark Hand said: “We have taken action to give our customers greater certainty by improving turnaround times and providing greater clarity to our bankers, mobile lenders and mortgage brokers about our lending policies.\n“We are seeing an increase in application volumes following the policy and process changes, the next stage is to maintain that and see it translate into settlements over the coming months,” Mr Hand said.\n[1] Taking into consideration RWA impacts from APRA RWA floor on New Zealand mortgage and farm lending portfolio  (~-20bp), APRA Counterparty Credit Risk (SA-CCR) changes (~-15bp), APRA operational risk capital changes (-18bp) and announced divestments (OnePath P&amp;I, Cambodia JV and PNG Retail, Commercial and SME business) (~20bp)\nDOWNLOAD MEDIA RELEASE \nDOWNLOAD INTERVIEW TRANSCRIPT \n    ",
          "author": "Stephen Ries@/content/mediacentre/en/authors/stephen-ries",
          "favicon": "https://media.anz.com/etc/designs/mediacentre/favicon.ico",
          "source": "media.anz.com",
          "published": "",
          "ttr": 56
     }
}