{
     "Date": "10/10/2018",
     "Open": "1.08",
     "High": "1.11",
     "Low": "1.08",
     "Close": "1.11",
     "Adj Close": "0.90329",
     "Volume": "63842",
     "headLine": "ANZ joins federal government drought taskforce",
     "link": "https://media.anz.com/posts/2018/10/anz-joins-federal-government-drought-taskforce",
     "article": {
          "url": "https://media.anz.com/posts/2018/10/anz-joins-federal-government-drought-taskforce",
          "title": "ANZ joins federal government drought taskforce",
          "description": "ANZ today announced it would join the Federal Government’s newly formed Drought Finance Taskforce to help farmers and communities across Australia.",
          "links": [
               "https://media.anz.com/posts/2018/10/anz-joins-federal-government-drought-taskforce"
          ],
          "image": "https://media.anz.com/content/dam/mediacentre/images/mediareleases/2018/August/Drought%20relief.jpg",
          "content": "\n            Commenting on the taskforce, ANZ Group Executive Australian Business and Private Banking Mark Hand said: “This is an important development in Australia’s effort to support the farmers and communities in drought-declared regions.\n“In recent months we have provided relief measures such as reducing business lending rates by 1.00%pa for farmers impacted by the drought, and providing $1 million in donations.\n“The new taskforce announced today will help provide further support and relief for those who are doing it tough across drought-declared areas of Australia,” Mr Hand said.\nHead of Agribusiness, Mark Bennett will represent ANZ on the taskforce as an experienced banker with more than 25 years in agribusiness.\nSince July ANZ has introduced a number of drought relief measures to support farmers and communities, including:\n\n1.00% reduction on eligible variable rate business farming loans in drought declared areas for a period of 12 months, effective from 1 September 2018\nAbility to apply for discounted loans – $130 million in discounted loans available to support farmers through the next season \n$1 million donation to help farmers struggling with drought conditions\nAbility to apply for suspension of loan repayments, including credit cards for up to three months \nContinuing our moratorium on farm repossessions in drought-declared areas\nWaiving fees associated with restructuring business loans\nLongstanding commitment not to increase interest rates on distressed customers.\n\nANZ encourages customers impacted by drought to contact their relationship team or call us on 1800 462 474. Customers can also contact ANZ’s dedicated hardship team on 1800 351 548 or visit www.anz.com/hardship\nDownload PDF\n    ",
          "author": "Nick Higginbottom@/content/mediacentre/en/authors/nick-higginbottom",
          "favicon": "https://media.anz.com/etc/designs/mediacentre/favicon.ico",
          "source": "media.anz.com",
          "published": "",
          "ttr": 52
     }
}