{
     "Date": "10/11/2020",
     "Open": "1.83",
     "High": "1.92",
     "Low": "1.83",
     "Close": "1.85",
     "Adj Close": "1.654551",
     "Volume": "164194",
     "headLine": "Consumer confidence hits eight-month high",
     "link": "https://media.anz.com/posts/2020/11/consumer-confidence-hits-eight-month-high",
     "article": {
          "url": "https://media.anz.com/posts/2020/11/consumer-confidence-hits-eight-month-high",
          "title": "Consumer confidence hits eight-month high",
          "description": "A sharp improvement in ‘time to buy a major household item’ index has pushed consumer confidence above the neutral level for the first time since early March. On a weekly basis, consumer confidence rose 3.2...",
          "links": [
               "https://media.anz.com/posts/2020/11/consumer-confidence-hits-eight-month-high"
          ],
          "image": "https://media.anz.com/content/dam/mediacentre/images/consumerconfidence/2018/August/Consumer%20Confidence%20Atm.JPG",
          "content": "\n    \n            A sharp improvement in ‘time to buy a major household item’ index has pushed consumer confidence above the neutral level for the first time since early March. On a weekly basis, consumer confidence rose 3.2 per cent.\n‘Current financial conditions’ reversed its previous week’s fall and rose by 6.1 per cent. ‘Future financial conditions’ declined by 1.2 per cent.\n‘Current economic conditions’ rose by 1.8 per cent, its fifth-consecutive weekly gain. The ‘future financial conditions’ rose by 0.2 per cent.\n‘Time to buy a major household item’ jumped by 10 per cent to its highest level since early March. The four-week moving average of ‘inflation expectations’ remained stable at 3.4 per cent.\n    \n    \n\n    \n            \"Consumer confidence is now above the neutral level for the first time since the pandemic began, posting its tenth gain in a row to hit an eight-month high,\" ANZ Head of Australian Economics David Plank said.\n\"Notably, there is sharp improvement in ‘time to buy a major household item’, which could signal a buoyant Christmas shopping period.\" \n\"Lower interest rates and the Reserve Bank of Australia’s commitment to support employment could have been triggers for the gain.\"\n\"Our concern over weakness in last week’s ‘current financial conditions’ has relaxed somewhat as the fall turned around this week.\"\nDOWNLOAD PDF\n    \n\t\t\t\t\t\t",
          "author": "Phoebe O’Sullivan@/content/mediacentre/en/authors/phoebe-o_sullivan",
          "favicon": "https://media.anz.com/etc/designs/mediacentre/favicon.ico",
          "source": "media.anz.com",
          "published": "",
          "ttr": 43
     }
}