{
     "Date": "25/09/2020",
     "Open": "1.6",
     "High": "1.62",
     "Low": "1.59",
     "Close": "1.62",
     "Adj Close": "1.44885",
     "Volume": "86119",
     "headLine": "ANZ welcomes simplification of credit framework",
     "link": "https://media.anz.com/posts/2020/09/anz-welcomes-simplification-of-credit-framework",
     "article": {
          "url": "https://media.anz.com/posts/2020/09/anz-welcomes-simplification-of-credit-framework",
          "title": "ANZ welcomes simplification of credit framework",
          "description": "ANZ Chief Executive Officer, Shayne Elliott said: “The simplification of Australia’s credit framework will speed up the flow of credit to Australians during these difficult economic times while still...",
          "links": [
               "https://media.anz.com/posts/2020/09/anz-welcomes-simplification-of-credit-framework"
          ],
          "image": "https://media.anz.com/content/dam/bluenotes/images/articles/2020/July/ElliottLessons_banner.jpg",
          "content": "\n            ANZ Chief Executive Officer, Shayne Elliott said: “The simplification of Australia’s credit framework will speed up the flow of credit to Australians during these difficult economic times while still providing the necessary protections for Australians when accessing credit.\n“The Government, industry and regulators have shown flexibility in the response to the pandemic and this decision will support the economy and customers at a crucial time,” he said.\nANZ will work with the Government and relevant regulatory bodies to understand the changes in more detail, including any practical changes that may be required to lending processes.\nDOWNLOAD PDF\n    ",
          "author": "Nick Higginbottom@/content/mediacentre/en/authors/nick-higginbottom",
          "favicon": "https://media.anz.com/etc/designs/mediacentre/favicon.ico",
          "source": "media.anz.com",
          "published": "",
          "ttr": 20
     }
}