{
     "Date": "31/10/2018",
     "Open": "1.05",
     "High": "1.06",
     "Low": "1.05",
     "Close": "1.05",
     "Adj Close": "0.854463",
     "Volume": "180662",
     "headLine": "Update on UDC strategic review",
     "link": "https://media.anz.com/posts/2018/10/update-on-udc-strategic-review",
     "article": {
          "url": "https://media.anz.com/posts/2018/10/update-on-udc-strategic-review",
          "title": "Update on UDC strategic review",
          "description": "ANZ today announced it will not be pursuing an initial public offering (IPO) of UDC Finance, following the completion of a strategic review of the business.",
          "links": [
               "https://media.anz.com/posts/2018/10/update-on-udc-strategic-review"
          ],
          "image": "https://media.anz.com/content/dam/mediacentre/images/mediareleases/2018/March/UDC.jpg",
          "content": "\n            UDC is a wholly-owned subsidiary of ANZ Bank New Zealand and is the leading asset finance company funding plant equipment, vehicles and machinery in New Zealand.\nANZ announced in March 2018 it was exploring a range of options for UDC’s future, including a possible initial public offering of ordinary shares.\nANZ New Zealand Chief Executive Officer David Hisco said: “UDC has continued to perform strongly while we have been looking at our strategic options. While we may still consider a sale in the future, we have decided to put a hold on all sale discussions for now and focus on continuing to grow the business.”\nDownlaod PDF \n    \n    For media enquiries contact\n        \n        +61 409 655 551\n        Stefan Herrick\n        +64 21 748 492\n        \n",
          "author": "Stephen Ries@/content/mediacentre/en/authors/stephen-ries,Stefan Herrick@/content/mediacentre/en/authors/stefan-herrick",
          "favicon": "https://media.anz.com/etc/designs/mediacentre/favicon.ico",
          "source": "media.anz.com",
          "published": "",
          "ttr": 25
     }
}