{
     "Date": "29/10/2021",
     "Open": "1.73",
     "High": "1.73",
     "Low": "1.71",
     "Close": "1.73",
     "Adj Close": "1.598319",
     "Volume": "359966",
     "headLine": "CDPP withdraws proceedings against ANZ and Rick Moscati",
     "link": "https://media.anz.com/posts/2021/october/cdpp-withdraws-proceedings-against-anz-and-rick-moscati",
     "article": {
          "url": "https://media.anz.com/posts/2021/october/cdpp-withdraws-proceedings-against-anz-and-rick-moscati",
          "title": "CDPP withdraws proceedings against ANZ and Rick Moscati",
          "description": "ANZ today welcomed the decision by the Commonwealth Director of Public Prosecutions to discontinue proceedings against both ANZ and Rick Moscati in relation to all counts on the indictment filed 16 August 2021.",
          "links": [
               "https://media.anz.com/posts/2021/october/cdpp-withdraws-proceedings-against-anz-and-rick-moscati"
          ],
          "image": "https://media.anz.com/content/dam/mediacentre/images/mediareleases/2018/April/ANZ%20logo%20branch.jpg",
          "content": "\n    \n    ANZ today welcomed the decision by the Commonwealth Director of Public Prosecutions to discontinue proceedings against both ANZ and Rick Moscati in relation to all counts on the indictment filed 16 August 2021.\n\n    \n            The indictment involved an institutional equity placement in 2015 and an arrangement or understanding allegedly made between joint lead managers in relation to the supply of ANZ shares.\nANZ Chief Risk Officer Kevin Corbally said: “We maintained all along ANZ acted in accordance with the law in relation to the placement. We defended the bank and Rick on that basis and we are pleased the matter is now behind us.\"\nANZ will not be making any further comment on this matter.\n    \n\t\t\t\t\t\t",
          "author": "Stephen Ries@/content/mediacentre/en/authors/stephen-ries",
          "favicon": "https://media.anz.com/etc/designs/mediacentre/favicon.ico",
          "source": "media.anz.com",
          "published": "",
          "ttr": 23
     }
}