{
     "Date": "11/05/2018",
     "Open": "1.09",
     "High": "1.1",
     "Low": "1.09",
     "Close": "1.1",
     "Adj Close": "0.883378",
     "Volume": "798777",
     "headLine": "Job Ads: nudging up",
     "link": "https://media.anz.com/posts/2018/11/job-ads--nudging-up",
     "article": {
          "url": "https://media.anz.com/posts/2018/11/job-ads--nudging-up",
          "title": "Job Ads: nudging up",
          "description": "•\tOn a seasonally adjusted basis, ANZ Australian Job Advertisements increased 0.2% in October following a fall of 0.7% in the prior month. On an annual basis, growth slowed to 3.6% in October (vs 4.7% in September). This is the slowest annual growth in ANZ Australian job ads since April 2015. ",
          "links": [
               "https://media.anz.com/posts/2018/11/job-ads--nudging-up"
          ],
          "image": "https://media.anz.com/content/dam/mediacentre/images/jobads/job%20ads.jpg",
          "content": "\n            ANZ’S HEAD OF AUSTRALIAN ECONOMICS, DAVID PLANK, COMMENTED:\n “After a couple of weak months it is pleasing to see a lift in ANZ Job Ads in October, albeit only a modest gain. ANZ Job Ads have effectively tracked sideways since early this year. The slowdown in employment growth we have seen this year has been broadly consistent with the move in ANZ Job Ads, though in recent months employment growth has outperformed the signal from job ads. The unemployment rate has also fallen more sharply than ANZ Job Ads would imply. Other indicators of the labour market, such as the ABS Job Vacancy series, are sending a more positive signal. Our ANZ Labour Market Indicator, which combines relevant measures of labour demand, suggests that a further decline in the unemployment rate is more likely than not.”\nDownload PDF\n    \n    For media enquiries contact\n        \n        +61 2 8037 0029\n        Shaurya Mishra\n        +91 80 6795 3801\n        Francesca Rizzo\n        +61 481-014224\n        \n",
          "author": "David Plank@/content/mediacentre/en/authors/david-plank,Shaurya Mishra@/content/mediacentre/en/authors/shaurya-mishra,Francesca Rizzo@/content/mediacentre/en/authors/Francesca-Rizzo",
          "favicon": "https://media.anz.com/etc/designs/mediacentre/favicon.ico",
          "source": "media.anz.com",
          "published": "",
          "ttr": 32
     }
}