{
     "Date": "11/04/2019",
     "Open": "1.02",
     "High": "1.02",
     "Low": "1",
     "Close": "1",
     "Adj Close": "0.838811",
     "Volume": "726040",
     "headLine": "Paul Oâ€™Sullivan joins ANZ Board",
     "link": "https://media.anz.com/posts/2019/11/paul-o_sullivan-to-join-anz-board",
     "article": {
          "url": "https://media.anz.com/posts/2019/11/paul-o_sullivan-to-join-anz-board",
          "title": "Paul O’Sullivan joins ANZ Board",
          "description": "Mr O'Sullivan has extensive business and technology experience, particularly in the telecommunications sector, both in Australia and overseas. Mr O’Sullivan is currently Chairman of Western Sydney Airport...",
          "links": [
               "https://media.anz.com/posts/2019/11/paul-o_sullivan-to-join-anz-board"
          ],
          "image": "https://media.anz.com/content/dam/mediacentre/images/mediareleases/2019/November/Paul%20O%27Sullivan.jpeg",
          "content": "\n            Mr O'Sullivan has extensive business and technology experience, particularly in the telecommunications sector, both in Australia and overseas.\nMr O’Sullivan is currently Chairman of Western Sydney Airport Corporation, Chairman of Optus and a director of Coca Cola Amatil. He has previously held senior executive roles with Singapore Telecommunications (Singtel) and was CEO of Optus between 2004 and 2012.\nCommenting on Mr O’Sullivan’s appointment Mr Gonski said: “Paul’s significant international and Australian business experience, and in particular his extensive career with Singtel, will be a valuable asset to ANZ and the Board as we continue efforts to improve our operations and simplify the bank.”\nMr O’Sullivan will stand for election as a Director at ANZ’s Annual General Meeting on 17 December 2019 in Brisbane.\nDOWNLOAD PDF\n    ",
          "author": "Stephen Ries@/content/mediacentre/en/authors/stephen-ries",
          "favicon": "https://media.anz.com/etc/designs/mediacentre/favicon.ico",
          "source": "media.anz.com",
          "published": "",
          "ttr": 25
     }
}