{
     "Date": "16/09/2021",
     "Open": "1.75",
     "High": "1.75",
     "Low": "1.68",
     "Close": "1.71",
     "Adj Close": "1.579841",
     "Volume": "502236",
     "headLine": "ANZ Share Investing customers to transition to CMC Markets platform",
     "link": "https://media.anz.com/posts/2021/september/anz-share-investing-customers-to-transition-to-cmc-markets-platf",
     "article": {
          "url": "https://media.anz.com/posts/2021/september/anz-share-investing-customers-to-transition-to-cmc-markets-platf",
          "title": "ANZ Share Investing customers to transition to CMC Markets platform",
          "description": "ANZ today announced it had reached an agreement to transition customers from its ANZ Share Investing platform to a CMC Markets-branded platform.",
          "links": [
               "https://media.anz.com/posts/2021/september/anz-share-investing-customers-to-transition-to-cmc-markets-platf"
          ],
          "image": "https://media.anz.com/content/dam/mediacentre/images/mediareleases/2018/March/ASX.jpg",
          "content": "\n            The agreement is in line with ANZ’s strategy to simplify the bank and customers will begin to see CMC Markets branding on the platform over the next 12 to 18 months.\nCMC Markets has provided a share trading solution under the ANZ Share Investing brand since 2018. At the end of the transition period ANZ will no longer receive revenue from share investing activities.\nANZ will continue to manage and provide cash management solutions to share investing customers.\nIn April, ANZ stated in its first half financial disclosures that the share investing business had been reclassified as held-for-sale[1]. The revenue ANZ receives from share investing activities is not material.\nApproved for distribution by ANZ’s Continuous Disclosure Committee\n[1] As a result of the reclassification, in the half year ended 31 March 2021 ANZ recognised a loss after tax of $251 million relating to the write-down of goodwill attributable to the business. This had no impact to Common Equity Tier 1 (CET1) capital as it resulted in an equivalent reduction in capital deductions.\nDownload PDF\n    ",
          "author": "Nick Higginbottom@/content/mediacentre/en/authors/nick-higginbottom",
          "favicon": "https://media.anz.com/etc/designs/mediacentre/favicon.ico",
          "source": "media.anz.com",
          "published": "",
          "ttr": 35
     }
}