{
     "Date": "14/07/2020",
     "Open": "1.42",
     "High": "1.43",
     "Low": "1.41",
     "Close": "1.43",
     "Adj Close": "1.256087",
     "Volume": "159136",
     "headLine": "Consumer confidence falls further",
     "link": "https://media.anz.com/posts/2020/07/confidence-falls-further",
     "article": {
          "url": "https://media.anz.com/posts/2020/07/confidence-falls-further",
          "title": "Consumer confidence falls further",
          "description": "Consumer confidence fell 0.5 per cent last week, its third-straight weekly decline. Financial conditions were mixed, with ‘current finances’ gaining 1.2 per cent while ‘future finances’ declined by 1.4 per...",
          "links": [
               "https://media.anz.com/posts/2020/07/confidence-falls-further"
          ],
          "image": "https://media.anz.com/content/dam/irm/images/Mobile%20Card%20Payment.jpg",
          "content": "\n    \n            Consumer confidence fell 0.5 per cent last week, its third-straight weekly decline.\nFinancial conditions were mixed, with ‘current finances’ gaining 1.2 per cent while ‘future finances’ declined by 1.4 per cent.\n'Current economic conditions' declined for the fourth straight week, falling 3.4 per cent, while ‘future economic conditions’ gained 1.8 per cent.\n‘Time to buy a household item’ continued to deteriorate, falling 1.9 per cent last week. ‘Inflation expectations’ was stable at 3.2 per cent (four-week moving average).\n    \n    \n\n    \n            \"Confidence declined further last week, building on the falls seen over the previous two weeks,\" ANZ Head of Australian Economics, David Plank said. \"Consumer confidence is now down some 6 per cent from its level in mid-June as it recovered from the historic low seen at the end of March.\"\n\"The deteriorating conditions in Melbourne and the renewed lockdown are most likely the primary contributor to the turn in sentiment. The biggest fall has been in ‘current economic’ conditions, which are down around 15 per cent over this period.\" \n\"In contrast, sentiment toward personal finances is close to unchanged, highlighting the role that the massive fiscal stimulus has played in shielding people from the direct fall-out of the economic slump triggered by the health response to the pandemic.\" \n\"How this fiscal support will evolve over the months ahead is the most critical decision facing the Government and the economy.\"\nDownload PDF\n    \n\t\t\t\t\t\t",
          "author": "Phoebe O’Sullivan@/content/mediacentre/en/authors/phoebe-o_sullivan",
          "favicon": "https://media.anz.com/etc/designs/mediacentre/favicon.ico",
          "source": "media.anz.com",
          "published": "",
          "ttr": 46
     }
}