{
     "Date": "12/09/2019",
     "Open": "1.28",
     "High": "1.29",
     "Low": "1.28",
     "Close": "1.28",
     "Adj Close": "1.098974",
     "Volume": "26644",
     "headLine": "ANZ provides update on OnePath P&I sale to IOOF",
     "link": "https://media.anz.com/posts/2019/12/anz-provides-update-on-onepath-p-i-sale-to-ioof",
     "article": {
          "url": "https://media.anz.com/posts/2019/12/anz-provides-update-on-onepath-p-i-sale-to-ioof",
          "title": "ANZ provides update on OnePath P&I sale to IOOF",
          "description": "ANZ today confirmed the Australian Prudential Regulation Authority (APRA) had approved the sale of ANZ’s OnePath Pensions & Investments (OnePath P&I) business to IOOF Holdings Limited (IOOF).",
          "links": [
               "https://media.anz.com/posts/2019/12/anz-provides-update-on-onepath-p-i-sale-to-ioof"
          ],
          "image": "https://media.anz.com/content/dam/mediacentre/images/mediareleases/2018/March/ASX.jpg",
          "content": "\n    \n    ANZ today confirmed the Australian Prudential Regulation Authority (APRA) had approved the sale of ANZ’s OnePath Pensions &amp; Investments (OnePath P&amp;I) business to IOOF Holdings Limited (IOOF).\n\n    \n            With regulatory approval now provided, ANZ still expects the transaction to be completed in the first quarter of calendar year 2020 and estimates it will increase ANZ’s APRA CET1 capital ratio by ~20 basis points.\nThe approval comes after the Independent Trustee (OnePath Custodians) and ANZ both confirmed no objection to the transaction in October.[1]\nDownload PDF\n[1] Update on OnePath P&amp;I sale to IOOF – 17 October 2019\n    \n\t\t\t\t\t\t",
          "author": "Nick Higginbottom@/content/mediacentre/en/authors/nick-higginbottom",
          "favicon": "https://media.anz.com/etc/designs/mediacentre/favicon.ico",
          "source": "media.anz.com",
          "published": "",
          "ttr": 20
     }
}