{
     "Date": "24/04/2018",
     "Open": "1.08",
     "High": "1.08",
     "Low": "1.06",
     "Close": "1.07",
     "Adj Close": "0.859286",
     "Volume": "143501",
     "headLine": "Consumer confidence: second straight rise",
     "link": "https://media.anz.com/posts/2018/04/consumer-confidence--second-straight-rise",
     "article": {
          "url": "https://media.anz.com/posts/2018/04/consumer-confidence--second-straight-rise",
          "title": "Consumer confidence: second straight rise",
          "description": "ANZ-Roy Morgan Australian Consumer Confidence rose 2.1% last week to 118.4 – its highest value in five weeks. The details were also positive, with all but one subindex posting gains.",
          "links": [
               "https://media.anz.com/posts/2018/04/consumer-confidence--second-straight-rise"
          ],
          "image": "https://media.anz.com/content/dam/mediacentre/images/consumerconfidence/2018/April/Consumer%20confidence.jpg",
          "content": "\n            \nANZ-Roy Morgan Australian Consumer Confidence rose 2.1% last week to 118.4 – its highest value in five weeks. The details were also positive, with all but one subindex posting gains.\nHouseholds’ views toward current financial conditions dipped 2.4% last week, partially reversing the 4.6% bounce previously. Meanwhile sentiment around future financial conditions improved further, rising 1.6% on the back of a 3.5% bounce previously.\nSentiment toward both current and future economic conditions continued to recover, rising a solid 3.4% and 3.2% respectively last week. Both subindices currently sit at their highest value in five weeks, due to successive weekly gains.\nThe ‘time to buy a household item’ subindex bounced 4.1%, almost entirely reversing the previous week’s 4.3% decline. Inflation expectations remained steady at 4.5% on a fourweek moving average basis.\n\nANZ’S HEAD OF AUSTRALIAN ECONOMICS, DAVID PLANK, COMMENTED:\n“Confidence rose materially this week, driven by an improvement in households’ views towards economic conditions, along with a greater willingness to ‘buy a major household item’. This likely reflects some recovery in domestic equity markets in recent weeks as well as a slight reprieve from trade related headlines – at least for the moment.\nInterestingly, the gain came despite the fact that last week’s employment report brought an end to record run in jobs growth. Forward indicators of employment remain quite positive, however, suggesting that the underlying strength of the labour market is more robust than the February/March data implies. It is possible that increasing talk about personal income tax cuts as\nthe Commonwealth Budget approaches is boosting sentiment.”\nDownload the pdf for the full report. \nView PDF\n    \n    \n                Insights\n        \n        \n                ANZ-Roy Morgan Consumer Confidence\n        \n    \n\n    For media enquiries contact\n        \n        +61 2 8037 0029\n        Mustafa Arif\n        +91 80 6795 3801\n        \n",
          "author": "David Plank@/content/mediacentre/en/authors/david-plank,Mustafa Arif@/content/mediacentre/en/authors/mustafa-arif",
          "favicon": "https://media.anz.com/etc/designs/mediacentre/favicon.ico",
          "source": "media.anz.com",
          "published": "",
          "ttr": 57
     }
}