{
     "Date": "7/03/2018",
     "Open": "1.08",
     "High": "1.09",
     "Low": "1.07",
     "Close": "1.09",
     "Adj Close": "0.850898",
     "Volume": "571608",
     "headLine": "Consumer confidence: consolidation continues",
     "link": "https://media.anz.com/posts/2018/07/consumer-confidence--consolidation-continues",
     "article": {
          "url": "https://media.anz.com/posts/2018/07/consumer-confidence--consolidation-continues",
          "title": "Consumer confidence: consolidation continues",
          "description": "Headline ANZ-Roy Morgan Australian Consumer Confidence fell for the third straight week, down 0.8% to 120.4. The details were mixed – consumers’ optimism around financial conditions was outweighed by their concerns on economic conditions.",
          "links": [
               "https://media.anz.com/posts/2018/07/consumer-confidence--consolidation-continues"
          ],
          "image": "https://media.anz.com/content/dam/mediacentre/images/consumerconfidence/2018/April/Consumer%20confidence.jpg",
          "content": "\n            ANZ’S HEAD OF AUSTRALIAN ECONOMICS, DAVID PLANK, COMMENTED\n“Confidence has moderated slightly over the last three weeks, following a sharp bounce after the Q1 GDP report. It still sits well above average, however. \nLast week’s decline was primarily driven by a fall in economic conditions. Views towards economic conditions have been quite volatile on a weekly basis, often following geopolitical headlines. Broadly however, economic conditions are quite robust, sitting above their long term average and supported by strong labour market conditions.\nDespite the recent moderation, confidence remains elevated with all subindices sitting above their long term averages. It is certainly encouraging to see consumers remaining upbeat in an environment of falling house prices and sluggish wage growth.”\nPlease see the attached document for further details.\n    \n    \n                Insights\n        \n        \n                ANZ-Roy Morgan Consumer Confidence\n        \n    \n\n    For media enquiries contact\n        \n        +61 2 8037 0029\n        Mustafa Arif\n        +91 80 6795 3801\n        \n",
          "author": "David Plank@/content/mediacentre/en/authors/david-plank,Mustafa Arif@/content/mediacentre/en/authors/mustafa-arif",
          "favicon": "https://media.anz.com/etc/designs/mediacentre/favicon.ico",
          "source": "media.anz.com",
          "published": "",
          "ttr": 29
     }
}