{
     "Date": "11/08/2020",
     "Open": "1.53",
     "High": "1.55",
     "Low": "1.52",
     "Close": "1.54",
     "Adj Close": "1.352709",
     "Volume": "702954",
     "headLine": "Consumer confidence falls again",
     "link": "https://media.anz.com/posts/2020/08/confidence-falls-again",
     "article": {
          "url": "https://media.anz.com/posts/2020/08/confidence-falls-again",
          "title": "Consumer confidence falls again",
          "description": "Consumer confidence declined 2.4 per cent last week. This was its seventh weekly decline, longer than the six weeks of continuous decline seen during the first wave of the pandemic. The current decline has...",
          "links": [
               "https://media.anz.com/posts/2020/08/confidence-falls-again"
          ],
          "image": "https://media.anz.com/content/dam/irm/images/Mobile%20Card%20Payment.jpg",
          "content": "\n            Consumer confidence declined 2.4 per cent last week. This was its seventh weekly decline, longer than the six weeks of continuous decline seen during the first wave of the pandemic.\nThe current decline has been less severe, however, as the index has fallen a bit more than 11 per cent over these seven weeks compared to the 40 per cent decline seen in the first wave.\nFinancial conditions were mixed, with ‘current finances’ gaining 2.7 per cent and ‘future finances’ declining 1.9 per cent.\nEconomic conditions were also mixed. ‘Current economic conditions’ plunged by 8.2 per cent, its eighth weekly decline. This sub-index is now down by 30 per cent over the past seven weeks compared to the fall of 60 per cent in the first wave. \n‘Future economic conditions’ ended on a positive note, gaining 2.2 per cent. ‘Time to buy a household item’ declined 8.6 per cent. ‘Inflation expectations’ was stable at 3.3 per cent (four-week moving average).\n    ",
          "author": "Phoebe O’Sullivan@/content/mediacentre/en/authors/phoebe-o_sullivan",
          "favicon": "https://media.anz.com/etc/designs/mediacentre/favicon.ico",
          "source": "media.anz.com",
          "published": "",
          "ttr": 32
     }
}