{
     "Date": "27/10/2020",
     "Open": "1.74",
     "High": "1.77",
     "Low": "1.74",
     "Close": "1.75",
     "Adj Close": "1.565116",
     "Volume": "216640",
     "headLine": "Consumer confidence lifts again",
     "link": "https://media.anz.com/posts/2020/10/consumer-confidence-lifts-again",
     "article": {
          "url": "https://media.anz.com/posts/2020/10/consumer-confidence-lifts-again",
          "title": "Consumer confidence lifts again",
          "description": "Consumer confidence gained 1.6 per cent last week and is now at a six-month high, just below neutral levels. All the subindices rose. ‘Current financial conditions’ gained 3.5 per cent, while ‘future...",
          "links": [
               "https://media.anz.com/posts/2020/10/consumer-confidence-lifts-again"
          ],
          "image": "https://media.anz.com/content/dam/mediacentre/images/consumerconfidence/2018/August/Consumer%20Confidence%20Atm.JPG",
          "content": "\n    \n            Consumer confidence gained 1.6 per cent last week and is now at a six-month high, just below neutral levels. All the subindices rose.\n‘Current financial conditions’ gained 3.5 per cent, while ‘future financial conditions’ gained 1.2 per cent.\nFollowing a similar pattern, ‘current economic conditions’ lifted 2.6 per cent, its third-straight weekly increase, while ‘future economic conditions’ gained 1.1 per cent.\n‘Time to buy a household item’ rose 0.4 per cent. The four-week moving average of ‘inflation expectations’ edged lower by 0.1 percentage points to 3.4 per cent; the weekly reading saw a sharp fall of 0.5 percentage points to its lowest-ever level of 3 per cent.\n    \n    \n\n    \n            \"Amidst falling active COVID-19 case numbers and hopes of a further easing of restrictions, confidence gained for the eighth-straight week,\" ANZ Head of Australian Economics David Plank said.\n\"Overall sentiment iscjust below the neutral level and at a six-month high. It remains well below theclong run average, however.\"\n\"Sydney and Melbourne are now close to neutral. People remain cautious about the current economic outlook and, consistent with this, are also cautious about their current financial circumstances. This may constrain spending in the near term.\"\n\"Confidence in future economic and financial conditions is much more positive, however, holding out the prospect of a recovery in spending if the labour market holds up.\"\nDOWNLOAD PDF\n    \n\t\t\t\t\t\t",
          "author": "Phoebe O’Sullivan@/content/mediacentre/en/authors/phoebe-o_sullivan",
          "favicon": "https://media.anz.com/etc/designs/mediacentre/favicon.ico",
          "source": "media.anz.com",
          "published": "",
          "ttr": 44
     }
}