{
     "Date": "7/08/2020",
     "Open": "1.51",
     "High": "1.51",
     "Low": "1.49",
     "Close": "1.49",
     "Adj Close": "1.30879",
     "Volume": "100143",
     "headLine": "Update on COVID-19 support package",
     "link": "https://media.anz.com/posts/2020/07/update-on-covid-19-support-package-anz",
     "article": {
          "url": "https://media.anz.com/posts/2020/07/update-on-covid-19-support-package-anz",
          "title": "Update on COVID-19 support package",
          "description": "Since the original support package was announced in March 2020, ANZ has provided repayment deferrals on more than 100,000 home, personal, small business and commercial accounts. ANZ has already begun the...",
          "links": [
               "https://media.anz.com/posts/2020/07/update-on-covid-19-support-package-anz"
          ],
          "image": "https://media.anz.com/content/dam/news/New-Zealand/2020/April/Contact%20Centre%20NZ.jpg",
          "content": "\n            Since the original support package was announced in March 2020, ANZ has provided repayment deferrals on more than 100,000 home, personal, small business and commercial accounts.\nANZ has already begun the process of working with each of its impacted customers to assess their ability to begin repaying their loans.\nFor customers that continue to face financial hardship due to COVID-19, ANZ will work with them to restructure their loans and in some circumstances will provide an extension to loan repayment deferrals of up to four months.\nCustomers on existing loan repayment deferrals who have not been financially impacted by COVID-19 will be required to begin making normal repayments at the conclusion of their six-month deferral agreement.\nCustomers who are yet to apply for loan repayment deferrals are still able to access the original support package.\nANZ Chief Executive Officer Shayne Elliott said: “Our primary focus through COVID-19 has been to do all we can to help our customers manage the economic impact of the pandemic.\n“While this is clearly more difficult with the recent developments in Victoria, we want our customers across Australia to know we will continue to do all we can to support them through the coming months.\n“For customers who have not taken advantage of the six-month deferral that option is still open to them. I would strongly encourage anybody uncertain about what the future holds or those who have been hanging on up until this point to get in contact with the bank.\n“We have already deferred more than 100,000 home and business loans and we are checking in with those customers to work with them to get them back on track.\n“For many customers their income hasn’t been as impacted as they first thought and they will begin making repayments. In fact, many customers are already back making their repayments and this is a good outcome.\n“There are however many customers on deferrals that remain in a difficult situation and we will work through a range of measures including restructuring loans and in some circumstances extending deferral periods.\n\n“This is about getting additional time to manage an orderly transition and we’ve been working hard with the rest of the industry, our regulators and the Government with the united objective of getting as many customers through to the other side of this pandemic,” Mr Elliott said.\nThe Australian Prudential Regulation Authority has confirmed additional deferrals within the agreed industry framework will not require additional capital.\nMore information, including dedicated contact telephone numbers, can be found at our dedicated site on anz.com.\nDownload PDF\n    ",
          "author": "Stephen Ries@/content/mediacentre/en/authors/stephen-ries",
          "favicon": "https://media.anz.com/etc/designs/mediacentre/favicon.ico",
          "source": "media.anz.com",
          "published": "",
          "ttr": 86
     }
}