{
     "Date": "21/05/2019",
     "Open": "1.06",
     "High": "1.06",
     "Low": "1.05",
     "Close": "1.05",
     "Adj Close": "0.880752",
     "Volume": "767711",
     "headLine": "Ken Adams appointed Group General Counsel",
     "link": "https://media.anz.com/posts/2019/05/anz-group-general-counsel-announcement",
     "article": {
          "url": "https://media.anz.com/posts/2019/05/anz-group-general-counsel-announcement",
          "title": "Ken Adams appointed Group General Counsel",
          "description": "Mr Adams, who has been a long-term advisor to ANZ, joins from Herbert Smith Freehills where he has been a senior partner since 1998 and a member of the firm’s global governance council. As ANZ’s Group General...",
          "links": [
               "https://media.anz.com/posts/2019/05/anz-group-general-counsel-announcement"
          ],
          "image": "https://media.anz.com/content/dam/mediacentre/images/mediareleases/2019/May/ken-thumb.jpg",
          "content": "\n            Mr Adams, who has been a long-term advisor to ANZ, joins from Herbert Smith Freehills where he has been a senior partner since 1998 and a member of the firm’s global governance council.\nAs ANZ’s Group General Counsel, Mr Adams will be responsible for the bank’s global legal function, as well as providing senior legal counsel to the Board and Executive Committee. He will report to ANZ Chief Executive Officer Shayne Elliott.\nMr Elliott said: “We are fortunate to have one of Australia’s leading commercial lawyers join ANZ to lead our legal function. Ken is already well known to us having provided counsel for many years on major legal matters, including the recent Royal Commission.\n“Ken succeeds Bob Santamaria who is retiring after a very successful legal career, including more than a decade as ANZ’s Group General Counsel. Bob is highly regarded throughout ANZ for not only his expert legal advice but also his strong values and tireless work ethic.\n“We thank Bob for his significant contribution and wish him and his family the very best in his well-earned retirement,” Mr Elliott said.\nMr Adams will join ANZ on 19 August.\n    ",
          "author": "Stephen Ries@/content/mediacentre/en/authors/stephen-ries",
          "favicon": "https://media.anz.com/etc/designs/mediacentre/favicon.ico",
          "source": "media.anz.com",
          "published": "",
          "ttr": 39
     }
}