{
     "Date": "25/09/2018",
     "Open": "1.09",
     "High": "1.1",
     "Low": "1.09",
     "Close": "1.1",
     "Adj Close": "0.895152",
     "Volume": "275511",
     "headLine": "Consumer confidence: consolidates after a rise",
     "link": "https://media.anz.com/posts/2018/09/consumer-confidence--consolidates-after-a-rise",
     "article": {
          "url": "https://media.anz.com/posts/2018/09/consumer-confidence--consolidates-after-a-rise",
          "title": "Consumer confidence: consolidates after a rise",
          "description": "ANZ-Roy Morgan Australian Consumer Confidence fell by 0.7% last week, partially reversing the rise of 1.5% in the previous week. The fall was due to the declines in sentiment regarding economic conditions and buying a major household item.",
          "links": [
               "https://media.anz.com/posts/2018/09/consumer-confidence--consolidates-after-a-rise"
          ],
          "image": "https://media.anz.com/content/dam/mediacentre/images/consumerconfidence/2018/August/Consumer%20Confidence%20Aug.JPG",
          "content": "\n            ANZ’S HEAD OF AUSTRALIAN ECONOMICS, DAVID PLANK, COMMENTED\n“Confidence fell slightly last week, partially retracing the previous week’s gain. Overall confidence remains above the long-run average. Importantly, consumers’ perception of the current financial situation rose a strong 3.5%. This builds on last week’s gain and takes confidence in the current financial situation to its highest level since early 2018. The continued strength of the labour market is most likely driving this improvement and appears to be more than offsetting the news of modest increases in floating mortgage rates. \nOn the weak side, the ‘time to buy a household item’ subindex fell a sharp 4.0% last week to 127.8. This subindex has fallen quite sharply since late June and likely reflects an adjustment process by households in an environment of falling house prices and low wage growth.”\nPlease see the attached document for further details.\n    \n    \n                Insights\n        \n        \n                ANZ-Roy Morgan Consumer Confidence\n        \n    \n\n    For media enquiries contact\n        \n        +61 2 8037 0029\n        Francesca Rizzo\n        +61 481-014224\n        \n",
          "author": "David Plank@/content/mediacentre/en/authors/david-plank,Francesca Rizzo@/content/mediacentre/en/authors/Francesca-Rizzo",
          "favicon": "https://media.anz.com/etc/designs/mediacentre/favicon.ico",
          "source": "media.anz.com",
          "published": "",
          "ttr": 33
     }
}