{
     "Date": "28/10/2021",
     "Open": "1.72",
     "High": "1.74",
     "Low": "1.71",
     "Close": "1.71",
     "Adj Close": "1.579841",
     "Volume": "87756",
     "headLine": "2021 Full Year Results – Chief Financial Officer Farhan Faruqui speaking notes",
     "link": "https://media.anz.com/posts/2021/october/2021-full-year-results--chief-financial-officer-farhan-faruqui-s",
     "article": {
          "url": "https://media.anz.com/posts/2021/october/2021-full-year-results--chief-financial-officer-farhan-faruqui-s",
          "title": "2021 Full Year Results – Chief Financial Officer Farhan Faruqui speaking notes",
          "description": "My three decades in banking span a wide variety of roles and geographies and it is that commercial lens I’m bringing to this role. In partnership with our business heads, my focus is squarely on the pace and...",
          "links": [
               "https://media.anz.com/posts/2021/october/2021-full-year-results--chief-financial-officer-farhan-faruqui-s"
          ],
          "image": "https://media.anz.com/content/dam/mediacentre/images/gallery/Full-Year2021Results/PIC_8530.jpg",
          "content": "\n            My three decades in banking span a wide variety of roles and geographies and it is that commercial lens I’m bringing to this role.\nIn partnership with our business heads, my focus is squarely on the pace and quality of the delivery of the next phase of our strategy execution - with a view to ensuring that our capital and resource allocation is delivering value for our stakeholders.\nThere’s no question banking is changing dramatically and while there are challenges ahead, we see opportunities in the change as well. And I’m confident we have the team, the culture, the corporate foundations and the diversity of businesses to capitalise on those opportunities.\nYes, Sustainable and profitable growth requires disciplined execution. At ANZ we have successfully demonstrated that skillset including in the Institutional business where I was fortunate enough to be part of a successful transformation.\nOur Financial Year ‘21 results highlight the benefit of our diverse portfolio of businesses and geographies.\nNew Zealand capitalised on its scale and a rebalanced business to produce strong results.\nInstitutional continued to dominate in Australia and New Zealand and efficiently navigated COVID-related challenges in the International business to grow in non-markets banking. Our markets business delivered a solid revenue outcome despite a less conducive macro environment.\nAustralia retail and commercial delivered income growth year on year and half on half - notwithstanding challenges in home lending which Shayne referred to and I’ll discuss more later.\nOur cash profit, EPS and RoE outcomes for the full year again reflect our diversification and continued focus on building a more efficient, more resilient business.\nLooking forward I feel we are well positioned given:\n\nCapital, liquidity and funding are robust.\nThe credit quality of our portfolio is strong.\nAnd importantly we’re delivering for our shareholders, with stronger dividends year on year, a share buyback and a TSR performance of 70% for the year.\n\nAnd so to my Agenda.\nToday I’ll focus on our strong corporate foundations then turn to our financial performance and finally to our investment agenda before concluding with my focus areas as we move into Financial Year 2022.\nCorporate Strength\nOn the topic of Corporate strength, I’ll begin with Capital.\nOur CET1 ratio at 12.3% sits approximately $6 billion above APRA’s unquestionably strong benchmark.\nIt reflects strong organic capital generation along with ongoing capital allocation discipline.\nWe have supported our customers profitably and increased our dividend year on year, with the final dividend of 72 cps within the target range of 60-65% of Cash Profit Excluding Large Notable items.\nAnd as you know, we did not need to dilute shareholders with equity raisings during the pandemic.\nWe are almost halfway through our $1.5 billion share buyback and will continue to consider the best of use any surplus capital.  By the end of the current buyback we will have reduced our share count by 5% over a five year period.\nIn terms of liquidity and funding, our key ratios are all well in excess of regulatory minimums as well as management targets.\nCredit quality\nTurning now to our portfolio credit quality which reflects 5 years of management action to reshape the portfolio.\nCoupled with ongoing customer selection discipline, this provides greater predictability and stability in our earnings profile.\nGenerally, customers have managed well through the pandemic. Our gross impaired assets are at historic lows and the long run internal loss rate sits at 22 basis points.\nFinancial Performance\nMoving on to our financial performance.\nCash profit was up 65% for the year, a solid result against a challenging backdrop.\nThis outcome required well executed management action to offset margin headwinds, heightened competitive intensity, a challenged environment for our Markets business, and housing lending growth challenges for our Australian business.\nLower credit provisions provided a tailwind and disciplined run the bank cost management ensured we created investment capacity.\nWe released information regarding 2 second half large/notable items last week. I’d note these had a limited impact in the half.\nAs is customary from this point forward my references will be to Cash Profit excluding Large Notable Items.\nThe key factors which drove the result were:\n\nCore banking income increased 1%, benefitting from disciplined margin management.\nMarkets income at $1.94 billion, while strong, was lower following outperformance last year.\nCosts were up 1.9% FX adjusted for the year – in line with the guidance we provided at the half.  \nOur ‘run the bank’ costs decreased 3% off the back of over $300 million of productivity savings this year.\nThis enabled a record level of investment the details of which I’ll speak to a little later.\nAnd finally, a significant decrease in credit provisions reflecting an improved economic outlook.\n\nNIM\nOur Margin outcome was a highlight.\nThe headline margin improved 2 basis points in the half while underlying margins were down 2 basis points – disciplined margin management largely offset the impact of industry headwinds.\nMargin Drivers\nThere are a number of structural trends impacting sector margins in both Australia and in New Zealand.\nOngoing customer preference for fixed rate home loans in the low interest rate environment drove a significant mix shift in our mortgage flows with fixed rate volumes up $22 billion and Standard Variable loans down $16 billion.\nHouse price growth saw increased sector home lending activity, higher refinancing levels and intense price competition. For example, about 30% of our home loan portfolios reset this half.\nSystem liquidity continues to expand, with average customer deposits increasing $17billion in the half, outpacing growth in customer lending.\nThis, coupled with our transition off the RBA’s committed liquidity facility, increased liquid assets which was negative for margins but positive for returns.\nCollectively, these structural headwinds compressed Group NIM by 8 basis points.\nPartially offsetting this was a net $40 billion shift interim versus at call deposits as customers favoured flexibility in a low rate environment. In addition to a shift in deposit mix, more expensive term wholesale debt matured and our teams actively managed the pricing of our deposits.\nOverall, macro factors along with management actions resulted in a 6 basis point benefit to margin this half.\nTurning to the outlook, consistent with long run sector trends, there is downside risk to margins in Financial Year 2022.\nThe negative impact of higher liquids, along with asset price competition and customer preference for fixed rate home loans, is expected to persist.\nHowever, you should expect that as in Financial Year 2021 we will undertake management actions to mitigate market conditions wherever possible.\nWe will continue to optimise funding costs, albeit the opportunity for further repricing is becoming limited.\nHowever, rate rises and further steepening in yield curves will provide a tailwind but that will depend on global macro-economic settings and the inflation outlook in the markets in which we operate.\nLet me now turn to our divisional performance.\nAustralia Retail and Commercial\nFirstly, to our Australian Retail and Commercial Division which recorded a solid result year on year, with higher revenues, flat expenses and lower provisions.\nHowever, our balance sheet performance in the second half was more challenging, with Home Loan volumes declining $3 billion half on half.\nAgainst this backdrop, margins have performed well, with NIM higher half on half and risk adjusted NIM improving 15 basis points, the highest it has been since 1H18. This in turn allowed for revenue to be higher half on half.\nThe Commercial bank grew revenue half on half despite commercial lending continuing to be impacted by weaker demand as a result of economic uncertainty. Unsecured lending volumes were adversely affected by ongoing lockdowns and travel restrictions.\nAustralian Home Loans\nTurning to the topic of momentum in the Australia Housing portfolio that I mentioned earlier.\nOn a spot basis the home loan book grew $3 billion for the year with growth in the first half, followed by a decline in the second half.\nAvailable Operational processing capacity in Financial Year ‘21, while 30% higher than that of 3 years ago, was not sufficient to match system growth.\nSimply put, the strength of the Australian property market well exceeded our expectations, with sector activity both from new lending and refinancing elevated.\nNow, growth for growth’s sake is of course not our focus. Improving the performance of our Australian Home Loan portfolio in a sustainable and profitable way is our highest priority.\nOur efforts have been focused on creating additional, sustainable processing capacity and improving assessment turnaround times. While there has been a circa 40% improvement in processing times across the entire portfolio in the last 6 months we are clearly not back to where we want to be. But good progress is being made on this front.\nWe have a firm handle on the issues to be addressed, and over a number of months, we have been working on operational and process enhancements including:\nIncreased operations resources to support assessment activity\nStreamlining our origination processes and, progressing work on digitisation and automation to create capacity.\nAs a result, as Shayne mentioned, our balance sheet momentum has shifted and we expect to continue to see improvements as we move through Financial Year 22.\nInstitutional\nAnd so to Institutional which today is a simpler, more resilient and well-diversified business which again delivered returns well above our cost of capital.\nRevenue excluding Markets was up 2% in the second half as economic conditions continued to improve.\nPleasingly risk-adjusted margin increased 6basis points, reflecting appropriate pricing for risk and strong capital discipline in the business.\nCorporate Finance revenue increased 3%, driven by a strong margin outcome and better momentum in customer activity, particularly in our FIG business.\nCash management revenue was flat, despite ongoing impacts from the low rate environment. We have had strong market share growth and are well positioned to benefit from improving market conditions.\nMarkets revenues, at $1.94 billion, normalised closer to our long run average after the exceptional volatility seen in 2020, with returns well above the Group cost of capital.\nImportantly, this half, marked the 11th consecutive half of absolute cost reduction.\nWe see structural tailwinds for this business over time, arising from future rate rises, the significant potential in sustainability financing and the growing momentum of the platform businesses that Shayne talked about earlier.\nUpcoming Capital Reforms, while expected to be neutral at a system level, may favour Institutional businesses like ours. That further improves the attractiveness of our portfolio.\nNew Zealand Personal and Business\nThe New Zealand result is a testament to efficiently leveraging the benefits of scale.\nIn Financial Year ‘21 the division delivered one of its strongest performances for many years with revenue up 8% YoY and 5% up HoH resulting in cash profit increasing 41% despite a high level of regulatory investment required for BS11.\nWe are on track to deliver BS11 well ahead of the required RBNZ deadline and are through the majority of spend on this project.\nHome loan volumes grew 11% year on year. Risk-adjusted margins further improved in the second half and were up 15 basis points as we continued our focus on improving returns in  Business to reflect the changing capital environment.\nProvision Charge &amp; Balance\nNow, turning to provisions. Credit conditions remained benign in the second half.\nIndividual provisions were at historic lows... and delinquency rates trended downwards.\nThe modest $145m release from the collective provision was largely driven by volume reductions, and an improved portfolio risk profile.\nBut, while increasing vaccination rates is a positive for the economic outlook… we will maintain a cautious approach to provisioning given the uncertainty of the implications arising from extended lockdowns in a number of major cities.\nWe believe our collective provision balance and coverage ratio of 122 basis points remains appropriate at this time.\nExpenses\nNow let’s consider expenses.\nWe do have a strong track-record of disciplined expense management since 2016 and that has continued this year.\nAdjusted for FX, our run the bank costs decreased 3%, with productivity initiatives offsetting inflationary impacts, and that allowed us to continue to invest in the business at record levels.\nProductivity\nOur accelerated strategy initiatives contributed $308 million of run the bank benefits this year.\nSavings came from across the entire business including:\n\nGreater use of digital technologies and customer self-service - for example, digital sales as a percentage of total sales rose to 41% in New Zealand and to 49% in Australia up from 26% and 30% respectively only two years ago.\nCreating efficiencies via process automation and simplification in our contact centres and our back office.\nThe rationalisation of our property footprint and lower operating costs.\nAnd finally, network and vendor contract optimisation.\n\nWe expect to continue to see run the bank costs reduce over time with productivity benefits offsetting inflationary uplifts and higher technology costs as we digitise the business.\nThe trend however may not be linear each half.\nInvestment Spend\nOur investment spend:\nWe are investing more than ever before to build a simpler, more resilient business and in a variety of platforms for future growth.\nOur investment spend has increased by $600m over the past two years and was up 23% to $1.8bn this year.\nWe continued our discipline on capitalisation with the investment expense rate increasing to 79%... and our capitalised software balance fell to below $1 billion.\nInvestment Spend\nAlmost half of our investment spend this year was on growth and simplification initiatives – including key strategic initiatives like ANZx, GoBiz and Sustainability Finance along with our transition to Cloud based technology.  \nIn Financial Year ‘21 we reached the peak of our spend on the current regulatory projects which when complete will deliver a greater level of operational resilience and a stronger base for future growth.\nWe remain committed to investing to grow and to simplifying the business with investment spend in Financial Year ‘22 expected to be slightly higher than this year with a higher investment expense rate.\nYear on Year total expenses are expected to increase slightly, from the Financial Year ‘21 base of $8.67 billion, that will be an outcome of lower Run the Bank expenses and higher investment spend.\nFocus Areas &amp; conclusion\nSo to conclude a few words on my key areas of focus:\n1.  We MUST rebuild our home loan momentum. Mark Hand and his team along with the entire Executive Committee is sharply focused on this.\n2. Our simplification agenda remains central to our cost targets. We must fund essential growth and we can only do that effectively by managing productivity and efficiency. My team and I will relentlessly pursue that objective. We have done this the last five years. I am confident we can continue to do it consistently.\n3. We have to maintain our resource management and allocation discipline, a key agenda for me. Our investment governance framework is aligned with our strategic priorities to ensure investment is well managed and rewards strong execution which produces the promised cost and revenue benefits.\n4. The growth initiatives, some of which were outlined by Shayne are important priorities and will also operate under the governance framework I just mentioned. And finally, all of this will require strong execution and a critical focus on returns. We have a proven track record and an embedded culture that is clear about return expectations. We will continue to build on that culture.\nThank you very much for your attention and I look forward to meeting all of you in person, soon.\nIn the meantime, I am contending with the very important task of picking a footie team! Jill is pressuring me to pick Richmond!\nWith that I’ll hand back to Shayne.\nDOWNLOAD PDF\n    ",
          "author": "Stephen Ries@/content/mediacentre/en/authors/stephen-ries",
          "favicon": "https://media.anz.com/etc/designs/mediacentre/favicon.ico",
          "source": "media.anz.com",
          "published": "",
          "ttr": 519
     }
}