{
     "Date": "25/06/2020",
     "Open": "1.39",
     "High": "1.42",
     "Low": "1.38",
     "Close": "1.42",
     "Adj Close": "1.247303",
     "Volume": "196136",
     "headLine": "ANZ ranked #1 Institutional Bank in Australia for fifth consecutive year",
     "link": "https://media.anz.com/posts/2020/06/anz-ranked--1-institutional-bank-in-australia-for-fifth-consecut",
     "article": {
          "url": "https://media.anz.com/posts/2020/06/anz-ranked--1-institutional-bank-in-australia-for-fifth-consecut",
          "title": "ANZ ranked #1 Institutional Bank in Australia for fifth consecutive year",
          "description": "ANZ also maintained its number one position for Net Promoter Score (NPS) for three years in a row. NPS tracks the willingness of customers to recommend a bank’s products or services to others. Highlights of...",
          "links": [
               "https://media.anz.com/posts/2020/06/anz-ranked--1-institutional-bank-in-australia-for-fifth-consecut"
          ],
          "image": "https://media.anz.com/content/dam/bluenotes/images/articles/2016/May/muhmoodluck_thumb.jpg",
          "content": "\n            ANZ also maintained its number one position for Net Promoter Score (NPS) for three years in a row. NPS tracks the willingness of customers to recommend a bank’s products or services to others.\nHighlights of the survey for ANZ include:\n·         The outright #1 Institutional bank for the fifth consecutive year, with 75% of the 562 respondents stating they have a relationship with ANZ\n·         Achieved our highest lead bank penetration ever (39%), up 1% on last year, and widened our gap by 1% up to 12% with our nearest competitor;\n·         Maintained leadership position in the Relationship Strength Index and ranked #1 in 13 out of 19 factors that make up the index;\n·         Held leadership position for overall customer satisfaction with products and services (58%), RM Capability, Most Effective Senior Management Support;\n·         Ranked #1 for NPS three years running (+33pts and up 4pts).\nANZ Managing Director, Institutional Australia, Graham Turley said: “While we are always working to improve our customer proposition, this recognition shows the importance of continually focusing on our customer relationships despite the significant challenges as a result of the pandemic.”\nThe Peter Lee Associates Large Corporate and Institutional Relationship Banking Survey is a leading indicator of performance across wholesale banking in Australia. Some 562 Australia-based large corporates and financial institutions with more than $500 million in annual turnover were surveyed.\nDOWNLOAD PDF\n    ",
          "author": "Brett Foley @/content/mediacentre/en/authors/brett-foley",
          "favicon": "https://media.anz.com/etc/designs/mediacentre/favicon.ico",
          "source": "media.anz.com",
          "published": "",
          "ttr": 46
     }
}