{
     "Date": "12/05/2021",
     "Open": "2",
     "High": "2.05",
     "Low": "1.99",
     "Close": "2.01",
     "Adj Close": "1.826611",
     "Volume": "450462",
     "headLine": "ANZ welcomes 2021 Federal Budget",
     "link": "https://media.anz.com/posts/2021/may/anz-welcomes-2021-federal-budget",
     "article": {
          "url": "https://media.anz.com/posts/2021/may/anz-welcomes-2021-federal-budget",
          "title": "ANZ welcomes 2021 Federal Budget",
          "description": "ANZ Chief Executive Officer Shayne Elliott today welcomed the Federal Government’s 2021 Budget as a key driver for Australia’s continuing economic recovery from the COVID-19 pandemic.",
          "links": [
               "https://media.anz.com/posts/2021/may/anz-welcomes-2021-federal-budget"
          ],
          "image": "https://media.anz.com/content/dam/mediacentre/images/gallery/Half-Year2021Result/PIC_2054.jpg",
          "content": "\n    \n    ANZ Chief Executive Officer Shayne Elliott today welcomed the Federal Government’s 2021 Budget as a key driver for Australia’s continuing economic recovery from the COVID-19 pandemic.\n\n    \n\n    \n            “This is the right budget for these economic times and is good news for Australian industries, households and social services.\n“While it is more stimulatory than many would have anticipated, this reflects the reality that the pandemic still poses risks to our health and economic prosperity and once again shows the government’s flexibility in dealing with the ongoing impacts,” Mr Elliott said.\nDownload PDF\n    \n\t\t\t\t\t\t",
          "author": "Nick Higginbottom@/content/mediacentre/en/authors/nick-higginbottom",
          "favicon": "https://media.anz.com/etc/designs/mediacentre/favicon.ico",
          "source": "media.anz.com",
          "published": "",
          "ttr": 18
     }
}