{
     "Date": "1/08/2019",
     "Open": "1.18",
     "High": "1.19",
     "Low": "1.18",
     "Close": "1.18",
     "Adj Close": "0.989798",
     "Volume": "2170660",
     "headLine": "Consumer confidence: soft start to the year",
     "link": "https://media.anz.com/posts/2019/01/consumer-confidence--soft-start-to-the-year",
     "article": {
          "url": "https://media.anz.com/posts/2019/01/consumer-confidence--soft-start-to-the-year",
          "title": "Consumer confidence: soft start to the year",
          "description": "ANZ’s Head of Australian Economics, David Plank, commented: “Consumer confidence has started 2019 on a soft note, with overall sentiment falling by 2.2%. A number of factors are likely at play. Much of the...",
          "links": [
               "https://media.anz.com/posts/2019/01/consumer-confidence--soft-start-to-the-year"
          ],
          "image": "https://media.anz.com/content/dam/mediacentre/images/consumerconfidence/2018/April/Consumer%20confidence.jpg",
          "content": "\n    \n            ANZ’s Head of Australian Economics, David Plank, commented:\n“Consumer confidence has started 2019 on a soft note, with overall sentiment falling by 2.2%. A number of factors are likely at play. Much of the global news has been negative over recent weeks, with broad weakness in equity prices since the last confidence survey in December reflective of this. More recently the Chinese PMI fell below 50 for the first time in 19 months and the stand-off between the US Congress and the President has intensified. On the domestic front sentiment has likely been affected by the media’s focus on falling house prices. The cricket may not be helping either! On the positive side, lower petrol prices will be helping sentiment and the strong US payrolls report shows there is still plenty of momentum in the US economy. And we should keep in mind that consumer confidence remains above average.”\nDownload the report\n    \n    \n\n    \n    \n                Economic reports\n        \n        \n                ANZ-Roy Morgan Consumer Confidence\n        \n    \n\n    \n    For media enquiries contact\n        \n        +61 2 8037 0029\n        Shaurya Mishra\n        +91 80 6795 3801\n        Brett Foley \n        +61 466 670 880 \n        \n\n\t\t\t\t\t\t",
          "author": "David Plank@/content/mediacentre/en/authors/david-plank,Shaurya Mishra@/content/mediacentre/en/authors/shaurya-mishra,Brett Foley @/content/mediacentre/en/authors/brett-foley",
          "favicon": "https://media.anz.com/etc/designs/mediacentre/favicon.ico",
          "source": "media.anz.com",
          "published": "",
          "ttr": 36
     }
}