{
     "Date": "2/08/2021",
     "Open": "1.91",
     "High": "1.92",
     "Low": "1.86",
     "Close": "1.86",
     "Adj Close": "1.690297",
     "Volume": "74579",
     "headLine": "ANZ partners with Australian Government to support critical infrastructure in Fiji",
     "link": "https://media.anz.com/posts/2021/august/anz-partners-with-australian-government-to-support-critical-infr",
     "article": {
          "url": "https://media.anz.com/posts/2021/august/anz-partners-with-australian-government-to-support-critical-infr",
          "title": "ANZ partners with Australian Government to support critical infrastructure in Fiji",
          "description": "ANZ Chief Executive Officer Shayne Elliott said ANZ is pleased to be working with the Australian Government through the AIFFP to fund the development of critical infrastructure in Fiji. “ANZ plays an...",
          "links": [
               "https://media.anz.com/posts/2021/august/anz-partners-with-australian-government-to-support-critical-infr"
          ],
          "image": "https://media.anz.com/content/dam/mediacentre/images/mediareleases/2021/July/Nadi%20Airport%20night%20shot.jpg",
          "content": "\n            ANZ Chief Executive Officer Shayne Elliott said ANZ is pleased to be working with the Australian Government through the AIFFP to fund the development of critical infrastructure in Fiji.\n“ANZ plays an important role connecting customers to the growing trade and investment opportunities across the region,” Mr Elliott said.\n“Investing in infrastructure that puts Fiji in a position to quickly scale up capacity once international travel resumes is critical to driving future growth.\n“The partnership with AIFFP draws on ANZ’s global banking expertise and local industry insights to support the rebuild of Fiji’s economy.”\nThe innovative financing agreement will support Fiji Airports’ infrastructure to be upgraded to increase passenger capacity. Works at Nadi and other outer islands’ airports will upgrade aprons, expand aircraft parking and modernise air traffic management systems.\nANZ Regional Executive Pacific Tessa Price said ANZ has had a presence in Fiji for 141 years and this funding demonstrated the bank’s deep commitment to the Pacific.\n“Fiji is the hub of the Pacific and we are optimistic about the long-term future of the region,” Ms Price said.\n“Prior to COVID-19, Fiji’s economy had performed remarkably well over the past decade.\n“Once safe travel corridors can be established and with the return of international tourism, we believe activity can return to pre-COVID levels.\n“Naturally, Fiji’s national airport infrastructure will play a key role in Fiji’s economic recovery.\n“ANZ is one the few AA- rated banks in the region and we’re pleased to partner with the Australian Government to help deliver a critical piece of infrastructure for the Pacific.”\n\nFiji Airports is the main provider of airport services in Fiji. It owns and operates the Nadi International Airport and manages the Nausori International Airport in Suva, as well as 13 domestic outer island airports. It also provides traffic management services to an airspace that includes Fiji, Tuvalu, New Caledonia, Kiribati, and Vanuatu.\nThis is the first loan guaranteed by the AIFFP and funded in local currency.\nDownload PDF\n    \n    For media enquiries contact\n        \n        +61 403 936 262\n        Victoria Kanevsky\n        0433 253 619 \n        \n",
          "author": "Nick Higginbottom@/content/mediacentre/en/authors/nick-higginbottom,Victoria Kanevsky@/content/mediacentre/en/authors/victoria-kanevsky",
          "favicon": "https://media.anz.com/etc/designs/mediacentre/favicon.ico",
          "source": "media.anz.com",
          "published": "",
          "ttr": 69
     }
}