{
     "Date": "21/06/2019",
     "Open": "1.09",
     "High": "1.09",
     "Low": "1.07",
     "Close": "1.08",
     "Adj Close": "0.905916",
     "Volume": "308169",
     "headLine": "ANZ and Brotherhood of St Laurence announce ANZ Tony Nicholson Fellow",
     "link": "https://media.anz.com/posts/2019/06/tony-nicholson-fellow--",
     "article": {
          "url": "https://media.anz.com/posts/2019/06/tony-nicholson-fellow--",
          "title": "ANZ and Brotherhood of St Laurence announce ANZ Tony Nicholson Fellow",
          "description": "As the inaugural ANZ Tony Nicholson Research Fellow, Dr Jeremiah Brown will use the six-month scholarship to undertake research on the role organisations can play in improving the financial wellbeing and...",
          "links": [
               "https://media.anz.com/posts/2019/06/tony-nicholson-fellow--"
          ],
          "image": "https://media.anz.com/content/dam/mediacentre/images/mediareleases/2019/June/Tony%20Nicholson%20Fellow.jpg",
          "content": "\n            As the inaugural ANZ Tony Nicholson Research Fellow, Dr Jeremiah Brown will use the six-month scholarship to undertake research on the role organisations can play in improving the financial wellbeing and financial capabilities of disadvantaged people and communities.   \nCommenting on the fellowship, ANZ Chief Executive Officer Shayne Elliott said: “Dr Jeremiah Brown’s fellowship is an important piece of work and we will use his findings to guide our practical responses to improving the financial wellbeing of Australians. \n“ANZ has a successful and longstanding partnership with the Brotherhood of St Laurence running a number of programs together, including Saver Plus, which supports the social and economic participation of vulnerable and disadvantaged people in our community,” Mr Elliott said. \nConny Lenneberg, Executive Director of the Brotherhood of St Laurence, said: “From our community programs to formulating policy and advocacy, a strong research-and-evidence base has always been critical to the Brotherhood of St Laurence’s pursuit of an Australia free of poverty. This fellowship will contribute to the key task of building financial capability in the community. \n“Thank you to ANZ under the leadership of Shayne Elliott for their ongoing support. We regard the business sector as an important partner in the all-of-community effort that is needed to tackle poverty and disadvantage in Australia.’’ \nFunded by ANZ, the Fellowship is named after the Brotherhood’s former Executive Director, who led the not-for-profit for 13 years, recognising Mr. Nicholson’s many years of leadership in advocating for disadvantaged people throughout Australia.  \nANZ will contribute a seed donation to establish an annual six-month fellowship for a minimum period of 10 years. The Brotherhood of St Laurence will select the fellows. \nDownload PDF\n    ",
          "author": "Francesca Rizzo@/content/mediacentre/en/authors/Francesca-Rizzo",
          "favicon": "https://media.anz.com/etc/designs/mediacentre/favicon.ico",
          "source": "media.anz.com",
          "published": "",
          "ttr": 55
     }
}