{
     "Date": "17/06/2021",
     "Open": "2.08",
     "High": "2.08",
     "Low": "2.04",
     "Close": "2.08",
     "Adj Close": "1.890225",
     "Volume": "131997",
     "headLine": "ANZ welcomes historic Australia-UK trade deal",
     "link": "https://media.anz.com/posts/2021/June/anz-welcomes-historic-australia-uk-trade-deal",
     "article": {
          "url": "https://media.anz.com/posts/2021/June/anz-welcomes-historic-australia-uk-trade-deal",
          "title": "ANZ welcomes historic Australia-UK trade deal",
          "description": "ANZ Group Executive Institutional Mark Whelan said: “ANZ has been a trade bank since our inception and our relationship with the UK is deeply rooted in that important part of our history. This trade agreement...",
          "links": [
               "https://media.anz.com/posts/2021/June/anz-welcomes-historic-australia-uk-trade-deal"
          ],
          "image": "https://media.anz.com/content/dam/mediacentre/images/mediareleases/2021/June/shipping%20container.jpg",
          "content": "\n            ANZ Group Executive Institutional Mark Whelan said: “ANZ has been a trade bank since our inception and our relationship with the UK is deeply rooted in that important part of our history. This trade agreement will create new opportunities for our customers by eliminating some of the barriers they face moving goods and capital to and from the UK.\n“The removal of tariffs over time will give Australian exporters greater access to the UK market and consumers, driving job creation and providing growth prospects in particular for sectors such as tourism, agriculture and professional services,” Mr Whelan said.\nANZ Head of UK &amp; Europe Richard Dawson added: “The UK is a key market for many of our customers. We look forward to continuing to support them as they accelerate their ambitions across the UK and Australian markets.”\nThe deal is the first major bilateral agreement negotiated by the UK since leaving the EU, and is intended to increase the volume of trade between the two countries above the current £20 billion.\nANZ is headquartered in Melbourne and has had a presence in the UK since 1835. \nDownload PDF\n    ",
          "author": "Phoebe O’Sullivan@/content/mediacentre/en/authors/phoebe-o_sullivan",
          "favicon": "https://media.anz.com/etc/designs/mediacentre/favicon.ico",
          "source": "media.anz.com",
          "published": "",
          "ttr": 38
     }
}