{
     "Date": "28/07/2020",
     "Open": "1.45",
     "High": "1.48",
     "Low": "1.45",
     "Close": "1.45",
     "Adj Close": "1.273655",
     "Volume": "143790",
     "headLine": "Consumer confidence declines again",
     "link": "https://media.anz.com/posts/2020/07/confidence-declines-again",
     "article": {
          "url": "https://media.anz.com/posts/2020/07/confidence-declines-again",
          "title": "Consumer confidence declines again",
          "description": "Consumer confidence declined almost 2 per cent last week, with weakness in all the subindices. This was the fifth decline in a row and the largest weekly decline in a month. ‘Current finances’ declined by 0.1...",
          "links": [
               "https://media.anz.com/posts/2020/07/confidence-declines-again"
          ],
          "image": "https://media.anz.com/content/dam/irm/images/Mobile%20Card%20Payment.jpg",
          "content": "\n    \n            Consumer confidence declined almost 2 per cent last week, with weakness in all the subindices. This was the fifth decline in a row and the largest weekly decline in a month.\n‘Current finances’ declined by 0.1 per cent after three-straight weeks of gains. ‘Future finances’ fell 1.6 per cent, its third-straight weekly decline.\n‘Current economic conditions’ declined for the sixth straight week, falling 2.4 per cent, while ‘future economic conditions’ fell 0.8 per cent.\n‘Time to buy a household item’ also deteriorated, falling 4.2 per cent. ‘Inflation expectations’ gained 0.1 percentage point to 3.4 per cent (four-week moving average).\n    \n    \n\n    \n            \"Confidence continues to deteriorate, with a fifth-straight decline.\" ANZ Head of Australian Economics  David Plank said. \"Sentiment has dropped almost 10 per cent from its high at the end of May.\" \n\"The rise in pandemic related deaths in Victoria and new case numbers rising in Sydney seem to be sapping confidence.\" \n\"The reductions in the Jobkeeper and Jobseeker payments from the end of September may have also weighed, with ‘current economic conditions’ falling sharply and the improvement in ‘current finances’ stalling at a low level.\" \n\"Inflation expectations rose again, with the four week moving average at its highest level since mid-May. This lift comes just ahead of the second-quarter inflation data, which is likely to show the biggest ever fall in headline inflation.\"\nDownload PDF\n    \n\t\t\t\t\t\t",
          "author": "Phoebe O’Sullivan@/content/mediacentre/en/authors/phoebe-o_sullivan",
          "favicon": "https://media.anz.com/etc/designs/mediacentre/favicon.ico",
          "source": "media.anz.com",
          "published": "",
          "ttr": 45
     }
}