{
     "Date": "25/07/2019",
     "Open": "1.19",
     "High": "1.2",
     "Low": "1.19",
     "Close": "1.2",
     "Adj Close": "1.006574",
     "Volume": "266930",
     "headLine": "ASIC civil proceedings on periodical payment fees",
     "link": "https://media.anz.com/posts/2019/07/asic-civil-proceedings-on-periodical-payment-fees",
     "article": {
          "url": "https://media.anz.com/posts/2019/07/asic-civil-proceedings-on-periodical-payment-fees",
          "title": "ASIC civil proceedings on periodical payment fees",
          "description": "The Australian Securities and Investments Commission (ASIC) has advised ANZ it intends to commence civil penalty proceedings against the bank in relation to the charging of fees for periodical payments in certain circumstances prior to February 2016.",
          "links": [
               "https://media.anz.com/posts/2019/07/asic-civil-proceedings-on-periodical-payment-fees"
          ],
          "image": "https://media.anz.com/content/dam/mediacentre/pdfs/mediareleases/2019/July/ANZ%20Generic_Logo00060.jpg",
          "content": "\n            These fees were the subject of a class action which was settled in December 2018 for $1.5 million, pending court approval.\nSeparately, ANZ has already provided for approximately $50 million in customer remediation payments for this matter of which more than $28 million has already been paid to customers impacted since 2008.\nIn this matter, we understand ASIC will seek pecuniary penalties in respect of 1.3 million occasions where the fees were applied.\nWhile ANZ is still considering the matters raised by ASIC, ANZ categorically denies any deliberate wrongdoing and intends to vigorously defend any such allegation.\nThe Australian Government Solicitor has informed ANZ it will file documents in the Federal Court on 29 July.\nANZ will not be providing further comment given the matter is expected to be before the courts.\nDOWNLOAD PDF\n    ",
          "author": "Stephen Ries@/content/mediacentre/en/authors/stephen-ries",
          "favicon": "https://media.anz.com/etc/designs/mediacentre/favicon.ico",
          "source": "media.anz.com",
          "published": "",
          "ttr": 27
     }
}