{
     "Date": "3/01/2019",
     "Open": "0.99",
     "High": "1",
     "Low": "0.98",
     "Close": "0.98",
     "Adj Close": "0.797499",
     "Volume": "74605",
     "headLine": "ANZ comments on Government package for Queensland famers impacted by flood",
     "link": "https://media.anz.com/posts/2019/03/anz-comments-on-government-package-for-queensland-famers-impacte",
     "article": {
          "url": "https://media.anz.com/posts/2019/03/anz-comments-on-government-package-for-queensland-famers-impacte",
          "title": "ANZ comments on Government package for Queensland famers impacted by flood",
          "description": "ANZ today commented on the Federal Government’s package to rebuild North Queensland's livestock industry following recent floods impacting the region.",
          "links": [
               "https://media.anz.com/posts/2019/03/anz-comments-on-government-package-for-queensland-famers-impacte"
          ],
          "image": "https://media.anz.com/content/dam/mediacentre/images/mediareleases/2018/March/ANZ%20logo.jpg",
          "content": "\n            ANZ Head of Agri Business Mark Bennett said: “We remain committed to doing our bit to help farmers re-stock once conditions ease and we look forward to working with the Federal Government to better understand how these new measures will be implemented.\n“We’ve been working hard to assist our customers in Queensland with the additional relief measures we announced last month,” Mr Bennett said.\nANZ last month announced an additional relief package for customers across northern parts of Queensland whose family farms have been affected by devastating floods.\n\nThe additional relief package announced last-month targeted at flood-affected family farms includes:\n\nANZ will not take possession of a flood affected family farm without permission of the property owner for a period of three years.\nWhere possible, and taking into account the customer’s interests and ANZ lending obligations, conversion of lending to interest only for a period of up to three years.\nAgain where possible, discounted lending for approved loan requests for the purpose of rebuilding, including herd replacement and associated infrastructure costs, to a maximum term of three years. This will extend ANZ’s existing $130 million commitment of discounted loans for previously drought-affected areas to $200 million. This funding would be available for purposes such as restocking or replacing farm infrastructure.\n\nThese measures are on-top of ANZ’s standard relief package which includes the ability to suspend repayments on loans, including credit cards, for up to three months.\nThey also come after ANZ introduced a number of drought-relief measures in 2018, including a 1.00% reduction on eligible variable business farming loans in drought-declared areas for 12 months from 1 September 2018; a $1 million donation to help farmers struggling with drought conditions; and, ANZ’s longstanding commitment not to increase interest rate margins on distressed customers.\nDownload PDF\n    ",
          "author": "Nick Higginbottom@/content/mediacentre/en/authors/nick-higginbottom",
          "favicon": "https://media.anz.com/etc/designs/mediacentre/favicon.ico",
          "source": "media.anz.com",
          "published": "",
          "ttr": 59
     }
}