{
     "Date": "29/03/2021",
     "Open": "2.03",
     "High": "2.05",
     "Low": "2.01",
     "Close": "2.02",
     "Adj Close": "1.835699",
     "Volume": "222890",
     "headLine": "ANZ welcomes additional government support for flood-affected communities",
     "link": "https://media.anz.com/posts/2021/march/-anz-welcomes-additional-government-support-for-flood-affected-c",
     "article": {
          "url": "https://media.anz.com/posts/2021/march/-anz-welcomes-additional-government-support-for-flood-affected-c",
          "title": " ANZ welcomes additional government support for flood-affected communities",
          "description": "Small and medium sized businesses in flood-affected areas can access the low cost funding from 1 April regardless of whether they were on JobKeeper during the March quarter. ANZ Managing Director Commercial...",
          "links": [
               "https://media.anz.com/posts/2021/march/-anz-welcomes-additional-government-support-for-flood-affected-c"
          ],
          "image": "https://media.anz.com/content/dam/mediacentre/images/mediareleases/2018/April/ANZ%20logo%20rural.jpg",
          "content": "\n            Small and medium sized businesses in flood-affected areas can access the low cost funding from 1 April regardless of whether they were on JobKeeper during the March quarter.\nANZ Managing Director Commercial and Private Banking, Isaac Rankin said: “These floods came at a really difficult time as many businesses had already been reeling from the effects of the global pandemic.\n“The extension of the government’s fund, along with financial assistance measures from banks such as ANZ, will provide useful support for a number of businesses as they recovery from these devastating floods,” he said.\nANZ announced a support package for flood-affected communities earlier this month with a range of financial relief measures.\nDownload PDF\n    ",
          "author": "Nick Higginbottom@/content/mediacentre/en/authors/nick-higginbottom",
          "favicon": "https://media.anz.com/etc/designs/mediacentre/favicon.ico",
          "source": "media.anz.com",
          "published": "",
          "ttr": 23
     }
}