{
     "Date": "4/02/2019",
     "Open": "1.02",
     "High": "1.02",
     "Low": "1",
     "Close": "1.02",
     "Adj Close": "0.83005",
     "Volume": "131490",
     "headLine": "Confidence back above its long-run average",
     "link": "https://media.anz.com/posts/2019/03/confidence-back-above-its-long-run-average",
     "article": {
          "url": "https://media.anz.com/posts/2019/03/confidence-back-above-its-long-run-average",
          "title": "Confidence back above its long-run average",
          "description": "•ANZ-Roy Morgan Australian Consumer Confidence was up by 2.6% last week. The uptick has resulted in the index closing near its one month high. •The sub-indices were higher, with the exception of current...",
          "links": [
               "https://media.anz.com/posts/2019/03/confidence-back-above-its-long-run-average"
          ],
          "image": "https://media.anz.com/content/dam/mediacentre/images/consumerconfidence/2019/April/david-marcu-441-unsplash.jpg",
          "content": "\n    \n            •ANZ-Roy Morgan Australian Consumer Confidence was up by 2.6% last week. The uptick has resulted in the index closing near its one month high.\n•The sub-indices were higher, with the exception of current financial conditions which fell 1.5%. Future financial conditions rose a modest 0.4% after the fall of 3.3% last week.\n•Current economic conditions jumped 8.1% compared to a fall of 0.1% previously. Future economic conditions were up by 1.3%.\n •The ‘time to buy a household item’ showed some strength, gaining 5%. Four-week moving average inflation expectations were stable at 4%, though the weekly reading was down sharply.\n    \n    \n\n    \n            ANZ Senior Economist, David Plank, commented: \n“Consumers head into the Budget with confidence above average and at the highest level for some weeks. Talk of additional tax cuts and spending may be supporting sentiment. News that job vacancies are continuing to lift may also have provided a boost. There is a lot of news this week that could impact how consumers perceive the outlook, not least the RBA statement and the Budget.”\nDOWNLOAD PDF\n    \n\t\t\t\t\t\t",
          "author": "Phoebe O’Sullivan@/content/mediacentre/en/authors/phoebe-o_sullivan",
          "favicon": "https://media.anz.com/etc/designs/mediacentre/favicon.ico",
          "source": "media.anz.com",
          "published": "",
          "ttr": 35
     }
}