{
     "Date": "17/08/2021",
     "Open": "1.88",
     "High": "1.88",
     "Low": "1.8",
     "Close": "1.8",
     "Adj Close": "1.635771",
     "Volume": "311292",
     "headLine": "Consumer confidence is resilient",
     "link": "https://media.anz.com/posts/2021/august/consumer-confidence-drops-fast1",
     "article": {
          "url": "https://media.anz.com/posts/2021/august/consumer-confidence-drops-fast1",
          "title": "Consumer confidence is resilient",
          "description": "Consumer confidence recovered 2.5 per cent last week, following the end of thelockdown in south-east Queensland and also in large part due to the resilience of sentiment in NSW despite rising COVID-19...",
          "links": [
               "https://media.anz.com/posts/2021/august/consumer-confidence-drops-fast1"
          ],
          "image": "https://media.anz.com/content/dam/mediacentre/images/consumerconfidence/2019/November/man%20shopping.jpg",
          "content": "\n            Consumer confidence recovered 2.5 per cent last week, following the end of thelockdown in south-east Queensland and also in large part due to the resilience of sentiment in NSW despite rising COVID-19 cases.\nFinancial conditions recovered after a significant fall the week before, with ‘currentfinancial conditions’ up 2.9 per cent and ‘future financial conditions’ gaining 4.8 per cent.\nEconomic conditions, on the other hand, softened a touch as ‘currenteconomic conditions’ lost 0.5 per cent and ‘future economic conditions’ slipped 0.2 per cent.\n‘Time to buy a major household item’ gained 5.0 per cent, after last week’s 8.3 per cent fall. ‘Weekly inflation expectations’ rose 0.2ppt to 4.5 per cent, its highest level since May 2019. The four-week moving average remained steady at 4.3 per cent.\n    ",
          "author": "Emma Mellow@/content/mediacentre/en/authors/emma-mellow",
          "favicon": "https://media.anz.com/etc/designs/mediacentre/favicon.ico",
          "source": "media.anz.com",
          "published": "",
          "ttr": 25
     }
}