{
     "Date": "7/12/2020",
     "Open": "1.88",
     "High": "1.9",
     "Low": "1.88",
     "Close": "1.88",
     "Adj Close": "1.681381",
     "Volume": "203693",
     "headLine": "Ten high-performing SMEs selected for ANZ Business Growth Program",
     "link": "https://media.anz.com/posts/2020/12/ten-high-performing-smes-selected-for-anz-business-growth-progra",
     "article": {
          "url": "https://media.anz.com/posts/2020/12/ten-high-performing-smes-selected-for-anz-business-growth-progra",
          "title": "Ten high-performing SMEs selected for ANZ Business Growth Program",
          "description": "This week ANZ announced the ten high-performing small to medium sized companies (SMEs) that have been selected to participate in the seventh ANZ Business Growth Program, a nine-month intensive course aimed to help CEOs/MDs and executive team members build the foundations for the long-term growth of their companies. ",
          "links": [
               "https://media.anz.com/posts/2020/12/ten-high-performing-smes-selected-for-anz-business-growth-progra"
          ],
          "image": "https://media.anz.com/content/dam/mediacentre/images/mediareleases/2020/December/shelley-pauls-I58f47LRQYM-unsplash.jpg",
          "content": "\n            The program, developed by Professor Jana Matthews, ANZ Chair in Business Growth and Director of the Australian Centre for Business Growth at the University of South Australia, targets ANZ business customers with less than 200 employees and more than $5 million in annual sales.\nANZ Managing Director Commercial and Private Banking Isaac Rankin said: “Helping customers to start, run and sustainably grow their businesses is at the core of what we do.\n“This program equips business leaders with the knowledge and frameworks they need to scale their businesses in a sustainable way. Many well-known Australian brands have been through this program over the past six years, watching each of them grow and succeed is a fantastic part of my job,” said Mr Rankin.\nEight of the companies that participated in the first program have recorded an aggregate 341% (FY20 data) increase in revenue and 157% (FY20 data) increase in profit since attending the program, and created over 1100 new jobs in total. Thirty eight per cent of participants are now exporting to 38 countries in total.\nProgram Director Dr. Jana Matthews said, “We believe that each of the companies selected has high growth potential. Many of them are family businesses whose owners are eager to acquire the knowledge, skills and frameworks required to grow their companies, continue to innovate and expand nationally and globally.\n“We are delighted that 98% of the past participants say they’d recommend this program to other CEOs/MDs and executive team members who want to learn what to do, when, why and in what order to grow their companies - and equally delighted to be helping ANZ achieve its mission of enabling individuals and communities to thrive.”\nThe CEOs/MDs of each the ten companies selected are required to nominate at least two other members of their executive teams to participate in the three, three-day growth modules where all ten companies are taught a structured curriculum focused on what they need to know and do to grow. Company teams also receive face-to-face mentoring and coaching from Growth Experts, CEOs who have started, grown and exited companies.\nDownload PDF\nClass 7 Participants\nR&amp;R Smith/Willie Smith\nR&amp;R Smith is the largest certified organic apple producer in the country. A vertically integrated business which produces, stores, packs and markets apples and cherries. R&amp;R Smith warehouses and markets fruit for other growers in the country.\nTasmanian Berries    \nTasmanian Berries are located in the central North of Tasmania across two farms, producing strawberries, raspberries and blackberries for the Australian domestic market under the Driscolls label. They produce approximately 1000 tonnes of strawberries, 200 tonnes of raspberries and 200 tonnes of blackberries, and employ up to 400 people in peak harvest period.\nTAXIBOX        \nTAXIBOX is Australia’s largest company owned mobile storage operator, with operations across Melbourne, Sydney and Brisbane. TAXIBOX provide a variety of storage and moving services including mobile self-storage, on-site storage, cool room storage and local and interstate moving services.\nKennedy Property Services\nKennedy Property Services is a local South Australian Company, specialising in Interior Construction, General Building and Maintenance services. The company utilises a fleet of modern commercial vehicles which are fully fitted and stocked to undertake construction project works, installation, on-site maintenance and service work.\nTasFoods Limited      \nTasFoods Ltd is an ASX listed company building a portfolio of food brands that leverage the natural advantages of Tasmania and it’s reputation for fine food to deliver the essence of Tasmania to the table. The company is focused on building a brand portfolio based on two strategic core pillars of dairy and poultry. The poultry division incorporates a vertically integrated meat chicken business called Nichols Poultry. The dairy division has three processing centres of excellence creating products for a range of brands including the premium brands of Pyengana Dairy and Meander Valley Dairy and the most popular Tasmanian milk brand of Betta Milk.\nJayben Australia P/L\nThe Jayben Group is an advanced manufacturing company and specialises in powertrain products and industrial plant and equipment, including R&amp;D, engineering, manufacture, domestic and international distribution.\nOTM Civil Construction         \nOTM Civil Construction is based in the Mid North of South Australia. Undertaking work across SA and Victoria with a strong focus on renewable energy projects, OTM Civil Construction specializes in the construction, maintenance and upgrading of civil infrastructure.\nHusk   \nHusk operates 13 boutiques retailing apparel, shoes, accessories, homewares &amp; sensory products. They manufacture their own eponymous label as well as purchasing brands from across the globe. The brand has appeal amongst women living a life less ordinary.\nForager Foods\nForager Foods is a contract manufacturing business in North West Tasmania, Australia specialising in food processing, freeze drying, and packing of food products. With a suite of over 150 Forager branded products sold nationally and internationally, the company also contract manufactures for global and local brands.\nDesigns To You         \nDesigns To You is an Australian supplier and manufacturer of premium corporate apparel, healthcare uniforms and workwear.   Driven by design and innovation, we are experts at creating inspiring, modern and practical uniform solutions.\n    ",
          "author": "Karly Dwyer@/content/mediacentre/en/authors/karly-dwyer",
          "favicon": "https://media.anz.com/etc/designs/mediacentre/favicon.ico",
          "source": "media.anz.com",
          "published": "",
          "ttr": 167
     }
}