{
     "Date": "1/07/2020",
     "Open": "1.41",
     "High": "1.43",
     "Low": "1.4",
     "Close": "1.41",
     "Adj Close": "1.238519",
     "Volume": "201489",
     "headLine": "December Job Ads impacted by fires",
     "link": "https://media.anz.com/posts/2020/01/december-job-ads-impacted-by-fires",
     "article": {
          "url": "https://media.anz.com/posts/2020/01/december-job-ads-impacted-by-fires",
          "title": "December Job Ads impacted by fires",
          "description": "ANZ Senior Economist, Catherine Birch, commented: The 6.7% m/m drop in December took ANZ Job Ads down to its lowest level since April 2016. In the final two weeks of December, the number of job ads declined...",
          "links": [
               "https://media.anz.com/posts/2020/01/december-job-ads-impacted-by-fires"
          ],
          "image": "https://media.anz.com/content/dam/mediacentre/images/jobads/2019/June/job%20ads.jpg",
          "content": "\n            ANZ Senior Economist, Catherine Birch, commented:\nThe 6.7% m/m drop in December took ANZ Job Ads down to its lowest level since April 2016. In the final two weeks of December, the number of job ads declined by more than we would expect for that time of the year, suggesting that the escalating bushfire crises had an impact.\nBased on previous major natural disasters, such as Victoria’s Black Saturday fires and Queensland’s 2010-11 floods, the current bushfires could see a shortterm negative impact on employment.\nThe overall labour market remains resilient, however, bouncing back with a 40k gain in employment in November following the 25k fall in October.\nDOWNLOAD PDF\n    ",
          "author": "Brittannie Edwards@/content/mediacentre/en/authors/brittannie-edwards",
          "favicon": "https://media.anz.com/etc/designs/mediacentre/favicon.ico",
          "source": "media.anz.com",
          "published": "",
          "ttr": 22
     }
}