{
     "Date": "31/03/2020",
     "Open": "1.13",
     "High": "1.14",
     "Low": "1.1",
     "Close": "1.11",
     "Adj Close": "0.975004",
     "Volume": "595901",
     "headLine": "Consumer confidence falls to record low",
     "link": "https://media.anz.com/posts/2020/03/consumer-confidence-falls-to-record-low",
     "article": {
          "url": "https://media.anz.com/posts/2020/03/consumer-confidence-falls-to-record-low",
          "title": "Consumer confidence falls to record low",
          "description": "Consumer confidence declined by 9.8 per cent over the past week and is now at its lowest level since the inception of the survey in 1973. ‘Future financial conditions’ was the only subcomponent which was...",
          "links": [
               "https://media.anz.com/posts/2020/03/consumer-confidence-falls-to-record-low"
          ],
          "image": "https://media.anz.com/content/dam/mediacentre/images/consumerconfidence/2018/August/Consumer%20Confidence%20Aug.JPG",
          "content": "\n    \n            Consumer confidence declined by 9.8 per cent over the past week and is now at its lowest level since the inception of the survey in 1973.\n‘Future financial conditions’ was the only subcomponent which was positive, gaining 0.6 per cent. ‘Current financial conditions’ fell 16.1 per cent.\n‘Current economic conditions’ declined by 9.5 per cent, following last week’s 37 per cent decline. This is by far the weakest component of the survey. ‘Future economic conditions’ were a bit calmer, falling just 2.4 per cent.\n‘Time to buy a major household item’ fell the most over the past week, dropping by 23.8 per cent. The four-week moving average for ‘inflation expectations’ was up by 0.1 percentage point to 4.1 per cent.\n    \n    \n\n    \n            \"Sentiment took a further hit over the past week, falling to the lowest ever level in the almost 50-year history of the survey,\" ANZ Head of Australian Economics David Plank said. \n\"There were some glimmers of hope. ‘Future finances’ were up marginally and inflation expectations rose. In fact, there was a sharp uptick in the weekly reading of inflation expectations, which rose to 4.3 per cent. But we aren’t getting carried away.\" \n\"‘Current economic conditions’ fell more than 9 per cent and are down close to 50 per cent over two weeks, to the lowest ever level. Most other aspects of the survey are exceptionally weak.\" \n\"The announcement of the largest fiscal package yet may stabilise confidence but much will depend on the how the pandemic evolves.\"\nDownload PDF\n    \n\t\t\t\t\t\t",
          "author": "Phoebe O’Sullivan@/content/mediacentre/en/authors/phoebe-o_sullivan",
          "favicon": "https://media.anz.com/etc/designs/mediacentre/favicon.ico",
          "source": "media.anz.com",
          "published": "",
          "ttr": 50
     }
}