{
     "Date": "22/09/2020",
     "Open": "1.58",
     "High": "1.6",
     "Low": "1.58",
     "Close": "1.6",
     "Adj Close": "1.430963",
     "Volume": "107771",
     "headLine": "Consumer confidence lifts again",
     "link": "https://media.anz.com/posts/2020/09/consumer-confidence-lifts-again",
     "article": {
          "url": "https://media.anz.com/posts/2020/09/consumer-confidence-lifts-again",
          "title": "Consumer confidence lifts again",
          "description": "\"Consumer confidence has risen for the third week in a row with the most notable improvement coming from Melbourne and the rest of Victoria.,\" ANZ Head of Australian Economics, David Plank said. \"Sentiment in...",
          "links": [
               "https://media.anz.com/posts/2020/09/consumer-confidence-lifts-again"
          ],
          "image": "https://media.anz.com/content/dam/mediacentre/images/consumerconfidence/2018/August/Consumer%20Confidence%20Atm.JPG",
          "content": "\n            \"Consumer confidence has risen for the third week in a row with the most notable improvement coming from Melbourne and the rest of Victoria.,\" ANZ Head of Australian Economics, David Plank said.\n\"Sentiment in Melbourne is still well below neutral, but consumers there are now a touch more confident than those in Sydney.\"\n\"Consumer confidence in the rest of Victoria rose above the neutral 100 level for the first time since early March. The success in\ngetting the COVID-19 new case numbers down is clearly having a big impact on confidence in Victoria.\"\n\"The positive surprise in the August labour market data may have bolstered sentiment more generally, though it is worth pointing out that confidence is comparable to the level reached during the depths of the GFC.\"\nDOWNLOAD PDF\n    ",
          "author": "Phoebe O’Sullivan@/content/mediacentre/en/authors/phoebe-o_sullivan",
          "favicon": "https://media.anz.com/etc/designs/mediacentre/favicon.ico",
          "source": "media.anz.com",
          "published": "",
          "ttr": 26
     }
}