{
     "Date": "23/09/2019",
     "Open": "1.28",
     "High": "1.28",
     "Low": "1.26",
     "Close": "1.27",
     "Adj Close": "1.090388",
     "Volume": "47439",
     "headLine": "Important information for ANZ PNG customers",
     "link": "https://media.anz.com/posts/2019/09/important-information-for-anz-png-customers",
     "article": {
          "url": "https://media.anz.com/posts/2019/09/important-information-for-anz-png-customers",
          "title": "Important information for ANZ PNG customers",
          "description": "On 25 June 2018, Australia and New Zealand Banking Group (PNG) Ltd (“ANZ”) announced an agreement to sell its Retail, Commercial and Small-Medium Sized Enterprise (SME) banking businesses in Papua New Guinea...",
          "links": [
               "https://media.anz.com/posts/2019/09/important-information-for-anz-png-customers"
          ],
          "image": "https://media.anz.com/content/dam/mediacentre/images/mediareleases/2018/June/PNG.jpg",
          "content": "\n            On 25 June 2018, Australia and New Zealand Banking Group (PNG) Ltd (“ANZ”) announced an agreement to sell its Retail, Commercial and Small-Medium Sized Enterprise (SME) banking businesses in Papua New Guinea to Kina Bank Limited (“Kina Bank”), to allow it to focus solely on Institutional and Large Corporate banking in the PNG market.\nThe transfer to Kina Bank occurred on Sunday, 22 September 2019 (“Completion”). \nKina Bank is a wholly-owned subsidiary of Kina Securities Limited, a PNG company listed on the Australian and Port Moresby stock exchanges.\nThe sale included all 15 ANZ branches, the entire ATM network and ongoing roles for those who currently support the Retail, Commercial and SME banking businesses.\nImportant information – Transfer to Kina Bank\n• The transfer took effect on Sunday 22 September 2019 (“Effective Time”).\n• From the Effective Time, ANZ's Retail, Commercial and Small Medium Enterprise (SME) sized customers became customers of Kina Bank and any account(s), deposits, loans, products and other banking arrangements held with ANZ (together referred to as the “Banking Services”) were transferred to Kina Bank.\n    ",
          "author": "Phoebe O’Sullivan@/content/mediacentre/en/authors/phoebe-o_sullivan",
          "favicon": "https://media.anz.com/etc/designs/mediacentre/favicon.ico",
          "source": "media.anz.com",
          "published": "",
          "ttr": 36
     }
}