{
     "Date": "15/05/2018",
     "Open": "1.1",
     "High": "1.11",
     "Low": "1.1",
     "Close": "1.1",
     "Adj Close": "0.883378",
     "Volume": "142676",
     "headLine": "Consumer Confidence: continues to recover post-budget",
     "link": "https://media.anz.com/posts/2018/05/consumer-confidence--continues-to-recover-post-budget",
     "article": {
          "url": "https://media.anz.com/posts/2018/05/consumer-confidence--continues-to-recover-post-budget",
          "title": "Consumer Confidence: continues to recover post-budget",
          "description": "ANZ-Roy Morgan Australian Consumer Confidence rose for the fifth straight week – up 1.0% to 120.8, the highest in 14 weeks. The details were broadly positive with four out of five subindices posting gains.",
          "links": [
               "https://media.anz.com/posts/2018/05/consumer-confidence--continues-to-recover-post-budget"
          ],
          "image": "https://media.anz.com/content/dam/mediacentre/images/consumerconfidence/2018/April/Consumer%20confidence.JPG",
          "content": "\n            ANZ’S HEAD OF AUSTRALIAN ECONOMICS, DAVID PLANK, COMMENTED\n“It is very encouraging to see confidence rise for the fifth straight week, particularly since, on average, confidence has fallen 1.2% in the week of the Budget release over the last five years.\nThe rise in sentiment was broad based, with households particularly optimistic about economic conditions and future financial conditions. This suggests that the Budget and the personal income tax cuts therein have been well received.\nWith confidence currently at its highest point since early February, we now look to the wage and employment reports out later this week, which could set the tone for confidence in the short run.”\nView PDF for further details.\n    \n    \n                Insights\n        \n        \n                ANZ-Roy Morgan Consumer Confidence\n        \n    \n\n    For media enquiries contact\n        \n        +61 2 8037 0029\n        Mustafa Arif\n        +91 80 6795 3801\n        \n",
          "author": "David Plank@/content/mediacentre/en/authors/david-plank,Mustafa Arif@/content/mediacentre/en/authors/mustafa-arif",
          "favicon": "https://media.anz.com/etc/designs/mediacentre/favicon.ico",
          "source": "media.anz.com",
          "published": "",
          "ttr": 27
     }
}