{
     "Date": "3/04/2019",
     "Open": "1",
     "High": "1.01",
     "Low": "0.99",
     "Close": "1",
     "Adj Close": "0.838811",
     "Volume": "402966",
     "headLine": "ANZ joins with Property Industry Foundation to build homes for homeless youth",
     "link": "https://media.anz.com/posts/2019/03/anz-joins-with-property-industry-foundation-to-build-homes-for-h",
     "article": {
          "url": "https://media.anz.com/posts/2019/03/anz-joins-with-property-industry-foundation-to-build-homes-for-h",
          "title": "ANZ joins with Property Industry Foundation to build homes for homeless youth",
          "description": "ANZ has joined forces with the Property Industry Foundation to combat youth homelessness, with the bank committing to a three-year partnership worth $150,000 to support the Foundation’s PIF House Program.",
          "links": [
               "https://media.anz.com/posts/2019/03/anz-joins-with-property-industry-foundation-to-build-homes-for-h"
          ],
          "image": "https://media.anz.com/content/dam/mediacentre/images/mediareleases/2018/March/Housing.jpg",
          "content": "\n            The Property Industry Foundation works with the property and construction industry to build homes for disadvantaged youth and is set to deliver 125 bedrooms by 2021 under its PIF House Program.\nANZ’s support will contribute to the program’s development pipeline of 44 new bedrooms across several states, including an 18-bedroom crisis accommodation in Melbourne’s CBD, a 7-bedroom house in Orange, NSW and a six-bedroom house in Clayton, Victoria.\nANZ’s head of property, Jason Cannock said: “The foundation has played a pivotal role in delivering housing outcomes for at-risk youth over the last two decades.\n“We want to play our part in supporting them, so it’s important we partner with our clients across the industry to help deliver more transitional housing to those most in need,” he said.\nKate Mills, Chief Executive Officer, Property Industry Foundation, said ANZ’s commitment will create a long-term legacy.\n“Homeless young people typically live in these PIF Houses for up to 12 months until they have the skills to live independently,” she said, “It means each year, ANZ’s investment will give even more young people a new start. That’s the real value of the contribution.”\nThe program has completed construction of 32 bedrooms since 2016, with those rooms located in houses where carers and counsellors provide support and mentoring to rebuild young lives.\nFor 20 years, the Property Industry Foundation has used the resources of the property and construction industry to build bedrooms for homeless young people. Companies and people from across the sector in New South Wales, Victoria and Queensland donate their time, expertise, resources and money to help reduce youth homelessness.\nFor more information visit: https://www.pif.com.au\nDownload PDF\n    ",
          "author": "Brett Foley @/content/mediacentre/en/authors/brett-foley",
          "favicon": "https://media.anz.com/etc/designs/mediacentre/favicon.ico",
          "source": "media.anz.com",
          "published": "",
          "ttr": 55
     }
}