{
     "Date": "24/08/2021",
     "Open": "1.87",
     "High": "1.89",
     "Low": "1.87",
     "Close": "1.88",
     "Adj Close": "1.708472",
     "Volume": "42202",
     "headLine": "Consumer confidence up-ticks",
     "link": "https://media.anz.com/posts/2021/august/consumer-confidence-up-tick",
     "article": {
          "url": "https://media.anz.com/posts/2021/august/consumer-confidence-up-tick",
          "title": "Consumer confidence up-ticks",
          "description": "\"Consumer confidence rose 0.5 per cent last week amidst rising cases and fresh lockdowns in Victoria and the ACT and an extension of the one in Sydney.\" ANZ Head of Australian Economics, David Plank...",
          "links": [
               "https://media.anz.com/posts/2021/august/consumer-confidence-up-tick"
          ],
          "image": "https://media.anz.com/content/dam/mediacentre/images/consumerconfidence/2018/August/Consumer%20Confidence%20Aug.JPG",
          "content": "\n            \"Consumer confidence rose 0.5 per cent last week amidst rising cases and fresh lockdowns in Victoria and the ACT and an extension of the one in Sydney.\" ANZ Head of Australian Economics, David Plank said.\n\"The overall figure was due to rises of 8.0 per cent in SA, 11.4 per cent in WA and 1.7 per cent in Brisbane. The news about the strength of the labour market in July with, unemployment rate dropping to 4.6 per cent, might have added to the positive outlook.\" \n\"Confidence in Victoria and NSW remained at the lowest level among the states, falling 2.9 per cent and\n1.9 per cent respectively. But even with this drop, sentiment in these two states remains well above the lows of last year.\"\n\"This supports our expectation that household spending will likely rebound sharply in lockdown areas when restrictions ease.\"\nDownload PDF\n    ",
          "author": "Emma Mellow@/content/mediacentre/en/authors/emma-mellow",
          "favicon": "https://media.anz.com/etc/designs/mediacentre/favicon.ico",
          "source": "media.anz.com",
          "published": "",
          "ttr": 29
     }
}