{
     "Date": "29/10/2020",
     "Open": "1.74",
     "High": "1.75",
     "Low": "1.72",
     "Close": "1.73",
     "Adj Close": "1.547229",
     "Volume": "124755",
     "headLine": "ANZ CEO comments on climate change statement",
     "link": "https://media.anz.com/posts/2020/10/anz-ceo-comments-on-climate-change-statement",
     "article": {
          "url": "https://media.anz.com/posts/2020/10/anz-ceo-comments-on-climate-change-statement",
          "title": "ANZ CEO comments on climate change statement",
          "description": "ANZ Chief Executive Officer, Shayne Elliott today made the following comments about a new climate change statement that was released as part of the Full Year Results presentation.",
          "links": [
               "https://media.anz.com/posts/2020/10/anz-ceo-comments-on-climate-change-statement"
          ],
          "image": "https://media.anz.com/content/dam/mediacentre/images/gallery/FY20-results/ANZ%20Results%202020_94.jpg",
          "content": "\n            “You may have also seen some media coverage today suggesting that as part of our updated carbon policy, we will be shifting support away from our farmers.\n“I want to assure you that this is absolutely not the case.\n“ANZ’s climate change statement is focused on the top 100 carbon emitters, and will have no impact on the bank’s farmgate lending practices.\n“We remain firmly committed to supporting Australia’s farmers and producers, now and into the future.\n“This is about helping our major agribusiness customers run more energy and capital efficient operations, it’s not about family farms.\n“The measures announced today focus on supporting large Institutional customers across all sectors in their transition to a low carbon business.\n“I’m proud of the new policy and we’ve been having very constructive conversations with our customers. This essentially brings us into line with global best practice.\n“Our measures also include the allocation of $1 billion of funding towards supporting customers’ and communities’ disaster recovery and resilience, which stands to benefit rural Australia and communities.”\nDownload PDF\n    \n    For media enquiries contact\n        \n        +61 409 655 551\n        Nick Higginbottom\n        +61 403 936 262\n        \n",
          "author": "Stephen Ries@/content/mediacentre/en/authors/stephen-ries,Nick Higginbottom@/content/mediacentre/en/authors/nick-higginbottom",
          "favicon": "https://media.anz.com/etc/designs/mediacentre/favicon.ico",
          "source": "media.anz.com",
          "published": "",
          "ttr": 38
     }
}