{
     "Date": "22/03/2021",
     "Open": "2.02",
     "High": "2.03",
     "Low": "1.98",
     "Close": "1.98",
     "Adj Close": "1.799348",
     "Volume": "125034",
     "headLine": "ANZ agrees to settle US class action complaint",
     "link": "https://media.anz.com/posts/2021/march/anz-agrees-to-settle-us-class-action-complaint",
     "article": {
          "url": "https://media.anz.com/posts/2021/march/anz-agrees-to-settle-us-class-action-complaint",
          "title": "ANZ agrees to settle US class action complaint",
          "description": "ANZ today announced it had reached an agreement to settle a class action brought against it in the United States during 2016.",
          "links": [
               "https://media.anz.com/posts/2021/march/anz-agrees-to-settle-us-class-action-complaint"
          ],
          "image": "https://media.anz.com/content/dam/mediacentre/images/mediareleases/2018/March/ANZ%20logo.jpg",
          "content": "\n    \n    ANZ today announced it had reached an agreement to settle a class action brought against it in the United States during 2016.\n\n    \n            The class action named a number of banks, including ANZ, and related to the bank bill swap rate (BBSW) and the trading of BBSW-based products.\nThe settlement is without admission of liability and remains subject to negotiation and execution of complete settlement terms as well as court approval. The terms of the settlement remain confidential. The financial impact of the settlement is not material.\nDownload PDF\n    \n\t\t\t\t\t\t",
          "author": "Nick Higginbottom@/content/mediacentre/en/authors/nick-higginbottom",
          "favicon": "https://media.anz.com/etc/designs/mediacentre/favicon.ico",
          "source": "media.anz.com",
          "published": "",
          "ttr": 18
     }
}