{
     "Date": "6/04/2019",
     "Open": "",
     "High": "",
     "Low": "",
     "Close": "",
     "Adj Close": "",
     "Volume": "",
     "headLine": "ANZ decreases variable home loan rates",
     "link": "https://media.anz.com/posts/2019/06/anz-decreases-variable-home-loan-rates",
     "article": {
          "url": "https://media.anz.com/posts/2019/06/anz-decreases-variable-home-loan-rates",
          "title": "ANZ decreases variable home loan rates",
          "description": "Key points:  • Decrease all variable interest rates for Australian home and residential investment loans by 0.18%pa. • For Standard Variable Rate Owner Occupiers paying principal and interest this reduces the...",
          "links": [
               "https://media.anz.com/posts/2019/06/anz-decreases-variable-home-loan-rates"
          ],
          "image": "https://media.anz.com/content/dam/mediacentre/images/mediareleases/2019/June/ANZ%20Generic_Logo00060.jpg",
          "content": "\n            Key points: \n• Decrease all variable interest rates for Australian home and residential investment loans by 0.18%pa.\n• For Standard Variable Rate Owner Occupiers paying principal and interest this reduces the Index Rate to 5.18%pa, from 5.36%pa.\n• For Standard Variable Rate Owner Occupiers paying interest only the Index Rate reduces to 5.73%pa, from 5.91%pa.\nAll variable rate reductions are effective from Friday 14 June, 2019.\nANZ Group Executive, Australia Retail &amp; Commercial, Mark Hand said: “In making this decision we have weighed up a number of factors, such as business performance, market conditions and the impact on our customers, including our depositors.\n“While we recognise some home loan customers will be disappointed, in making this decision we have needed to balance the increased cost in managing our business with our desire to provide customers with competitive lending and deposit rates.\n“Home loan customers looking for certainty with their repayments can look to lock in our historic low fixed rate home loans for our two and three year terms,” Mr Hand said.\nDownload PDF\n    ",
          "author": "Nick Higginbottom@/content/mediacentre/en/authors/nick-higginbottom",
          "favicon": "https://media.anz.com/etc/designs/mediacentre/favicon.ico",
          "source": "media.anz.com",
          "published": "",
          "ttr": 35
     }
}