{
     "Date": "19/11/2019",
     "Open": "1.24",
     "High": "1.26",
     "Low": "1.24",
     "Close": "1.24",
     "Adj Close": "1.064631",
     "Volume": "45480",
     "headLine": "Conditions weigh on consumer confidence",
     "link": "https://media.anz.com/posts/2019/11/conditions-weigh-on-consumer-confidence",
     "article": {
          "url": "https://media.anz.com/posts/2019/11/conditions-weigh-on-consumer-confidence",
          "title": "Conditions weigh on consumer confidence",
          "description": "The ANZ-Roy Morgan Consumer Confidence index dipped again last week, falling 1.1 per cent. The weakness was predominantly due to the economic conditions component of the index. Current economic conditions...",
          "links": [
               "https://media.anz.com/posts/2019/11/conditions-weigh-on-consumer-confidence"
          ],
          "image": "https://media.anz.com/content/dam/mediacentre/images/consumerconfidence/2019/November/man%20shopping.jpg",
          "content": "\n            The ANZ-Roy Morgan Consumer Confidence index dipped again last week, falling 1.1 per cent. The weakness was predominantly due to the economic conditions component of the index.\nCurrent economic conditions fell by 2.6 per cent, while future economic conditions were more downbeat, falling 4.9 per cent. Both these subindices are near their multi-year lows.\nIn contrast, financial conditions were upbeat, with current financial conditions gaining 0.3 per cent and future financial conditions gaining 0.2 per cent.\nThe ‘Time to buy a household item’ subindice gained 0.4 per cent after falling 3.9 per cent in the previous reading. The four-week moving average of inflation expectations declined by 0.1 percentage points to 3.9 per cent as the weekly reading fell to 3.8 per cent, its lowest level since the end of June.\n    ",
          "author": "Phoebe O’Sullivan@/content/mediacentre/en/authors/phoebe-o_sullivan",
          "favicon": "https://media.anz.com/etc/designs/mediacentre/favicon.ico",
          "source": "media.anz.com",
          "published": "",
          "ttr": 26
     }
}