{
     "Date": "5/01/2018",
     "Open": "1.12",
     "High": "1.13",
     "Low": "1.12",
     "Close": "1.13",
     "Adj Close": "0.882124",
     "Volume": "97471",
     "headLine": "Consumer confidence: third consecutive rise",
     "link": "https://media.anz.com/posts/2018/05/consumer-confidence--third-consecutive-rise",
     "article": {
          "url": "https://media.anz.com/posts/2018/05/consumer-confidence--third-consecutive-rise",
          "title": "Consumer confidence: third consecutive rise",
          "description": "ANZ-Roy Morgan Australian Consumer Confidence rose a modest 0.7% last week to 119.2 – its highest value in 11 weeks. The details were mixed: a rise in views towards current financial and economic conditions was offset by lower expectations of future economic conditions.",
          "links": [
               "https://media.anz.com/posts/2018/05/consumer-confidence--third-consecutive-rise"
          ],
          "image": "https://media.anz.com/content/dam/mediacentre/images/consumerconfidence/2018/April/consumerconfidence1.JPG",
          "content": "\n            ANZ’S HEAD OF AUSTRALIAN ECONOMICS, DAVID PLANK, COMMENTED:\n“Encouragingly, confidence rose for the third straight week as consumers were more optimistic about near term financial and economic conditions. On the whole, economic conditions have risen from their recent low and now sit above their long term average (111.8 vs 107.9).\nExpectations of personal tax cuts in the Budget next week are likely lifting sentiment to some extent. Some de-escalation in geopolitical tensions between North Korea and South Korea late last week may also have impacted.\nOur estimates suggest that the tax cut, if implemented, would translate to a modest increase in disposable income for low-and-middle income earners. Even so, this should provide some support to household spending, particularly since wage growth is expected to improve only gradually.”\nView PDF of full report\n    \n    \n                Insights\n        \n        \n                ANZ-Roy Morgan Consumer Confidence\n        \n    \n\n    For media enquiries contact\n        \n        +91 80 6795 3801\n        David Plank\n        +61 2 8037 0029\n        \n",
          "author": "Mustafa Arif@/content/mediacentre/en/authors/mustafa-arif,David Plank@/content/mediacentre/en/authors/david-plank",
          "favicon": "https://media.anz.com/etc/designs/mediacentre/favicon.ico",
          "source": "media.anz.com",
          "published": "",
          "ttr": 31
     }
}