{
     "Date": "25/02/2021",
     "Open": "2.02",
     "High": "2.02",
     "Low": "1.9",
     "Close": "1.9",
     "Adj Close": "1.699268",
     "Volume": "109146",
     "headLine": "ANZ Institutional ranked #1 for relationship quality in Asia four years in a row",
     "link": "https://media.anz.com/posts/2021/february/-anz-institutional-ranked--1-for-relationship-quality-in-asia-fo",
     "article": {
          "url": "https://media.anz.com/posts/2021/february/-anz-institutional-ranked--1-for-relationship-quality-in-asia-fo",
          "title": " ANZ Institutional ranked #1 for relationship quality in Asia four years in a row",
          "description": "The independent annual survey also ranked ANZ Institutional No. 1 for overall quality in relationships in Hong Kong and China, and again as a Top 5 corporate bank in Asia for overall market penetration for...",
          "links": [
               "https://media.anz.com/posts/2021/february/-anz-institutional-ranked--1-for-relationship-quality-in-asia-fo"
          ],
          "image": "https://media.anz.com/content/dam/Institutional/en/images/2021/Feb/GreenwichAward_Thumb_V2.png",
          "content": "\n            The independent annual survey also ranked ANZ Institutional No. 1 for overall quality in relationships in Hong Kong and China, and again as a Top 5 corporate bank in Asia for overall market penetration for the ninth year running.  \nANZ Group Executive International, Farhan Faruqui said: “As we emerge from one of the most challenging years for the global economy, this recognition from our customers around the region is deeply appreciated and a testament to our continued focus on supporting their business needs.  \n“Our network connecting 14 Asian markets remains a key differentiator and a competitive advantage, helping our customers with trade and capital flows between our home markets of Australia and New Zealand, and the region,” Mr Faruqui said.\nMore than 840 companies with turnover of greater than US$500 million per year across 13 markets in Asia are interviewed for the survey.\nGreenwich Associates measures the bank based on overall market penetration and overall quality index in Asia, excluding Australia, New Zealand and Japan. \nIn the survey, corporate executives rate relationship quality of a bank using a range of factors, including ease of doing business, willingness to lend, provision of ideas and advice and demonstrating knowledge of clients’ international and transaction banking needs.\nFor the full Greenwich Leaders: Asian Large Corporate Banking and Cash Management report click here.\nDOWNLOAD PDF\n    ",
          "author": "Phoebe O’Sullivan@/content/mediacentre/en/authors/phoebe-o_sullivan",
          "favicon": "https://media.anz.com/etc/designs/mediacentre/favicon.ico",
          "source": "media.anz.com",
          "published": "",
          "ttr": 45
     }
}