{
     "Date": "5/06/2019",
     "Open": "1.05",
     "High": "1.05",
     "Low": "1.05",
     "Close": "1.05",
     "Adj Close": "0.880752",
     "Volume": "91616",
     "headLine": "ANZ Job Ads: Possible stabilisation in Job Ads",
     "link": "https://media.anz.com/posts/2019/05/anz-job-ads--possible-stabilisation-in-job-ads",
     "article": {
          "url": "https://media.anz.com/posts/2019/05/anz-job-ads--possible-stabilisation-in-job-ads",
          "title": "ANZ Job Ads: Possible stabilisation in Job Ads",
          "description": "ANZ Australian Job Advertisements showed some stability in April with a closeto- unchanged result, after five successive large monthly declines. In seasonally adjusted terms, job ads fell just 0.1% m/m to be...",
          "links": [
               "https://media.anz.com/posts/2019/05/anz-job-ads--possible-stabilisation-in-job-ads"
          ],
          "image": "https://media.anz.com/content/dam/Women/Images/ArticleTile/recruiters-waiting-room-920x880.jpg",
          "content": "\n    \n            ANZ Australian Job Advertisements showed some stability in April with a closeto- unchanged result, after five successive large monthly declines.\nIn seasonally adjusted terms, job ads fell just 0.1% m/m to be down 5.6% y/y. This was an improvement on the 6% y/y decline recorded for March and the smallest monthly decline since there was a small increase in October last year. In trend terms, job ads dropped 0.9% m/m to be down a large 6.3% y/y. This is the largest annual fall in the trend series since January 2014.\n    \n    \n\n    \n    \n            ANZ’s Head of Australian Economics, David Plank, commented:\n“After five successive steep falls, it is pleasing to see a virtually unchanged result in job ads for April. We aren’t getting too carried away with the result, since we saw last year that a positive result for October was followed by renewed weakness. Still, it is good to see that the decline in job ads may not be accelerating. ANZ Job Ads has not been a reliable guide to the unemployment rate for some time, with the ABS Job Vacancy series providing a better signal. We are looking into reasons why the two series have diverged. Job Ads have, however, continued to lead the direction of employment growth reasonably well (Figure 3 below). Job ads suggest employment growth will slow but remain positive. Slower jobs growth will not be enough to reduce the unemployment rate further, however. This makes it unlikely that wage growth will accelerate by enough for the RBA to be confident of meeting its inflation target. The labour market needs to get stronger, which is why we think the RBA will ease policy on Tuesday.”\nDonwload PDF\n    \n    \n    For media enquiries contact\n        \n        +61 2 8037 0029\n        Phoebe O’Sullivan\n        +852-9535-7919\n        \n\n\t\t\t\t\t\t\n\t\t\t\t\t\t",
          "author": "David Plank@/content/mediacentre/en/authors/david-plank,Phoebe O’Sullivan@/content/mediacentre/en/authors/phoebe-o_sullivan",
          "favicon": "https://media.anz.com/etc/designs/mediacentre/favicon.ico",
          "source": "media.anz.com",
          "published": "",
          "ttr": 58
     }
}