{
     "Date": "27/01/2021",
     "Open": "2.14",
     "High": "2.15",
     "Low": "2.1",
     "Close": "2.12",
     "Adj Close": "1.896026",
     "Volume": "296219",
     "headLine": "Confidence in economic conditions surges",
     "link": "https://media.anz.com/posts/2021/January/confidence-in-economic-conditions-surges",
     "article": {
          "url": "https://media.anz.com/posts/2021/January/confidence-in-economic-conditions-surges",
          "title": "Confidence in economic conditions surges",
          "description": "\"The improvement in consumer confidence comes on the back of further good news on the labour market front, notably the drop in the unemployment rate to 6.6 per cent in December,\" ANZ Head of Australian...",
          "links": [
               "https://media.anz.com/posts/2021/January/confidence-in-economic-conditions-surges"
          ],
          "image": "https://media.anz.com/content/dam/mediacentre/images/consumerconfidence/2018/August/Consumer%20Confidence%20Atm.JPG",
          "content": "\n            \"The improvement in consumer confidence comes on the back of further good news on the labour market front, notably the drop in the unemployment rate to 6.6 per cent in December,\" ANZ Head of Australian Economics David Plank said.\n\"The absence of community transmitted COVID-19 cases for a number days and the relaxation in border rules has likely also supported confidence.\"\n\"Sentiment about current and future economic conditions has surged and both are now above their long-run averages, for the first time since mid-2019.\"\n\"Weekly inflation expectations accelerated 0.2 percentage points. This could be on back of the up-tick in petrol prices. The national average retail petrol price rose more than 14 cents in the week to January 24, ahead of the long weekend, according to the Australian Institute of Petroleum.\"\nDOWNLOAD PDF\n    ",
          "author": "Emma Mellow@/content/mediacentre/en/authors/emma-mellow",
          "favicon": "https://media.anz.com/etc/designs/mediacentre/favicon.ico",
          "source": "media.anz.com",
          "published": "",
          "ttr": 27
     }
}