{
     "Date": "12/10/2019",
     "Open": "",
     "High": "",
     "Low": "",
     "Close": "",
     "Adj Close": "",
     "Volume": "",
     "headLine": "Consumer confidence retains momentum",
     "link": "https://media.anz.com/posts/2019/12/consumer-confidence-retains-momentum",
     "article": {
          "url": "https://media.anz.com/posts/2019/12/consumer-confidence-retains-momentum",
          "title": "Consumer confidence retains momentum",
          "description": "The ANZ-Roy Morgan Australian Consumer Confidence rose 0.8 per cent last week, continuing the upward momentum of the previous period. The gain was led by a lift in sentiment surrounding economic conditions –...",
          "links": [
               "https://media.anz.com/posts/2019/12/consumer-confidence-retains-momentum"
          ],
          "image": "https://media.anz.com/content/dam/mediacentre/images/consumerconfidence/2019/November/man%20shopping.jpg",
          "content": "\n            The ANZ-Roy Morgan Australian Consumer Confidence rose 0.8 per cent last week, continuing the upward momentum of the previous period. The gain was led by a lift in sentiment surrounding economic conditions – both for the next year and the long term.\nCurrent finances gained 1 per cent, while future financial conditions fell 3.9 per cent and, in contrast to current finances, are below average.\nCurrent economic conditions revived from its lowest point in four years, gaining 3.9 per cent. Future economic conditions also strengthened and gained 2.7 per cent. Both remain well below average.\nThe ‘time to buy a major household item’ index gained 1.9 per cent, building on last week’s stellar gain of 5.3 per cent. It remains well below its long-run average, however. \nThe four-week moving average of inflation expectations was down 0.1 percentage points to 3.9 per cent, as the weekly reading softened to 3.9 per cent from 4.1 per cent.\n    ",
          "author": "Phoebe O’Sullivan@/content/mediacentre/en/authors/phoebe-o_sullivan",
          "favicon": "https://media.anz.com/etc/designs/mediacentre/favicon.ico",
          "source": "media.anz.com",
          "published": "",
          "ttr": 32
     }
}