{
     "Date": "1/07/2020",
     "Open": "1.41",
     "High": "1.43",
     "Low": "1.4",
     "Close": "1.41",
     "Adj Close": "1.238519",
     "Volume": "201489",
     "headLine": "Consumer confidence falls amid fires",
     "link": "https://media.anz.com/posts/2020/01/consumer-confidence-falls-amid-fires",
     "article": {
          "url": "https://media.anz.com/posts/2020/01/consumer-confidence-falls-amid-fires",
          "title": "Consumer confidence falls amid fires",
          "description": "\"Against the backdrop of the weekend’s catastrophic bush fires it is not surprising consumer confidence declined,\" ANZ Head of Australian Economics David Plank said. \"But the reported decline of 1.7 per cent...",
          "links": [
               "https://media.anz.com/posts/2020/01/consumer-confidence-falls-amid-fires"
          ],
          "image": "https://media.anz.com/content/dam/mediacentre/images/consumerconfidence/2019/November/man%20shopping.jpg",
          "content": "\n            \"Against the backdrop of the weekend’s catastrophic bush fires it is not surprising consumer confidence declined,\" ANZ Head of Australian Economics David Plank said.\n\"But the reported decline of 1.7 per cent since the last survey in mid-December understates the weakness when one considers the New Year usually sees a strong gain in sentiment.\"\n\"Between 2010 and 2019, the average gain in confidence for the first week of January has been 3.4 per cent. Against the usual seasonal gain of recent years, confidence has started 2020 in very poor shape and at its lowest level in more than four years.\"\n\"The fact this is due to sharp falls in both the current and future economic outlooks indicates to us the bushfires are almost certainly the key cause.\"\n\"In contrast, consumers’ sentiment toward their own financial circumstances has actually risen since mid-December. This offers the prospect that the impact on overall consumer confidence from the weekend’s terrible events may be relatively shortlived\".\n\"The policy steps taken by the federal government in recent days could contribute to that outcome. We are mindful, of course, that there is likely still bad news to come about the impact of last weekend’s fires. There is also a lot of hot and dry weather to come before the bushfire season is over.\"\n\"The weakness in overall consumer sentiment suggests  consumer caution toward spending in recent months will continue, despite the relative health of their personal financial circumstances. We expect retail sales to have rebounded modestly in November, in part due to the Black Friday sales. But the boost may be shortlived.\"\nDownload PDF\n    ",
          "author": "Phoebe O’Sullivan@/content/mediacentre/en/authors/phoebe-o_sullivan",
          "favicon": "https://media.anz.com/etc/designs/mediacentre/favicon.ico",
          "source": "media.anz.com",
          "published": "",
          "ttr": 54
     }
}