{
     "Date": "9/02/2019",
     "Open": "",
     "High": "",
     "Low": "",
     "Close": "",
     "Adj Close": "",
     "Volume": "",
     "headLine": "ANZ job ads: job ads take a u-turn",
     "link": "https://media.anz.com/posts/2019/09/anz-job-ads--job-ads-take-a-u-turn",
     "article": {
          "url": "https://media.anz.com/posts/2019/09/anz-job-ads--job-ads-take-a-u-turn",
          "title": "ANZ job ads: job ads take a u-turn",
          "description": "After rising for two consecutive months, ANZ Job Ads fell 2.8% in August. This pushed the annual decline down to -11.4%. In trend terms, job ads fell -0.5% m/m and -11.2%...",
          "links": [
               "https://media.anz.com/posts/2019/09/anz-job-ads--job-ads-take-a-u-turn"
          ],
          "image": "https://media.anz.com/content/dam/mediacentre/images/jobads/job%20ads.jpg",
          "content": "\n    \n            After rising for two consecutive months, ANZ Job Ads fell 2.8% in August. This pushed the annual decline down to -11.4%.  \nIn trend terms, job ads fell -0.5% m/m and -11.2% y/y.\n    \n    \n\n    \n    \n            ANZ’s Head of Australian Economics, David Plank, commented:\nWe had postulated that the gain in job ads in June and July was a consequence of the holiday and election-related weakness in May, rather than a sign of genuine recovery. The drop in job ads in August gives credence to that view. It is also consistent with other data, suggesting that the outlook for the labour market is softening. In particular, the NAB survey points to slowing employment growth. The sharp downturn in building activity isn’t likely to be helping either. The drop in ANZ Job Ads will, we think, add to “the accumulation of additional evidence” that the RBA will need to cut the cash rate again in October. \nDOWNLOAD PDF \n    \n    \n    For media enquiries contact\n        \n        +852-9535-7919\n        Brittannie Edwards\n        +61 466 720 996\n        \n\n\t\t\t\t\t\t\n\t\t\t\t\t\t",
          "author": "Phoebe O’Sullivan@/content/mediacentre/en/authors/phoebe-o_sullivan,Brittannie Edwards@/content/mediacentre/en/authors/brittannie-edwards",
          "favicon": "https://media.anz.com/etc/designs/mediacentre/favicon.ico",
          "source": "media.anz.com",
          "published": "",
          "ttr": 33
     }
}