{
     "Date": "19/04/2018",
     "Open": "1.07",
     "High": "1.08",
     "Low": "1.07",
     "Close": "1.08",
     "Adj Close": "0.867317",
     "Volume": "313533",
     "headLine": "More than a third of Australians are struggling or just getting by",
     "link": "https://media.anz.com/posts/2018/04/ANZ-financial-wellbeing-report",
     "article": {
          "url": "https://media.anz.com/posts/2018/04/ANZ-financial-wellbeing-report",
          "title": "More than a third of Australians are struggling or just getting by",
          "description": "ANZ today released a new report revealing 36 per cent of Australians are struggling or just getting by financially, with 25 per cent sometimes unable to pay bills or loans when they get a final reminder.",
          "links": [
               "https://media.anz.com/posts/2018/04/ANZ-financial-wellbeing-report"
          ],
          "image": "https://media.anz.com/content/dam/mediacentre/images/mediareleases/2018/April/FW_AtAGlance_thumb.jpg",
          "content": "\n    \n\t\n\t\tMore than a third of Australians are struggling or just getting by, ANZ financial wellbeing report shows\n\t\n\n    \n            ANZ today released a new report revealing 36 per cent of Australians are struggling or just getting by financially, with 25 per cent sometimes unable to pay bills or loans when they get a final reminder.\nThe report has been informed by the work of global financial wellbeing expert Professor Elaine Kempson and provides comprehensive insight into Australians’ financial wellbeing.\nCommenting on the report, ANZ Head of Financial Inclusion Michelle Commandeur said: “A key finding is that financial wellbeing is largely determined by a person’s behaviour and attitudes towards money, not just their financial knowledge and experience, or how much they earn,” she said. \n“We will use these valuable insights to inform key initiatives such as our Saver Plus and MoneyMinded programs, which are designed to support people with financial capability and to develop a savings habit.” \n    \n    \n    \n\n\n\n    \n            Professor Elaine Kempson from the University of Bristol said: “Financial wellbeing has a big impact on overall health and wellbeing, and allows people to participate fully in social and economic life. \n“I encourage Australians to actively save and resist borrowing for daily expenses if possible, as these behaviours are key to financial wellbeing,” Ms Kempson said.\n“Parents can also play a significant role in talking to their children about money and encouraging positive saving behaviours from a young age. It has been shown people who grow up with this support from their parents generally go on to have higher financial wellbeing.”\nKey findings include:\n\nJust under half of Australian adults feel on top of their money (45%),\nOnly one in four Australian adults has more than six months of saved income (28%)\nApproximately one third of Australian adults state they ‘always have a plan or budget’ when they receive their regular income with women being more likely to make a plan or budget (32%) as opposed to men (25%),\nAlmost one in four Australians has no savings (22%).\n\nFinancial Wellbeing: A survey of adults in Australia was undertaken with more than 3,500 adults and is the sixth in a series of comprehensive surveys ANZ has conducted since 2002.\nTo read the full report, visit: bluenotes.anz.com/financialwellbeing  \nView PDF\n    \n    \n    For media enquiries contact\n        \n        +61 403 936 262\n        Francesca Rizzo\n        +61 481-014224\n        \n\n\t\t\t\t\t\t\n\t\t\t\t\t\t",
          "author": "Nick Higginbottom@/content/mediacentre/en/authors/nick-higginbottom,Francesca Rizzo@/content/mediacentre/en/authors/Francesca-Rizzo",
          "favicon": "https://media.anz.com/etc/designs/mediacentre/favicon.ico",
          "source": "media.anz.com",
          "published": "",
          "ttr": 77
     }
}