{
     "Date": "2/03/2020",
     "Open": "1.33",
     "High": "1.33",
     "Low": "1.26",
     "Close": "1.3",
     "Adj Close": "1.116145",
     "Volume": "515426",
     "headLine": "ANZ completes sale of OnePath P&I to IOOF",
     "link": "https://media.anz.com/posts/2020/02/anz-completes-sale-of-onepath-p-i-to-ioof",
     "article": {
          "url": "https://media.anz.com/posts/2020/02/anz-completes-sale-of-onepath-p-i-to-ioof",
          "title": "ANZ completes sale of OnePath P&I to IOOF",
          "description": "ANZ today announced it had successfully completed the sale of its OnePath Pensions & Investments (OnePath P&I) business to IOOF Holdings Limited (IOOF).",
          "links": [
               "https://media.anz.com/posts/2020/02/anz-completes-sale-of-onepath-p-i-to-ioof"
          ],
          "image": "https://media.anz.com/content/dam/mediacentre/images/mediareleases/2018/March/ANZ%20logo.jpg",
          "content": "\n    \n    ANZ today announced it had successfully completed the sale of its OnePath Pensions &amp; Investments (OnePath P&amp;I) business to IOOF Holdings Limited (IOOF).\n\n    \n            The final sale price of $850 million[1] included ~$25 million that ANZ had already received for the sale of its Aligned Dealer Groups in October 2018.\nANZ estimates proceeds from the transaction will increase its CET1 capital ratio by ~20 basis points. This business has been reported within ANZ’s financial results as part of Discontinued Operations since 1H18.\nThis successful transaction also completes ANZ’s multi-year strategy to simplify its Wealth business which began in 2016.\nDownload PDF\n[1] Subject to completion adjustments\n    \n\t\t\t\t\t\t",
          "author": "Nick Higginbottom@/content/mediacentre/en/authors/nick-higginbottom",
          "favicon": "https://media.anz.com/etc/designs/mediacentre/favicon.ico",
          "source": "media.anz.com",
          "published": "",
          "ttr": 21
     }
}