{
     "Date": "8/06/2019",
     "Open": "",
     "High": "",
     "Low": "",
     "Close": "",
     "Adj Close": "",
     "Volume": "",
     "headLine": "Consumer confidence: Trading down",
     "link": "https://media.anz.com/posts/2019/08/consumer-confidence--trading-down",
     "article": {
          "url": "https://media.anz.com/posts/2019/08/consumer-confidence--trading-down",
          "title": "Consumer confidence: Trading down",
          "description": "ANZ Head of Australian Economics, David Plank, commented: “Renewed trade war tensions and the related equity weakness seemed to have negatively impacted consumer sentiment, with the drop over the past week...",
          "links": [
               "https://media.anz.com/posts/2019/08/consumer-confidence--trading-down"
          ],
          "image": "https://media.anz.com/content/dam/mediacentre/images/consumerconfidence/2018/August/Consumer%20Confidence%20Atm.JPG",
          "content": "\n    \n            ANZ Head of Australian Economics, David Plank, commented: “Renewed trade war tensions and the related equity weakness seemed to have negatively impacted consumer sentiment, with the drop over the past week driven by big falls in perceptions of current financial and economic conditions. Both remain comfortably above their long-term averages, however, most likely boosted by interest rate and tax cuts. Weekly inflation expectations fell to 3.7%, the weakest result since the end of June and a disappointing print from the RBA’s perspective especially given the lift in headline inflation in the Q2 CPI. Inflation expectations can be volatile from week-to-week, so we need to get a few more readings before we can determine whether this is a renewed downtrend.” \nDownload PDF\n    \n    \n    \n                ANZ-Roy Morgan Consumer Confidence\n        \n    \n\n    \n    For media enquiries contact\n        \n        +91 80 6795 3801\n        Phoebe O’Sullivan\n        +852-9535-7919\n        \n\n\t\t\t\t\t\t",
          "author": "Shaurya Mishra@/content/mediacentre/en/authors/shaurya-mishra,Phoebe O’Sullivan@/content/mediacentre/en/authors/phoebe-o_sullivan",
          "favicon": "https://media.anz.com/etc/designs/mediacentre/favicon.ico",
          "source": "media.anz.com",
          "published": "",
          "ttr": 28
     }
}