{
     "Date": "2/11/2020",
     "Open": "1.73",
     "High": "1.73",
     "Low": "1.7",
     "Close": "1.72",
     "Adj Close": "1.538285",
     "Volume": "301872",
     "headLine": "Job Ads continue to gain in October",
     "link": "https://media.anz.com/posts/2020/11/job-ads-continue-to-gain-in-october",
     "article": {
          "url": "https://media.anz.com/posts/2020/11/job-ads-continue-to-gain-in-october",
          "title": "Job Ads continue to gain in October",
          "description": "ANZ Senior Economist, Catherine Birch, commented: The ANZ Job Ads recovery maintained a steady pace into October, rising 9.4% m/m. Job Ads have now regained more than three-quarters of the plunge they took in...",
          "links": [
               "https://media.anz.com/posts/2020/11/job-ads-continue-to-gain-in-october"
          ],
          "image": "https://media.anz.com/content/dam/mediacentre/images/jobads/2020/May/Job%20ads%20april.jpg",
          "content": "\n            ANZ Senior Economist, Catherine Birch, commented:\nThe ANZ Job Ads recovery maintained a steady pace into October, rising\n9.4% m/m. Job Ads have now regained more than three-quarters of the plunge\nthey took in March and April.\nAs we noted last month, though, we think Job Ads will need to exceed prepandemic\nlevels for some time to ensure the ongoing recovery in employment\nand reduce labour market underutilisation. SEEK data show its job ads are\nalready above pre-pandemic levels in most states and the Northern Territory,\nbut there is some way to go in the ACT, New South Wales and Victoria.\nNationally, ANZ Job Ads are still 13.5% below their February level, but the\nreopening of Melbourne will provide a boost from November.\nAs direct fiscal support drops off, leading some businesses to close or downsize,\nwe expect some employment losses. But we may not see the same effect on Job\nAds, as it seems unlikely that many businesses in a tenuous position would be\nrecruiting. Business and consumer confidence will be critical to a sustained\nimprovement in hiring activity and employment growth though.\nDOWNLOAD PDF\n    ",
          "author": "Phoebe O’Sullivan@/content/mediacentre/en/authors/phoebe-o_sullivan",
          "favicon": "https://media.anz.com/etc/designs/mediacentre/favicon.ico",
          "source": "media.anz.com",
          "published": "",
          "ttr": 38
     }
}