{
     "Date": "14/09/2021",
     "Open": "1.7",
     "High": "1.74",
     "Low": "1.69",
     "Close": "1.71",
     "Adj Close": "1.579841",
     "Volume": "318774",
     "headLine": "Consumer confidence rebounds",
     "link": "https://media.anz.com/posts/2021/september/consumer-confidence-rebounds",
     "article": {
          "url": "https://media.anz.com/posts/2021/september/consumer-confidence-rebounds",
          "title": "Consumer confidence rebounds",
          "description": "\"Consumer confidence gained 3.1 per cent last week, driven by a huge jump of 10.6 per cent in Sydney as the NSW government released its roadmap out of lockdown. With close to 47 per cent of NSW’s adult...",
          "links": [
               "https://media.anz.com/posts/2021/september/consumer-confidence-rebounds"
          ],
          "image": "https://media.anz.com/content/dam/mediacentre/images/consumerconfidence/2019/November/man%20shopping.jpg",
          "content": "\n            \"Consumer confidence gained 3.1 per cent last week, driven by a huge jump of 10.6 per cent in Sydney as the NSW government released its roadmap out of lockdown. With close to 47 per cent of NSW’s adult population already fully vaccinated, this roadmap is expected to take effect by mid-October. That is, once the number reaches 70 per cent.\" ANZ Head of Australian Economics, David Plank said.\n\"Confidence increased by 6.2 per cent in Victoria, while it fell 3.2 per cent in Queensland as new cases emerged in the state last week.\"\n\"Household inflation expectations have been quite volatile in the past few weeks, rising sharply then dropping back. Our research indicates that expectations tend to follow developments in petrol prices and the headline CPI. With these appearing to have peaked, we may be at a level where expectations stabilise.\"\nDownload PDF\n    ",
          "author": "Emma Mellow@/content/mediacentre/en/authors/emma-mellow",
          "favicon": "https://media.anz.com/etc/designs/mediacentre/favicon.ico",
          "source": "media.anz.com",
          "published": "",
          "ttr": 29
     }
}