{
     "Date": "22/07/2020",
     "Open": "1.44",
     "High": "1.45",
     "Low": "1.43",
     "Close": "1.44",
     "Adj Close": "1.264871",
     "Volume": "991276",
     "headLine": "Consumer confidence falls for fourth week",
     "link": "https://media.anz.com/posts/2020/07/consumer-confidence-falls-for-fourth-week",
     "article": {
          "url": "https://media.anz.com/posts/2020/07/consumer-confidence-falls-for-fourth-week",
          "title": "Consumer confidence falls for fourth week",
          "description": "Consumer confidence continues to weaken, falling 1 per cent last week. All the subindices declined except for ‘current finances’. Financial conditions were mixed, with ‘current finances’ gaining 2.3 per cent...",
          "links": [
               "https://media.anz.com/posts/2020/07/consumer-confidence-falls-for-fourth-week"
          ],
          "image": "https://media.anz.com/content/dam/mediacentre/images/consumerconfidence/2018/August/Consumer%20Confidence%20Atm.JPG",
          "content": "\n    \n            Consumer confidence continues to weaken, falling 1 per cent last week. All the subindices declined except for ‘current finances’.\nFinancial conditions were mixed, with ‘current finances’ gaining 2.3 per cent while ‘future finances’ declined by 2.5 per cent.\n‘Current economic conditions’ declined for the fifth straight week, falling 1.5 per cent, while ‘future economic conditions’ fell 2.7 per cent.\n‘Time to buy a household item’ saw a marginal decline, falling 0.1 per cent. ‘Inflation expectations’ gained 0.1 percentage point to 3.3 per cent (four-week moving average), its highest level since the end of May.\n    \n    \n\n    \n            \"Confidence continues to decline as the situation in Melbourne worsens and the number of cases in Sydney rises,\" ANZ Head of Australian Economics, David Plank said. \"The decline in sentiment is nowhere near as severe as the fall seen in mid-March, however.\"\n\"The resilience shown by the ‘current finances’ sub-index, which has actually risen a touch since the end of May as overall sentiment has fallen by almost 8 per cent, is also encouraging.\"\n\"Australia’s success in combating the first surge in the pandemic, as well as the expectation that the Government stands ready to extend support if required, is underpinning this resilience.\"\nDOWNLOAD PDF\n    \n\t\t\t\t\t\t",
          "author": "Phoebe O’Sullivan@/content/mediacentre/en/authors/phoebe-o_sullivan",
          "favicon": "https://media.anz.com/etc/designs/mediacentre/favicon.ico",
          "source": "media.anz.com",
          "published": "",
          "ttr": 40
     }
}