{
     "Date": "22/01/2019",
     "Open": "0.99",
     "High": "1",
     "Low": "0.98",
     "Close": "1",
     "Adj Close": "0.813775",
     "Volume": "23730",
     "headLine": "Consumer confidence: A down-up-down start to 2019",
     "link": "https://media.anz.com/posts/2019/01/consumer-confidence--a-down-up-down-start-to-2019",
     "article": {
          "url": "https://media.anz.com/posts/2019/01/consumer-confidence--a-down-up-down-start-to-2019",
          "title": "Consumer confidence: A down-up-down start to 2019",
          "description": "ANZ’s Head of Australian Economics, David Plank, commented: “It has been a volatile start to the year for consumer sentiment, with the index displaying a down-up-down pattern, though encouragingly it remains...",
          "links": [
               "https://media.anz.com/posts/2019/01/consumer-confidence--a-down-up-down-start-to-2019"
          ],
          "image": "https://media.anz.com/content/dam/mediacentre/images/consumerconfidence/2018/August/Consumer%20Confidence%20Atm.JPG",
          "content": "\n            ANZ’s Head of Australian Economics, David Plank, commented:\n“It has been a volatile start to the year for consumer sentiment, with the index displaying a down-up-down pattern, though encouragingly it remains above the long-run average. The global news is not helping, with China slowing and political developments in the UK and US dispiriting. Domestically the focus remains on the weak housing market, though as we noted in Friday’s Australian Macro Weekly the evidence of a wider negative impact is still quite limited. Employment will be the key domestic data event this week.”\nDownload PDF\n    \n    For media enquiries contact\n        \n        +61 2 8037 0029\n        Francesca Rizzo\n        +61 481-014224\n        \n",
          "author": "David Plank@/content/mediacentre/en/authors/david-plank,Francesca Rizzo@/content/mediacentre/en/authors/Francesca-Rizzo",
          "favicon": "https://media.anz.com/etc/designs/mediacentre/favicon.ico",
          "source": "media.anz.com",
          "published": "",
          "ttr": 22
     }
}