{
     "Date": "17/06/2019",
     "Open": "1.09",
     "High": "1.09",
     "Low": "1.08",
     "Close": "1.09",
     "Adj Close": "0.914304",
     "Volume": "92294",
     "headLine": "Leadership changes at ANZ New Zealand",
     "link": "https://media.anz.com/posts/2019/06/leadership-changes-at-anz-new-zealand",
     "article": {
          "url": "https://media.anz.com/posts/2019/06/leadership-changes-at-anz-new-zealand",
          "title": "Leadership changes at ANZ New Zealand",
          "description": "ANZ today confirmed the appointment of Antonia Watson as Acting CEO of ANZ New Zealand, following the departure of David Hisco.",
          "links": [
               "https://media.anz.com/posts/2019/06/leadership-changes-at-anz-new-zealand"
          ],
          "image": "https://media.anz.com/content/dam/mediacentre/images/mediareleases/2018/March/ANZ%20logo%20outdoors.jpg",
          "content": "\n            Mr Hisco’s departure follows ongoing health issues as well as Board concern about the characterisation of certain transactions following an internal review of personal expenses.\nWhile Mr Hisco does not accept all of the concerns raised by the Board, he accepts accountability given his leadership position and agrees the characterisation of the expenses falls short of the standards required.\nANZ New Zealand Chair Rt Hon Sir John Key said: “We are disappointed David is leaving ANZ under such circumstances after such a long career, however his departure is the right one in these circumstances given the expectations we have of all our people, no matter how senior or junior.\n“We are fortunate to have an experienced executive in Antonia Watson to step in while we conduct a search for a replacement. Antonia’s extensive banking career has her well placed to help ANZ manage through this transition,” Sir John said.\nMr Hisco will receive his contracted and statutory entitlements to notice and untaken leave, with all unvested equity to forfeit.\nThe Reserve Bank of New Zealand and Australian Prudential Regulation Authority have been notified of the changes and are being provided all requisite filings.\nDownload PDF\n    \n    For media enquiries contact\n        \n        +61 409 655 551\n        Stefan Herrick\n        +64 21 748 492\n        \n",
          "author": "Stephen Ries@/content/mediacentre/en/authors/stephen-ries,Stefan Herrick@/content/mediacentre/en/authors/stefan-herrick",
          "favicon": "https://media.anz.com/etc/designs/mediacentre/favicon.ico",
          "source": "media.anz.com",
          "published": "",
          "ttr": 42
     }
}