{
     "Date": "16/01/2020",
     "Open": "1.36",
     "High": "1.37",
     "Low": "1.36",
     "Close": "1.37",
     "Adj Close": "1.176245",
     "Volume": "22705",
     "headLine": "ANZ branches currently impacted by bushfires",
     "link": "https://media.anz.com/posts/2020/01/anz-branch-closure-updates",
     "article": {
          "url": "https://media.anz.com/posts/2020/01/anz-branch-closure-updates",
          "title": "ANZ branches currently impacted by bushfires",
          "description": "As at 10.30am Thursday, 16 January there are no ANZ branches or Business Centres closed due to bushfires. Mobile ATMs remain on standby to be deployed at short notice.                        Our thoughts...",
          "links": [
               "https://media.anz.com/posts/2020/01/anz-branch-closure-updates"
          ],
          "image": "https://media.anz.com/content/dam/mediacentre/images/mediareleases/2018/April/ANZ%20logo%20branch.jpg",
          "content": "\n    \n            As at 10.30am Thursday, 16 January there are no ANZ branches or Business Centres closed due to bushfires.\nMobile ATMs remain on standby to be deployed at short notice. \n    \n    \n    \n            Our thoughts are with everyone affected. \nWhen customers are safe and able, they can contact ANZ’s dedicated financial hardship team on 1800 149 549 or anz.com/hardship\nTo lodge an insurance claim, customers can call 13 16 14 or visit anz.com/insuranceclaims\nFurther information for customers can be found here. \n    \n    \n    For media enquiries contact\n        \n        +61 403 936 262\n        Brett Foley \n        +61 466 670 880 \n        \n\n\t\t\t\t\t\t\n\t\t\t\t\t\t",
          "author": "Nick Higginbottom@/content/mediacentre/en/authors/nick-higginbottom,Brett Foley @/content/mediacentre/en/authors/brett-foley",
          "favicon": "https://media.anz.com/etc/designs/mediacentre/favicon.ico",
          "source": "media.anz.com",
          "published": "",
          "ttr": 19
     }
}