{
     "Date": "2/01/2019",
     "Open": "",
     "High": "",
     "Low": "",
     "Close": "",
     "Adj Close": "",
     "Volume": "",
     "headLine": "ANZ provides relief package for flood-affected customers in Queensland",
     "link": "https://media.anz.com/posts/2019/02/anz-provides-relief-package-for-flood-affected-customers-in-quee",
     "article": {
          "url": "https://media.anz.com/posts/2019/02/anz-provides-relief-package-for-flood-affected-customers-in-quee",
          "title": "ANZ provides relief package for flood-affected customers in Queensland",
          "description": "ANZ today announced a financial assistance package for flood-affected customers across northern parts of Queensland where Townsville has been declared a disaster zone.",
          "links": [
               "https://media.anz.com/posts/2019/02/anz-provides-relief-package-for-flood-affected-customers-in-quee"
          ],
          "image": "https://media.anz.com/content/dam/mediacentre/images/mediareleases/2019/February/Flooded%20Australian%20road.jpg",
          "content": "\n            ANZ encouraged customers impacted by the severe flooding to contact the bank when they are able so they could discuss their ability to access measures in the financial relief package, including:\n\nThe ability to suspend repayments on loans, including credit cards, for up to three months (which may include interest capitalisation)\nTemporary interest rate relief on lending for customers experiencing extreme financial distress in areas impacted by the floods\nWaiving of fees associated with restructuring business loans considered necessary due to flood impacts\nAccess to term deposits early without incurring any fees\nAssistance for affected customers with ANZ Home and Contents insurance as they may be eligible for measures such as emergency funds and temporary accommodation\n\nANZ Managing Director Retail Distribution, Catriona Noble said: “This is the worst flooding in the area for 20 years and it has damaged homes, roads, schools and other community infrastructure.\n“These are very difficult conditions for our customers to cope with and there are predictions that water levels may still rise. We hope our relief measures will help customers in some small way when they begin the recovery process,” Ms Noble said.\nANZ has temporarily closed its branches in Townsville, Aitkenvale and Kirwan as a result of the flooding. They will remain closed until further notice.\nANZ’s customers affected by the QLD floods can contact ANZ’s dedicated financial hardship team on 1800 149 549 or anz.com/hardship. They are also encouraged to contact their relationship manager to discuss the impact on their business or personal circumstances.\nTo lodge an insurance claim, customers can call 13 16 14 or visit anz.com.au/personal/insurance/make-a-claim/\nDownload PDF\n    ",
          "author": "Nick Higginbottom@/content/mediacentre/en/authors/nick-higginbottom",
          "favicon": "https://media.anz.com/etc/designs/mediacentre/favicon.ico",
          "source": "media.anz.com",
          "published": "",
          "ttr": 54
     }
}