{
     "Date": "19/03/2019",
     "Open": "0.99",
     "High": "1",
     "Low": "0.99",
     "Close": "0.99",
     "Adj Close": "0.830423",
     "Volume": "99951",
     "headLine": "Confidence lifts a touch",
     "link": "https://media.anz.com/posts/2019/03/confidence-lifts-a-touch",
     "article": {
          "url": "https://media.anz.com/posts/2019/03/confidence-lifts-a-touch",
          "title": "Confidence lifts a touch",
          "description": "• ANZ-Roy Morgan Australian Consumer Confidence lifted by 2.2% after a fall of 4.6% last week. The index is still below the long term average of 113.1.  • Current financial condition jumped by 6%; the...",
          "links": [
               "https://media.anz.com/posts/2019/03/confidence-lifts-a-touch"
          ],
          "image": "https://media.anz.com/content/dam/bluenotes/images/articles/2017/October/Ganz_retail.jpg",
          "content": "\n    \n            • ANZ-Roy Morgan Australian Consumer Confidence lifted by 2.2% after a fall of 4.6% last week. The index is still below the long term average of 113.1. \n• Current financial condition jumped by 6%; the increase comes after the falls in the previous three readings. Future financial conditions were also up by 1.7%. \n• Current economic conditions were up 4.8% after the sharp fall of 7.9% last week. Future financial conditions were up marginally by 0.1%. \n• The ‘time to buy a household item’ fell by 0.5%, its third-consecutive fall. Four-week moving average inflation expectations were stable at 4%.\n    \n    \n\n    \n            ANZ’s Head of Australian Economics, David Plank, commented:\n“The weekend just past was overshadowed by the tragic events in Christchurch on Friday. This makes it very difficult to offer any firm conclusions about the partial recovery in confidence after the prior weekend’s sharp decline.”\nDownload PDF\n    \n\t\t\t\t\t\t",
          "author": "Phoebe O’Sullivan@/content/mediacentre/en/authors/phoebe-o_sullivan",
          "favicon": "https://media.anz.com/etc/designs/mediacentre/favicon.ico",
          "source": "media.anz.com",
          "published": "",
          "ttr": 29
     }
}