{
     "Date": "15/10/2019",
     "Open": "1.29",
     "High": "1.29",
     "Low": "1.27",
     "Close": "1.28",
     "Adj Close": "1.098974",
     "Volume": "91544",
     "headLine": "Update on APRAâ€™s consultation on the capital treatment for investments in subsidiaries (Level 1)",
     "link": "https://media.anz.com/posts/2019/10/update-on-apra_s-consultation-on-the-capital-treatment-for-inves",
     "article": {
          "url": "https://media.anz.com/posts/2019/10/update-on-apra_s-consultation-on-the-capital-treatment-for-inves",
          "title": "Update on APRA’s consultation on the capital treatment for investments in subsidiaries (Level 1)",
          "description": "ANZ today provided an update on the potential implications of the Australian Prudential Regulation Authority’s (APRA) proposed changes to the capital treatment by Australian ADIs of their investments in banking and insurance subsidiaries. ",
          "links": [
               "https://media.anz.com/posts/2019/10/update-on-apra_s-consultation-on-the-capital-treatment-for-inves"
          ],
          "image": "https://media.anz.com/content/dam/mediacentre/images/mediareleases/2018/March/ANZ%20logo.jpg",
          "content": "\n            The consultation is open until January 2020 and ANZ will engage with APRA on the proposals.\nIn a discussion paper released earlier today, “Revisions to APS111 Capital Adequacy: Measurement of Capital”, APRA proposes that for each individual subsidiary at Level 1:\n\nthe tangible component of the investment up to an amount equal to 10% of ANZ’s net Level 1 Common Equity Tier 1 (CET1) capital will be treated as a 250% risk weighting; and \nthe remainder of the investment will be treated as a full CET1 capital deduction.\n\nUnder current prudential standards, APRA requires Australian ADIs at Level 1 to treat the tangible component of their investments in an unlisted subsidiary as a 400% risk weighting and the intangible component as a CET1 capital deduction.\nANZ is reviewing the implications for its current investments. The discussion paper provides a capital benefit for investments in small subsidiaries (e.g. China, Indonesia, Papua New Guinea and Thailand) but has a negative impact for large subsidiaries (i.e. New Zealand).\nThe net impact on the Group is unclear and will depend upon a number of factors including the capitalisation of all its subsidiaries at the time of implementation, the final form of the prudential standard, as well as the effect of management actions being pursued that have the potential to materially offset the impact of these proposals.\nBased on ANZ’s investment in its subsidiaries as at 30 June 2019 and in the absence of any offsetting management actions, this implies a reduction in ANZ’s Level 1 CET1 capital ratio of up to approximately $2.5bn (75 basis points). However, ANZ believes that this outcome is unlikely and, post implementation of management actions, the net capital impact could be minimal.\nThere is no impact on ANZ’s Level 2 CET1 capital ratio arising from these proposed changes.\nThe proposed changes to the prudential standards are effective from January 2021. APRA has noted it is open to working with impacted ADIs on an appropriate transition.\nDownload PDF\n    ",
          "author": "Stephen Ries@/content/mediacentre/en/authors/stephen-ries",
          "favicon": "https://media.anz.com/etc/designs/mediacentre/favicon.ico",
          "source": "media.anz.com",
          "published": "",
          "ttr": 66
     }
}