{
     "Date": "19/01/2021",
     "Open": "2.1",
     "High": "2.13",
     "Low": "2.1",
     "Close": "2.1",
     "Adj Close": "1.878139",
     "Volume": "371981",
     "headLine": "Consumer confidence dips slightly",
     "link": "https://media.anz.com/posts/2021/January/consumer-confidence-dips",
     "article": {
          "url": "https://media.anz.com/posts/2021/January/consumer-confidence-dips",
          "title": "Consumer confidence dips slightly",
          "description": "Consumer confidence continues to recover                Consumer confidence fell 0.2 per cent last week, with the details mixed. Confidence is higher than this time last year, with sentiment in January...",
          "links": [
               "https://media.anz.com/posts/2021/January/consumer-confidence-dips"
          ],
          "image": "https://media.anz.com/content/dam/mediacentre/images/consumerconfidence/2019/November/man%20shopping.jpg",
          "content": "\n    \n\t\n\t\tConsumer confidence continues to recover\n\t\n\n    \n            Consumer confidence fell 0.2 per cent last week, with the details mixed. Confidence is higher than this time last year, with sentiment in January 2020 impacted by the bushfires.\n‘Current financial conditions’ deteriorated 3.0 per cent, while ‘future financial conditions’ improved 2.4 per cent. ‘Current economic conditions’ rose 1.2 per cent, while ‘future economic conditions’ inched up 0.5 per cent.\n‘Time to buy a major household item’ was down 2.4 per cent. The four-week moving average of ‘inflation expectations’ was down 0.1 percentage point to 3.6 per cent.\n    \n    \n\n    \n            \"Consumer confidence was close to unchanged over the weekend, consolidating at an above neutral level – though below the long run average,\" ANZ Head of Australian Economics David Plank said.\n\"Sentiment is higher than a year ago, but the comparison reflects the impact of the bushfires in late 2019 and early 2020. Within the detail, ‘future financial conditions’ stood out with a gain of 2.4 per cent and remain well above the long-run average.\"\n\"Inflation expectations have pulled-back a touch from their recent high.\"\nDownload PDF\n    \n\t\t\t\t\t\t",
          "author": "Phoebe O’Sullivan@/content/mediacentre/en/authors/phoebe-o_sullivan",
          "favicon": "https://media.anz.com/etc/designs/mediacentre/favicon.ico",
          "source": "media.anz.com",
          "published": "",
          "ttr": 36
     }
}