{
     "Date": "6/06/2019",
     "Open": "1.05",
     "High": "1.05",
     "Low": "1.05",
     "Close": "1.05",
     "Adj Close": "0.880752",
     "Volume": "1534804",
     "headLine": "ANZ CoreLogic Housing Affordability Report Video Media Release",
     "link": "https://media.anz.com/posts/2019/06/anz-corelogic-housing-affordability-report-video-media-release",
     "article": {
          "url": "https://media.anz.com/posts/2019/06/anz-corelogic-housing-affordability-report-video-media-release",
          "title": "ANZ CoreLogic Housing Affordability Report Video Media Release",
          "description": "Below is a downloadable video media release for ANZ and CoreLogic's Housing Affordability Report. Time codes and talent details are also provided below.                        DOWNLOAD VIDEO 00:01:25...",
          "links": [
               "https://media.anz.com/posts/2019/06/anz-corelogic-housing-affordability-report-video-media-release"
          ],
          "image": "https://media.anz.com/content/dam/mediacentre/images/mediareleases/2019/June/ANZ-CL%20housing%20VNR%20thumb.jpg",
          "content": "\n    \n    Below is a downloadable video media release for ANZ and CoreLogic's Housing Affordability Report. Time codes and talent details are also provided below. \n\n    \n    \n\t\n\n    \n            DOWNLOAD VIDEO\n00:01:25 - Richard Yetsenga - Chief Economist, ANZ\n00:02:56 - Cameron Kusher - CoreLogic's Head of Research for Australia\n00:04:28 - Brian Wightman - Tasmanian Executive Director of The Property Council of Australia \n00:06:01 - Overlay - ANZ-CoreLogic Housing Affordability Report Launch, Hobart\n00:06:55 - Overlay - Housing and Real Estate B-Roll \n00:08:40 - Hobart Streetscape B-Roll \n    \n    \n    For media enquiries contact\n        \n        +61 403 936 262\n        Brittannie Edwards\n        +61 466 720 996\n        \n\n\t\t\t\t\t\t\n\t\t\t\t\t\t",
          "author": "Nick Higginbottom@/content/mediacentre/en/authors/nick-higginbottom,Brittannie Edwards@/content/mediacentre/en/authors/brittannie-edwards",
          "favicon": "https://media.anz.com/etc/designs/mediacentre/favicon.ico",
          "source": "media.anz.com",
          "published": "",
          "ttr": 20
     }
}