{
     "Date": "5/05/2020",
     "Open": "1.27",
     "High": "1.28",
     "Low": "1.26",
     "Close": "1.27",
     "Adj Close": "1.115546",
     "Volume": "459453",
     "headLine": "Consumer confidence regains momentum",
     "link": "https://media.anz.com/posts/2020/05/consumer-confidence-regains-momentum",
     "article": {
          "url": "https://media.anz.com/posts/2020/05/consumer-confidence-regains-momentum",
          "title": "Consumer confidence regains momentum",
          "description": "Consumer confidence has strengthened further, gaining 5.3 per cent in the first reading for May. All the subcomponents gained except for ‘Time to buy a major household item’, which fell 2.5 per cent....",
          "links": [
               "https://media.anz.com/posts/2020/05/consumer-confidence-regains-momentum"
          ],
          "image": "https://media.anz.com/content/dam/mediacentre/images/consumerconfidence/2018/August/Consumer%20Confidence%20Atm.JPG",
          "content": "\n    \n            Consumer confidence has strengthened further, gaining 5.3 per cent in the first reading for May. \nAll the subcomponents gained except for ‘Time to buy a major household item’, which fell 2.5 per cent. ‘Current finances’ gained 5.3%, while ‘future finances’ gained 5.9%.\n‘Current economic conditions’ rose 2.2 per cent for its fifth straight weekly gain, while ‘future economic conditions’ gained 13.7 per cent.\nThe four-week moving average for ‘inflation expectations’ fell 0.3 percentage points to its lowest ever level of 3.4 per cent, with the weekly reading dropping to 3.2 per cent.\n    \n    \n\n    \n            \"The strength in confidence last week was encouraging. Overall sentiment is now around the levels seen during the global financial crisis, while a number of the sub-indices have returned to levels that, while still low, are within the previous historical experience.\" \n\"We think the gain over the past week is predominantly attributable to the further easing of COVID-19 restrictions and optimism surrounding the daily new cases figure.\"\n\"There is a long way to go before sentiment gets to levels where people can be said to be optimistic, however. The weakness in inflation expectations continues and could be a lasting feature of the pandemic.\"\nDOWNLOAD PDF\n    \n\t\t\t\t\t\t",
          "author": "Phoebe O’Sullivan@/content/mediacentre/en/authors/phoebe-o_sullivan",
          "favicon": "https://media.anz.com/etc/designs/mediacentre/favicon.ico",
          "source": "media.anz.com",
          "published": "",
          "ttr": 40
     }
}