{
     "Date": "24/09/2019",
     "Open": "1.27",
     "High": "1.27",
     "Low": "1.27",
     "Close": "1.27",
     "Adj Close": "1.090388",
     "Volume": "35537",
     "headLine": "Confidence consolidates at a low level",
     "link": "https://media.anz.com/posts/2019/09/confidence-consolidates-at-low-level",
     "article": {
          "url": "https://media.anz.com/posts/2019/09/confidence-consolidates-at-low-level",
          "title": "Confidence consolidates at a low level",
          "description": "ANZ-Roy Morgan Australian Consumer Confidence gained 0.7 per cent last week after losing 3.5 per cent in the previous reading. Strength was relatively broadly based across the subindices, although the 'time...",
          "links": [
               "https://media.anz.com/posts/2019/09/confidence-consolidates-at-low-level"
          ],
          "image": "https://media.anz.com/content/dam/bluenotes/images/articles/2019/August/EbsteinCreditCards_thumb.jpg",
          "content": "\n    \n            ANZ-Roy Morgan Australian Consumer Confidence gained 0.7 per cent last week after losing 3.5 per cent in the previous reading. Strength was relatively broadly based across the subindices, although the 'time to buy a household item' index dropped a sharp 3.8 per cent and is now at its lowest level in ten years.\nCurrent financial conditions gained 1.9 per cent and remain above the long run average, while future financial conditions gained 1.6 per cent.\nThe economic conditions subindices also rose, with current economic conditions up 3.6 per cent and future economic conditions up 1.0 per cent. Both economic subindices remain well below their long run averages.\nThe four-week moving average for inflation expectations remained stable at 4.1 per cent.\n    \n    \n    \n\n    \n            “The modest rise in confidence leaves it well below its long run average,\" ANZ Senior Economist Felicity Emmett said. \"The weakness in the time-to-buy-a-household-item index is particularly disappointing, given that tax cuts should be supporting this measure.\"\n\"Rising concerns over the impact of the stimulus, combined with the lift in the unemployment rate in August and ongoing global easing in monetary policy settings, suggest to us that the RBA will likely cut rates again in October.\"\n\"So far, though, consumers seem impervious to both fiscal and monetary stimulus, and the combination of weak wage growth and high levels of debt may prove to be the more dominant driver of confidence and spending.”\nDOWNLOAD PDF\n    \n\t\t\t\t\t\t\n\t\t\t\t\t\t",
          "author": "Phoebe O’Sullivan@/content/mediacentre/en/authors/phoebe-o_sullivan",
          "favicon": "https://media.anz.com/etc/designs/mediacentre/favicon.ico",
          "source": "media.anz.com",
          "published": "",
          "ttr": 47
     }
}