{
     "Date": "27/11/2019",
     "Open": "1.24",
     "High": "1.24",
     "Low": "1.23",
     "Close": "1.24",
     "Adj Close": "1.064631",
     "Volume": "31123",
     "headLine": "ANZ update on actions to prevent financial crime",
     "link": "https://media.anz.com/posts/2019/11/anz-update-on-actions-to-prevent-financial-crime",
     "article": {
          "url": "https://media.anz.com/posts/2019/11/anz-update-on-actions-to-prevent-financial-crime",
          "title": "ANZ update on actions to prevent financial crime",
          "description": "Following shareholder queries, ANZ today provided an update on the actions it has taken to assist in the prevention of financial crime in the Australian banking system.",
          "links": [
               "https://media.anz.com/posts/2019/11/anz-update-on-actions-to-prevent-financial-crime"
          ],
          "image": "https://media.anz.com/content/dam/mediacentre/images/mediareleases/2018/April/ANZ%20logo%20branch.jpg",
          "content": "\n            ANZ Chief Risk Officer Kevin Corbally said: “Protecting the Australian banking system from criminal use is one of our most important roles and one all of our people are trained in and take incredibly seriously.\n“ANZ has been working with AUSTRAC, law enforcement and the broader industry to detect, prevent and disrupt serious financial crimes. This includes money laundering, terrorism, human trafficking, tax evasion and child exploitation.\n“Given recent issues identified by AUSTRAC within the industry, we have been reviewing the systems and processes we use to transfer money to ensure we are reporting the information required by regulators. While the review is ongoing, it has found no material issues to date,” Mr Corbally said.\nIn March 2017, ANZ joined the Fintel Alliance, a public-private partnership led by AUSTRAC to combat serious financial crime, including child exploitation.\nDOWNLOAD PDF\n    ",
          "author": "Stephen Ries@/content/mediacentre/en/authors/stephen-ries",
          "favicon": "https://media.anz.com/etc/designs/mediacentre/favicon.ico",
          "source": "media.anz.com",
          "published": "",
          "ttr": 28
     }
}