{
     "Date": "24/09/2020",
     "Open": "1.6",
     "High": "1.61",
     "Low": "1.59",
     "Close": "1.6",
     "Adj Close": "1.430963",
     "Volume": "120632",
     "headLine": "Rufus Pinto appointed Country Head Philippines",
     "link": "https://media.anz.com/posts/2020/09/rufus-pinto-appointed-country-head-philippines",
     "article": {
          "url": "https://media.anz.com/posts/2020/09/rufus-pinto-appointed-country-head-philippines",
          "title": "Rufus Pinto appointed Country Head Philippines",
          "description": "Since joining ANZ in 2011 Mr Pinto has held Institutional Banking roles in Australia and a number of country leadership roles within Asia and the Pacific, including Kiribati, Vanuatu and New Caledonia. Prior...",
          "links": [
               "https://media.anz.com/posts/2020/09/rufus-pinto-appointed-country-head-philippines"
          ],
          "image": "https://media.anz.com/content/dam/mediacentre/images/mediareleases/2020/September/Austcham_v2.jpg",
          "content": "\n            Since joining ANZ in 2011 Mr Pinto has held Institutional Banking roles in Australia and a number of country leadership roles within Asia and the Pacific, including Kiribati, Vanuatu and New Caledonia. Prior to this, Mr Pinto was Country Head Laos.\nHe reports to Vishnu Shahaney, Country Head Singapore and Head of South East Asia, India and Middle East.\n“With his significant country leadership and international banking experience, Rufus will make a great addition to the strong ANZ team in the Philippines with his extensive network and passion for business, people and our customers,” Mr Shahaney said. \nMr Pinto will be based in Manila and his appointment is effective immediately.\nANZ has been operating in the Philippines since 1990.\nDownload PDF\n    ",
          "author": "Brenda Chai@/content/mediacentre/en/authors/brenda-chai",
          "favicon": "https://media.anz.com/etc/designs/mediacentre/favicon.ico",
          "source": "media.anz.com",
          "published": "",
          "ttr": 25
     }
}