{
     "Date": "30/11/2018",
     "Open": "1.03",
     "High": "1.05",
     "Low": "1.02",
     "Close": "1.04",
     "Adj Close": "0.846325",
     "Volume": "134899",
     "headLine": "ANZ New Zealand completes sale of OnePath Life (NZ) Limited to Cigna Corporation",
     "link": "https://media.anz.com/posts/2018/11/anz-nz-completes-sale-of-onepath-life",
     "article": {
          "url": "https://media.anz.com/posts/2018/11/anz-nz-completes-sale-of-onepath-life",
          "title": "ANZ New Zealand completes sale of OnePath Life (NZ) Limited to Cigna Corporation",
          "description": "ANZ Bank New Zealand Limited today announced it has completed the sale of OnePath Life (NZ) Limited to Cigna Corporation.",
          "links": [
               "https://media.anz.com/posts/2018/11/anz-nz-completes-sale-of-onepath-life"
          ],
          "image": "https://media.anz.com/content/dam/mediacentre/images/mediareleases/2018/May/Cigna.jpg",
          "content": "\n    \n    ANZ Bank New Zealand Limited today announced it has completed the sale of OnePath Life (NZ) Limited to Cigna Corporation. \n\n    \n            ANZ announced the sale and 20-year strategic alliance with Cigna Corporation on 30 May 2018 and the divestment is consistent with ANZ’s strategy to simplify its business. ANZ’s Investment Management business in New Zealand was not part of the sale.\nCigna is a health services company with 95 million customers around the world. In New Zealand it offers insurance products online and through direct marketing and also provides insurance products for partner companies. Cigna has been one of ANZ’s insurance partners for more than 20 years.\nDownload PDF\n    \n\t\t\t\t\t\t",
          "author": "Nick Higginbottom@/content/mediacentre/en/authors/nick-higginbottom,Emma Mellow@/content/mediacentre/en/authors/emma-mellow",
          "favicon": "https://media.anz.com/etc/designs/mediacentre/favicon.ico",
          "source": "media.anz.com",
          "published": "",
          "ttr": 22
     }
}