{
     "Date": "29/07/2019",
     "Open": "1.2",
     "High": "1.2",
     "Low": "1.18",
     "Close": "1.18",
     "Adj Close": "0.989798",
     "Volume": "81570",
     "headLine": "Risk Weight Floors for New Zealand Mortgage and Farm Lending Portfolios (Level 2)",
     "link": "https://media.anz.com/posts/2019/07/risk-weight-floors-for-new-zealand-mortgage-and-farm-lending-por",
     "article": {
          "url": "https://media.anz.com/posts/2019/07/risk-weight-floors-for-new-zealand-mortgage-and-farm-lending-por",
          "title": "Risk Weight Floors for New Zealand Mortgage and Farm Lending Portfolios (Level 2)",
          "description": "ANZ today announced new risk weight floors will be applied to the New Zealand mortgage and farm lending portfolios for Level 2 reporting, following notification by the Australian Prudential Regulation Authority (APRA).",
          "links": [
               "https://media.anz.com/posts/2019/07/risk-weight-floors-for-new-zealand-mortgage-and-farm-lending-por"
          ],
          "image": "https://media.anz.com/content/dam/mediacentre/images/mediareleases/2018/April/ANZ%20logo%20branch.jpg",
          "content": "\n            This was in response to an increase in risk weights applied by the Reserve Bank of New Zealand (RBNZ) for these portfolios[1].\nThe impact is equivalent to a 20 basis point reduction in ANZ’s Level 2 Common Equity Tier 1 (CET1) capital ratio[2].  The changes are effective 30 September 2019.\nThere is no impact on ANZ’s Level 1 capital ratio, and the higher risk weights for New Zealand were effectively incorporated into the Level 1 ratio as at 31 March 2019.\nLevel 1 is the ADI excluding subsidiaries; Level 2 is the Group including banking subsidiaries.\nAs of the 30th June 2019, ANZ’s Level 2 CET1 capital ratio was 11.8%, well in excess of APRA’s Unquestionably Strong Requirement of 10.5%.\nOn a pro-forma basis, inclusive of the above changes as well as the recently announced increase in Operational Risk capital and the implementation of the revised Counterparty Credit Risk (SA-CCR) prudential standard, ANZ’s Level 2 CET1 ratio is 11.3%.\n[1] As noted in ANZ Bank New Zealand Limited Registered Bank Disclosure Statement released in May 2019.\n[2] The new floors result in risk weights for New Zealand mortgages being broadly consistent with Australian mortgages.\nDOWNLOAD PDF\n    ",
          "author": "Stephen Ries@/content/mediacentre/en/authors/stephen-ries",
          "favicon": "https://media.anz.com/etc/designs/mediacentre/favicon.ico",
          "source": "media.anz.com",
          "published": "",
          "ttr": 40
     }
}