{
     "Date": "6/06/2019",
     "Open": "1.05",
     "High": "1.05",
     "Low": "1.05",
     "Close": "1.05",
     "Adj Close": "0.880752",
     "Volume": "1534804",
     "headLine": "Housing affordability the best since 2016",
     "link": "https://media.anz.com/posts/2019/06/housing-affordability-",
     "article": {
          "url": "https://media.anz.com/posts/2019/06/housing-affordability-",
          "title": "Housing affordability the best since 2016",
          "description": "Australia’s average housing affordability is the best it has been since 2016 with property in some cities and regions the most attainable it has been in decades, according to new ANZ-CoreLogic research.",
          "links": [
               "https://media.anz.com/posts/2019/06/housing-affordability-"
          ],
          "image": "https://media.anz.com/content/dam/mediacentre/pdfs/mediareleases/2019/June/Housing%20Report%20cover%20image.JPG",
          "content": "\n            The ANZ-CoreLogic Housing Affordability report is based on property, economic and demographic data and shows over the last two years housing affordability has been improving much faster than it had declined over the previous decade.\nFor the first time, Hobart is the least affordable capital city for renters, while Darwin is now the most affordable capital city for buyers. Sydney is still the least affordable market to buy in, followed closely by Melbourne.\nCoreLogic’s Head of Research for Australia, Cameron Kusher, said: “The recent drop in property values follows a long period where prices increased at a much faster pace than household incomes.”\n“We predict that price falls will settle later this year, followed by modest price growth starting from 2020,” Mr Kusher said.\n         \nANZ’s Home Owners Lead, Kate Gibson, said: “Buying a home is an aspiration for many Australians and for the first time, we’re seeing suburbs and towns in every state where it is more affordable to buy than rent.\n“This shift, combined with record low interest rates, is driving more first home buyers to look at entering the market. For the first time in fifteen years most buyers are not chasing a rising market,” Ms Gibson said.\n\nFor fast facts via our infographic visit our bluenotes page here. \nA list of regions where it is cheaper to buy than rent can be downloaded here. \nA summary of the most and least affordable metro areas is available here.\n\nDOWNLOAD PDF MEDIA RELEASE\nDOWNLOAD VIDEO MEDIA RELEASE\nDOWNLOAD FULL REPORT\n    \n    For media enquiries contact\n        \n        +61 403 936 262\n        Brittannie Edwards\n        +61 466 720 996\n        \n",
          "author": "Nick Higginbottom@/content/mediacentre/en/authors/nick-higginbottom,Brittannie Edwards@/content/mediacentre/en/authors/brittannie-edwards",
          "favicon": "https://media.anz.com/etc/designs/mediacentre/favicon.ico",
          "source": "media.anz.com",
          "published": "",
          "ttr": 53
     }
}