{
     "Date": "22/05/2018",
     "Open": "1.12",
     "High": "1.13",
     "Low": "1.12",
     "Close": "1.13",
     "Adj Close": "0.907471",
     "Volume": "473812",
     "headLine": "Consumer confidence: up for six straight weeks",
     "link": "https://media.anz.com/posts/2018/05/consumer-confidence--up-for-six-straight-weeks",
     "article": {
          "url": "https://media.anz.com/posts/2018/05/consumer-confidence--up-for-six-straight-weeks",
          "title": "Consumer confidence: up for six straight weeks",
          "description": "ANZ-Roy Morgan Australian Consumer Confidence rose for the sixth straight week – up 0.7% to 121.6, the highest in 15 weeks. The details were somewhat mixed: while views towards financial conditions improved, households were less optimistic about economic conditions.",
          "links": [
               "https://media.anz.com/posts/2018/05/consumer-confidence--up-for-six-straight-weeks"
          ],
          "image": "https://media.anz.com/content/dam/mediacentre/images/consumerconfidence/2018/March/Consumer%20confidence%2022%20May.JPG",
          "content": "\n            ANZ’S HEAD OF AUSTRALIAN ECONOMICS, DAVID PLANK, COMMENTED\n“Confidence continued to trend up last week, its sixth consecutive weekly rise. That rise comes despite elevated petrol prices, some pessimistic commentary on sluggish wage growth and recent developments in the housing market. Last week’s employment report was mixed – with jobs rising solidly in April, but the unemployment rate ticking up.\nEven so, households remained upbeat on their financial conditions last week. Though views toward economic conditions eased slightly, this is perhaps unsurprising given the strength of their recovery in recent weeks.\nThe next major domestic data point we are building toward is Q1 GDP on 6 June. Construction work done for the quarter is an important building block in this release and the only local news of note this week.”\nPlease see the attached document for further details.\n    \n    \n                Insights\n        \n        \n                ANZ-Roy Morgan Consumer Confidence\n        \n    \n\n    For media enquiries contact\n        \n        +61 2 8037 0029\n        Mustafa Arif\n        +91 80 6795 3801\n        \n",
          "author": "David Plank@/content/mediacentre/en/authors/david-plank,Mustafa Arif@/content/mediacentre/en/authors/mustafa-arif",
          "favicon": "https://media.anz.com/etc/designs/mediacentre/favicon.ico",
          "source": "media.anz.com",
          "published": "",
          "ttr": 32
     }
}