{
     "Date": "17/12/2019",
     "Open": "1.28",
     "High": "1.29",
     "Low": "1.28",
     "Close": "1.29",
     "Adj Close": "1.107559",
     "Volume": "62932",
     "headLine": "ANZ 2019 Annual General Meeting CEO's Address",
     "link": "https://media.anz.com/posts/2019/12/anz-2019-annual-general-meeting-ceo-s-address",
     "article": {
          "url": "https://media.anz.com/posts/2019/12/anz-2019-annual-general-meeting-ceo-s-address",
          "title": "ANZ 2019 Annual General Meeting CEO's Address",
          "description": "I’d also like to echo David’s earlier comments about the bushfires impacting large parts of Australia, and of course here in Queensland. It’s been a tragedy for many communities and we will step-up to provide...",
          "links": [
               "https://media.anz.com/posts/2019/12/anz-2019-annual-general-meeting-ceo-s-address"
          ],
          "image": "https://media.anz.com/content/dam/mediacentre/images/mediareleases/2019/December/ShayneElliott-AGM2019-pic2.jpg",
          "content": "\n            I’d also like to echo David’s earlier comments about the bushfires impacting large parts of Australia, and of course here in Queensland.\nIt’s been a tragedy for many communities and we will step-up to provide the support necessary.\nThis has been a challenging year for ANZ and our customers.\nEconomic growth has been slower than we have been used to, and we have had to navigate increased regulatory activity and global uncertainty.\nFortunately, we prepared well.\nOur strong sense of purpose, our clear strategy and an experienced management team means we are well positioned in what will likely be a tough period ahead.\nBusiness Performance\nWhile David has given you a broad overview of our financial result, I want to give you my perspective on our how we are tracking, particularly within our divisions.\nRetail &amp; Commercial in Australia had a difficult year. While increased remediation charges have had a significant impact on earnings, we are leaning into our issues and the work already underway will help prepare us for the future.\nWe have also been upfront about our operational challenges in Australia, particularly within our home loan business – which with a more deliberately cautious approach - meant we lost market share in the first half.\nHowever, I am pleased to report that process and policy improvements have been implemented and driven a steady recovery.\nAs a result, we expect the increases in home loan applications we saw in the second half of the year to continue well into 2020.\nNew Zealand delivered another solid underlying result.\nRegulatory and compliance costs contributed to higher operating expenses but a focus on operational efficiency offset inflation in business-as-usual expenses.\nThere are challenges ahead in New Zealand, particularly in relation to the amount of capital we will be required to hold under the RBNZ’s final capital requirements.\nBut as already highlighted, our team in New Zealand is focussed on the efficient use of shareholder funds and we are well placed to meet this challenge without the need to raise additional capital.\nAnother issue requiring attention during the year was the decision to part with our former New Zealand CEO. Although tough, this was the right decision and sent the right message to our people.\nHowever, the management team has done an excellent job in difficult circumstances and our New Zealand Board expects to announce a permanent Chief Executive soon.\nThe Institutional division was a bright spot despite macro conditions impacting the financial performance in the second half.\nYou may recall that we implemented a major restructure of our Institutional business three years ago.\nThat has proven to be a timely decision and your Institutional business has returned to profitable growth and is providing vital diversification for the Group.\nIn tandem with our international network, this business offers our customers something our rivals just can’t match.\nAt a group level, our balance sheet has never been stronger and expenses have been tightly managed for the fourth year in a row.\nWe maintained our sector leading capital position while also returning $5.6 billion to shareholders through dividends and our recently completed buy-back.\nIn the current environment, a strong balance sheet and good cost control will be vital to protect shareholders’ long term interests.\nIn addition to being a stronger bank, we also need to be safer and for us that means easier to manage and with less things that can go wrong.\nWe also completed the sale of other non-core assets like our Life Insurance businesses in Australia and New Zealand.\nCritically in this environment, we have reduced the cost and risk of operating the bank while also improving our culture.\nWe have asked a lot of our people but they have risen to the challenge and in addition to delivering a simpler stronger bank, our staff survey recorded the highest level of employee engagement in our history.\nThe combination of these and other factors mean your bank is simpler, stronger and safer than before.\nBut let me assure shareholders today, with the challenges facing the sector, we are not sitting idle.\nThis year, we invested a record amount of $1.4bn on our business and will invest more again in 2020.\nThese investments are designed to strengthen our infrastructure, reduce the risk of running the bank and drive better services for our customers.\nThis makes ANZ one of the largest technology investors in the country and is essential for building the capability to thrive over the years to come.\nStrategy\nFour years ago we recognised that while banking would remain attractive, a step change in the operating environment meant the strategies of the past would no longer be successful.\nThe cornerstone of our strategy is to generate decent and stable returns by improving the financial well-being of our customers.\nWe know we will only achieve our aspiration by focussing on the things that really add value to customers. And do those right the first time.\nIn order to achieve this, we will continue to simplify our business, improve our customer proposition and invest in innovations that deliver better customer outcomes.\nThat means we need the right people who listen, learn and adapt. We will also put the best tools and insights into the hands of our customers and people.\nGiven we must manage the business for both the short and long term, we have agreed to focus on some key elements over the coming year to ensure longer-term profitable and cautious growth.\nThese include:\n\nRunning our core businesses well while remediating past failures\nKeeping Institutional focused on cautious, profitable growth\nActively managing the NZ capital challenges\nContinuing the transformation of our Australia business, as well as implementing our response to the Royal Commission\nDriving further simplification and automation across the Group\nAnd finally, building a more resilient, adaptable and capable workforce\n\nSimplification has become the mantra of the industry. However, our early action has seen the successful divestment of 23 businesses since 2016.\nThis has not only improved our focus and reduced complexity, it has also released around $7 billion in shareholder funds.\nThis is on top of the $5 billion that was released from the transformation of our institutional business.\nWe don’t just sit on this capital.\nAround half of this $12 billion was used to reinvest in our core Australia Retail business as well as to respond to new capital requirements.\nA quarter was returned to shareholders through our recent buy-backs, while the remainder strengthened our balance sheet and provided options for the future.\nCustomers and community\nWe also recognise we have a broader role to play in the community.\nIn fact, it is our purpose of shaping a world where people and communities thrive that guides this work.\nAs such, we remain committed to supporting our customers’ social, environmental and economically sustainable initiatives.\nWe have already funded around $20 billion of these projects in recent years and have set ourselves an ambitious new target to fund $50 billion or more by 2025.\nThis is not just the right thing to do…it’s also good business.\nTake for instance the financing of renewable energy, where our leadership position has been financially beneficial for shareholders.\n\nAn example of this was the €1 billion Sustainable Development Goal Bond that we issued just last month.\nThere was extremely strong demand from the world’s largest investors, meaning we were able to raise the funds at a good price for shareholders.\nIn turn, we are able to support innovative projects that will provide a solid return for the bank - while also having environmental and community benefits.\n\nThis is not just about financing large renewable projects.\nFor example, the support we provided Seaforth Civil in Mackay or Zappala Quarries near Cairns to purchase energy efficient equipment resulted in fuel reductions of up to 50%. While smaller in scale, this is equally important.\nThe same can be said of our pledge to help Kiwis better protect their homes from damp and cold conditions.\nWe know half of all Kiwi homes lack adequate insulation, making them cold, damp and expensive to heat. That also has health impacts for residents.\nThese loans, while interest free, are mutually beneficial. The homes we are financing are safer and better quality, and our customers are healthier.\nIt’s also why we are so committed to improving the financial literacy of our customers through our programs like MoneyMinded.\nHaving reached almost 90,000 people this year alone, one of the best ways we can contribute to the community is by investing our expertise and resources to support people as they build their financial wellbeing.\nAt ANZ, we believe it makes good business to carefully manage environmental and social risks.\nSustainable, long term shareholder returns actually depend on a company being a stronger thread in the social fabric of society.\nCustomers expect us to be good citizens, our regulators expect us to be alive to environmental, social and governance issues – as do our investors.\nWe have also been responding to regulator interest in our management of carbon risks with our detailed disclosures aligning with the Financial Stability Board’s guidelines.\nEffectively what we are trying to do is to negotiate how positive social outcomes and good business outcomes work together for the benefit of all stakeholders.\nRoyal Commission\nIn February, the Royal Commission’s final report set out how banks, and others, had failed their customers.\nAt ANZ, we are paying customers back as fast as we can and acting on the Commission’s recommendations.\nFor retail and commercial banking in Australia, we currently estimate that over 3.4 million bank accounts need fixing.\nTo date, we’ve made good on more than one million of these bank accounts. While each issue is unique, on average we have refunded these customers around $60 each.\nNo one is proud of the fact we need to remediate mistakes of the past but we are learning from our failures and strengthening the bank as a result. We’re teaching our people about what went wrong and how it affected our customers to ensure we don’t make these mistakes again.\nTo meet the letter and spirit of the Royal Commission’s report, we have made significant progress on the sixteen initiatives we announced in February.\nWe have also implemented the Sedgwick pay recommendations we were able to act on now, made our senior executive accountability frame-work stronger and implemented changes to help family farmers in distress.\n\nThere has also been considerable shareholder interest in the role banks play in the prevention of financial crime.\nWe take this role incredibly seriously and have been proactively reviewing the systems and processes we use to transfer money to ensure we are reporting the information required by our regulators.\nI can confirm to shareholders today that while this review remains ongoing, we have not identified any material issues. We are also not aware of any impending litigation from AUSTRAC.\nChanging how we reward our people\nImportantly, we have reformed how we pay people to reduce incentive payments and better align us with our customers’ interests.\nThis means variable remuneration is now a smaller part of our people’s take home pay and these reduced bonuses are determined by the overall performance of the bank.\nThis is not about paying our people less.\nIt is an industry leading initiative that will positively enhance our culture and become an important point of differentiation.\nIt also reduces the potential negative impact an over emphasis on individual bonuses within a bank can have on customers and the community. It is a positive for shareholders.\nAs part of this, we also strengthened our accountability frameworks to ensure there are appropriate consequences for the small number of people who do not meet standards of behaviour or performance.\nConclusion\nThese measures we have taken and continue to take are why, despite the challenges, my team and I are excited about the opportunity ahead.\nWe are building a better bank for customers, the community and our colleagues that is ultimately better for you our shareholders…a bank that is lower risk, drives better outcomes and costs less to run.\nWe have achieved a great deal this year and none of this would have been possible without a passionate and engaged workforce.\nThe people who work for your company are committed to doing the best by our customers and their colleagues. I’m proud of what they have achieved over the last few years.\nThank you. \nDownload PDF\n    \n    For media enquiries contact\n        \n        +61 409 655 551\n        Nick Higginbottom\n        +61 403 936 262\n        \n",
          "author": "Stephen Ries@/content/mediacentre/en/authors/stephen-ries,Nick Higginbottom@/content/mediacentre/en/authors/nick-higginbottom",
          "favicon": "https://media.anz.com/etc/designs/mediacentre/favicon.ico",
          "source": "media.anz.com",
          "published": "",
          "ttr": 416
     }
}