{
     "Date": "10/08/2020",
     "Open": "1.49",
     "High": "1.53",
     "Low": "1.48",
     "Close": "1.53",
     "Adj Close": "1.343925",
     "Volume": "1239255",
     "headLine": "ANZ Institutional maintains position as #1 transaction bank in Australia for the fourth consecutive year",
     "link": "https://media.anz.com/posts/2020/08/anz-institutional-maintains-position-as--1-transaction-bank-in-a",
     "article": {
          "url": "https://media.anz.com/posts/2020/08/anz-institutional-maintains-position-as--1-transaction-bank-in-a",
          "title": "ANZ Institutional maintains position as #1 transaction bank in Australia for the fourth consecutive year",
          "description": "ANZ Institutional has ranked #1 for both outright and lead bank market penetration in Australia, according to the 2020 Peter Lee Associates Large Corporate and Institutional Transactional Banking...",
          "links": [
               "https://media.anz.com/posts/2020/08/anz-institutional-maintains-position-as--1-transaction-bank-in-a"
          ],
          "image": "https://media.anz.com/content/dam/Institutional/en/images/2020/Aug/Vasic_TBPeterLee_Thumb.png",
          "content": "\n    \n    ANZ Institutional has ranked #1 for both outright and lead bank market penetration in Australia, according to the 2020 Peter Lee Associates Large Corporate and Institutional Transactional Banking Survey.\n\n    \n            Highlights include:\n\nMaintained outright #1 Institutional bank with 46% of survey participants stating they have a domestic transactional banking relationship with ANZ;\nHeld Lead domestic transactional bank ranking for the fourth consecutive year with 46% stating they have a transactional banking relationship with ANZ;\nMaintained #1 ranking as prominent bank for trade services with 44% of the 164 trade users naming ANZ as their lead;\nRanked =#1 for Transaction Processing and ranked #1 for platform ‘security features’ (Vs Top 4 banks) and =#1 ‘integration with accounting software’;\nImproved Platform Performance Score (PPI) score (+14pts) amongst the lead domestic relationships, the only platform of the four major banks to do so;\nHighest Relationship Strength Index (RSI) score recorded by the bank since 2016;\nStrong performance with the three Cash Management Specialist ratings, including a #1 for Usefulness of Advice and Guidance (Vs Top 4 Domestic banks).\n\nANZ Institutional Managing Director, Transaction Banking (Acting), Lisa Vasic said: “This is our strongest Peter Lee performance in a number of years, and reflects the continued investment in our cash management and trade business. We would like to thank all our customers who provided feedback and will continue to use this to support the evolution of our customer proposition.\n“Our proposition at ANZ is focussed on supporting our customers with their participation in the digital economy while also helping them manage risk during volatile market conditions. It’s great to see this focus is enhancing customer confidence both in our products and our people,” Ms Vasic said.\n    \n\t\t\t\t\t\t",
          "author": "Phoebe O’Sullivan@/content/mediacentre/en/authors/phoebe-o_sullivan,",
          "favicon": "https://media.anz.com/etc/designs/mediacentre/favicon.ico",
          "source": "media.anz.com",
          "published": "",
          "ttr": 56
     }
}