{
     "Date": "4/04/2018",
     "Open": "1.08",
     "High": "1.08",
     "Low": "1.07",
     "Close": "1.08",
     "Adj Close": "0.867317",
     "Volume": "248161",
     "headLine": "Consumer confidence falters amidst market fears",
     "link": "https://media.anz.com/posts/2018/04/consumer-confidence-falters-amidst-market-fears",
     "article": {
          "url": "https://media.anz.com/posts/2018/04/consumer-confidence-falters-amidst-market-fears",
          "title": "Consumer confidence falters amidst market fears",
          "description": "ANZ-Roy Morgan Australian Consumer Confidence eased 1.6% last week on the back of a 0.9% decline the prior week. The details were largely negative, with sentiment around future financial conditions and the...",
          "links": [
               "https://media.anz.com/posts/2018/04/consumer-confidence-falters-amidst-market-fears"
          ],
          "image": "https://media.anz.com/content/dam/mediacentre/images/consumerconfidence/consumer%20confidence.jpg",
          "content": "\n    \n    ANZ-Roy Morgan Australian Consumer Confidence eased 1.6% last week on the back of a 0.9% decline the prior week. The details were largely negative, with sentiment around future financial conditions and the ‘time to buy a household item’ subindex posting the sharpest declines. \n\n    \n    \n            \nAfter falling a sharp 6.8% in the previous week, views towards current economic conditions edged up 0.7% to 102.5 last week. Sentiment around future economic conditions fell for the second straight week, however, down another 1.1% after last week’s 3.6% fall.\nHouseholds’ views towards current financial conditions slipped 0.8% last week following a 3.1% decline previously. Consumers were also pessimistic about future financial conditions, with a fall of 2.3% unwinding much of the 2.8% rise in the previous week.\nThe ‘time to buy a household item’ fell 3.6% last week largely unwinding the previous week’s 4.2% jump. Inflation expectations edged back up to 4.5% on a four-week moving average basis.\n\nANZ’S HEAD OF AUSTRALIAN ECONOMICS, DAVID PLANK, COMMENTED:\n“Confidence slipped further last week likely following the decline in global and domestic equities. Markets remain spooked about a possible escalation between US and China in the trade space.\nAggregate confidence in economic conditions has fallen to its long run average (Figure 3) for the first time this year. The fall in economic sentiment likely reflects the uncertainty generated by the dispute around global trade policy and the impact this is having on equity markets. Aggregate confidence in financial conditions remains more elevated and is still well above its long-run average, however. The ongoing strength of the labour market is likely a factor in this.”\n    \n    \n    \n\n    \n            Download the PDF for the full report.\nView PDF\n    \n\n    \n    \n                Insights\n        \n        \n                ANZ-Roy Morgan Consumer Confidence\n        \n    \n\n    \n    For media enquiries contact\n        \n        +91 80 6795 3801\n        David Plank\n        +61 2 8037 0029\n        \n\n\t\t\t\t\t\t\n\t\t\t\t\t\t",
          "author": "Mustafa Arif@/content/mediacentre/en/authors/mustafa-arif,David Plank@/content/mediacentre/en/authors/david-plank",
          "favicon": "https://media.anz.com/etc/designs/mediacentre/favicon.ico",
          "source": "media.anz.com",
          "published": "",
          "ttr": 59
     }
}