{
     "Date": "10/08/2019",
     "Open": "",
     "High": "",
     "Low": "",
     "Close": "",
     "Adj Close": "",
     "Volume": "",
     "headLine": "Consumer confidence reverses",
     "link": "https://media.anz.com/posts/2019/10/consumer-confidence-reverses",
     "article": {
          "url": "https://media.anz.com/posts/2019/10/consumer-confidence-reverses",
          "title": "Consumer confidence reverses",
          "description": "After gaining 4.2% in the previous reading, ANZ-Roy Morgan consumer confidence fell 2.1% last week. All the subindices fell except the ‘time to buy a major household item’.    Financial conditions subindices...",
          "links": [
               "https://media.anz.com/posts/2019/10/consumer-confidence-reverses"
          ],
          "image": "https://media.anz.com/content/dam/bluenotes/images/articles/2018/September/IsaacSME_thumb.jpg",
          "content": "\n    \n            After gaining 4.2% in the previous reading, ANZ-Roy Morgan consumer confidence fell 2.1% last week. All the subindices fell except the ‘time to buy a major household item’. \n \nFinancial conditions subindices were down significantly and have been volatile for the last few weeks. Current finances were down 4.7% while future finances lost 5.0%.\n \nCurrent economic conditions fell 1.7%, while future economic conditions lost 1.1% after gaining 4.2% in the previous reading.\n \n‘Time to buy a household item’ continued to recover after falling to a 10-year low in recent weeks, although it remains below its long term average.\n \nInflation expectations inched higher by 0.1 ppt to 4.1%.\n    \n    \n\n    \n            ANZ Senior Economist, Felicity Emmett, commented: \n“Last week’s bounce in ANZ-Roy Morgan consumer confidence wasn’t sustained and sentiment is now back below the long term average. Ongoing concerns about the medium term outlook are weighing down sentiment, although consumers continue to feel okay about their current financial circumstances. This divergence in thinking possibly explains the modest bounce in retail sales reported last week: consumers recognise the impact of tax and interest rate cuts on their budgets, but are worried about the outlook, and so unwilling to splash the cash. The RBA is likely to be disappointed about the inability for either confidence or spending to lift materially despite significant monetary and fiscal stimulus.” \nDownload PDF\n    \n\t\t\t\t\t\t",
          "author": "Phoebe O’Sullivan@/content/mediacentre/en/authors/phoebe-o_sullivan",
          "favicon": "https://media.anz.com/etc/designs/mediacentre/favicon.ico",
          "source": "media.anz.com",
          "published": "",
          "ttr": 45
     }
}