{
     "Date": "1/11/2021",
     "Open": "1.73",
     "High": "1.76",
     "Low": "1.71",
     "Close": "1.76",
     "Adj Close": "1.626035",
     "Volume": "101904",
     "headLine": "ANZ Job Ads: lockdown losses recovered",
     "link": "https://media.anz.com/posts/2021/November/anz-job-ads_lockdown_losses_recovered",
     "article": {
          "url": "https://media.anz.com/posts/2021/November/anz-job-ads_lockdown_losses_recovered",
          "title": "ANZ Job Ads: lockdown losses recovered",
          "description": "\"With Sydney, Melbourne and Canberra emerging from their prolonged lockdowns, ANZ Job Ads rose 6.2 per cent m/m in October. This put it back on par with the June peak prior to the Delta lockdowns.\" ANZ Senior...",
          "links": [
               "https://media.anz.com/posts/2021/November/anz-job-ads_lockdown_losses_recovered"
          ],
          "image": "https://media.anz.com/content/dam/mediacentre/images/jobads/2020/May/Job%20ads%20april.jpg",
          "content": "\n            \"With Sydney, Melbourne and Canberra emerging from their prolonged lockdowns, ANZ Job Ads rose 6.2 per cent m/m in October. This put it back on par with the June peak prior to the Delta lockdowns.\" ANZ Senior Economist, Catherine Birch said.\n\"Newly lodged job ads are also rebounding, up 4.9 per cent in September.\"\n\"The strongest result came from NSW, where new job ads rose close to 17 per cent, ahead of the reopening on 11 October.\"\nThis is consistent with RBA Governor Lowe’s statement following the October meeting that:\n[T]he Bank's business liaison...suggests that many firms are seeking to hire workers ahead of the expected reopening in October and November.\n\"And although estimates of the effective unemployment rate rose to between 6- 10 per cent in September, hours worked increased by 0.9 per cent, gaining 2.7 per cent in NSW.\"\n\"According to a NAB survey, businesses reported ongoing significant difficulty finding suitable labour in Q3, despite lockdowns. The expected rebound in economic activity and labour demand in Q4 will only add to these pressures and should mean we finally see wages growth accelerate.\"\nDOWNLOAD PDF\n    ",
          "author": "Emma Myers@/content/mediacentre/en/authors/emma-myers",
          "favicon": "https://media.anz.com/etc/designs/mediacentre/favicon.ico",
          "source": "media.anz.com",
          "published": "",
          "ttr": 38
     }
}