{
     "Date": "3/05/2020",
     "Open": "",
     "High": "",
     "Low": "",
     "Close": "",
     "Adj Close": "",
     "Volume": "",
     "headLine": "ANZ number one position for overall relationship quality in Asia for the third year",
     "link": "https://media.anz.com/posts/2020/03/anz-number-one-position-for-overall-relationship-quality-in-asia",
     "article": {
          "url": "https://media.anz.com/posts/2020/03/anz-number-one-position-for-overall-relationship-quality-in-asia",
          "title": "ANZ number one position for overall relationship quality in Asia for the third year",
          "description": "The independent annual survey interviewed more than 830 companies with turnover of greater than US$500 million per year across 11 markets in Asia. In the survey, corporate executives rate relationship quality...",
          "links": [
               "https://media.anz.com/posts/2020/03/anz-number-one-position-for-overall-relationship-quality-in-asia"
          ],
          "image": "https://media.anz.com/content/dam/Institutional/en/images/2020/FFGreenwichAward_Thumb.jpg",
          "content": "\n            The independent annual survey interviewed more than 830 companies with turnover of greater than US$500 million per year across 11 markets in Asia.\nIn the survey, corporate executives rate relationship quality of a bank using a range of factors, including ease of doing business, willingness to lend, provision of ideas and advice and demonstrating knowledge of clients’ international and transaction banking needs.\nFarhan Faruqui, Group Executive International, said: “Our international footprint is a key differentiator for ANZ Institutional’s strategy and it is pleasing to see our customers continue to leverage our cross-border capabilities and strong network.\n“ANZ remains committed to our business in Asia and to supporting our clients with trade and capital flows in the region,” Mr Faruqui said.\nANZ also ranked No. 1 for overall relationship quality in Singapore, and for the third year in a row in both China and Hong Kong. ANZ retained its position as top five corporate bank in Asia by market penetration for the eighth consecutive year.\nGreenwich Associates measures the bank based on overall market penetration in Asia, excluding Australia, New Zealand and Japan. \nClick here to read the full 2020 Greenwich Leaders: Asian Large Corporate Banking and Cash Management report.\nDOWNLOAD PDF\n    ",
          "author": "Noel Cheung@/content/mediacentre/en/authors/noel-cheung",
          "favicon": "https://media.anz.com/etc/designs/mediacentre/favicon.ico",
          "source": "media.anz.com",
          "published": "",
          "ttr": 41
     }
}