{
     "Date": "30/01/2019",
     "Open": "0.98",
     "High": "0.99",
     "Low": "0.98",
     "Close": "0.99",
     "Adj Close": "0.805637",
     "Volume": "17085",
     "headLine": "Consumer confidence: saw-tooth pattern continues",
     "link": "https://media.anz.com/posts/2019/01/consumer-confidence--saw-tooth-pattern-continues",
     "article": {
          "url": "https://media.anz.com/posts/2019/01/consumer-confidence--saw-tooth-pattern-continues",
          "title": "Consumer confidence: saw-tooth pattern continues",
          "description": "ANZ’s Head of Australian Economics, David Plank, commented: “Consumer confidence has been volatile in January, with no clear trend. We think the bounce over the past week was likely due to encouraging...",
          "links": [
               "https://media.anz.com/posts/2019/01/consumer-confidence--saw-tooth-pattern-continues"
          ],
          "image": "https://media.anz.com/content/dam/mediacentre/images/consumerconfidence/2018/August/Consumer%20Confidence%20Aug.JPG",
          "content": "\n    \n            ANZ’s Head of Australian Economics, David Plank, commented:\n“Consumer confidence has been volatile in January, with no clear trend. We think the bounce over the past week was likely due to encouraging employment numbers on the domestic front and the end of the US government shutdown. Importantly, consumer sentiment remains well above the long-run average and provides some offset to the recent downbeat news on business conditions. Critical to continued good cheer for households will be the performance of the labour market.”\nDownload PDF\n    \n    \n    For media enquiries contact\n        \n        +61 2 8037 0029\n        Francesca Rizzo\n        +61 481-014224\n        \n\n\t\t\t\t\t\t",
          "author": "David Plank@/content/mediacentre/en/authors/david-plank,Francesca Rizzo@/content/mediacentre/en/authors/Francesca-Rizzo",
          "favicon": "https://media.anz.com/etc/designs/mediacentre/favicon.ico",
          "source": "media.anz.com",
          "published": "",
          "ttr": 20
     }
}