{
     "Date": "20/10/2020",
     "Open": "1.72",
     "High": "1.75",
     "Low": "1.72",
     "Close": "1.75",
     "Adj Close": "1.565116",
     "Volume": "85492",
     "headLine": "Consumer confidence lifts for seventh week",
     "link": "https://media.anz.com/posts/2020/10/consumer-confidence-lifts-for-seventh-week",
     "article": {
          "url": "https://media.anz.com/posts/2020/10/consumer-confidence-lifts-for-seventh-week",
          "title": "Consumer confidence lifts for seventh week",
          "description": "Consumer confidence gained 0.4 per cent last week, its seventh-straight weekly gain. A strong rise of 5.8 per cent in ‘time to buy a household item’ supported the index, with aggregate financial and economic...",
          "links": [
               "https://media.anz.com/posts/2020/10/consumer-confidence-lifts-for-seventh-week"
          ],
          "image": "https://media.anz.com/content/dam/irm/images/Mobile%20Card%20Payment.jpg",
          "content": "\n    \n            Consumer confidence gained 0.4 per cent last week, its seventh-straight weekly gain. A strong rise of 5.8 per cent in ‘time to buy a household item’ supported the index, with aggregate financial and economic conditions easing last week.\nAggregate financial conditions eased as the 0.8 per cent gain in ‘current financial conditions’ was not enough to offset the 2.1 per cent drop in ‘future financial conditions’. This drop came after five straight gains.\nSimilar to the direction of the financial conditions components, ‘current economic conditions’ gained 0.4 per cent while ‘future economic conditions’ declined 1.7 per cent.\nThe four-week moving average of ‘Inflation expectations’ remained stable at 3.5 per cent.\n    \n    \n\n    \n            \"Building on the momentum from the Budget, confidence gained for the seventh week in a row,\" ANZ Head of Australian Economics, David Plank said.\n\"Barring Tasmania, New South Wales and Victoria all the states are above the neutral level of 100. Among the major cities, Melbourne weakened while confidence in Brisbane and Sydney surged.\" \n\"Further easing of COVID-19 induced restrictions should support the index over this week as it seeks to move back to its pre-pandemic level.\"\nDownload PDF\n    \n\t\t\t\t\t\t",
          "author": "Phoebe O’Sullivan@/content/mediacentre/en/authors/phoebe-o_sullivan",
          "favicon": "https://media.anz.com/etc/designs/mediacentre/favicon.ico",
          "source": "media.anz.com",
          "published": "",
          "ttr": 38
     }
}