{
     "Date": "8/07/2021",
     "Open": "1.99",
     "High": "2.02",
     "Low": "1.98",
     "Close": "1.98",
     "Adj Close": "1.799348",
     "Volume": "103871",
     "headLine": "ANZ commits $250k to rural and regional communities through Seeds of Renewal",
     "link": "https://media.anz.com/posts/2021/july/anz-commits--250-000-to-help-rural-and-regional-communities-thro",
     "article": {
          "url": "https://media.anz.com/posts/2021/july/anz-commits--250-000-to-help-rural-and-regional-communities-thro",
          "title": "ANZ commits $250k to rural and regional communities through Seeds of Renewal ",
          "description": "Applications are now open for ANZ’s Seeds of Renewal program, with grants of up to $15,000 available for not-for-profit organisations in remote, rural and regional areas to support the ongoing prosperity of regional Australia.",
          "links": [
               "https://media.anz.com/posts/2021/july/anz-commits--250-000-to-help-rural-and-regional-communities-thro"
          ],
          "image": "https://media.anz.com/content/dam/mediacentre/images/mediareleases/2021/June/markus-spiske-4PG6wLlVag4-unsplash.jpg",
          "content": "\n            Established in 2003 and administered by the Foundation for Rural &amp; Regional Renewal (FRRR), the program has provided more than $5 million to more than 800 community groups to support local projects and help build vibrant and sustainable rural and regional communities.\nIn 2021, the ANZ Seeds of Renewal program is offering a share of $250,000 to community organisations in remote, rural or regional locations for projects that improve:\n\nEnvironmental sustainability: initiatives that restore and conserve the natural environment or which contribute to lower carbon emissions, water stewardship and waste minimisation\nFinancial wellbeing: particularly for under-represented and disadvantaged people in the community, including initiatives that improve economic participation. For example, building financial literacy and vocational skills and providing access to meaningful work\nHousing access: initiatives and programs that support those experiencing or at risk of homelessness or that provide supports for people living with disability\n\nANZ General Manager Business Banking Jenefer Stewart said: “The ANZ Seeds of Renewal program has been providing grants to regional and rural Australia for nearly 20 years. Each year I look forward to seeing the difference the grants are able to make in these communities, many of which find it difficult to access the resources they need to grow, develop and prosper,\" Ms Stewart said.\nLast year, ANZ and FRRR provided grants to 26 community groups for projects including regenerating bushfire affected land in Kangaroo Island, crisis accommodation for at risk indigenous communities in Gunnedah and supporting the economic empowerment of refugees placed in Bendigo. These were some of the projects that shared in $250,000 cash, and a further $18,000 in IT equipment provided by ANZ’s technology partner Lenovo.\nFRRR CEO Natalie Egleton said: “With the cumulative impacts of drought, fires, floods and COVID-19, raising funds locally is extremely challenging in smaller communities, so access to grants is more important than ever. We encourage community groups to consider the funding opportunity that Seeds of Renewal can provide to address local issues such as improving the facilities that are available locally. This aligns with the Housing access theme that seeks to enable people to live well in place, particularly people with a disability,” Ms Egleton said.\nApplications open on 8 July and close 5pm AEST, 11 August 2021.\nFor more information about ANZ Seeds of Renewal, or to apply for a grant visit FRRR's website.\nView PDF\n    ",
          "author": "Karly Dwyer@/content/mediacentre/en/authors/karly-dwyer",
          "favicon": "https://media.anz.com/etc/designs/mediacentre/favicon.ico",
          "source": "media.anz.com",
          "published": "",
          "ttr": 79
     }
}