{
     "Date": "22/02/2019",
     "Open": "1.02",
     "High": "1.02",
     "Low": "1.01",
     "Close": "1.01",
     "Adj Close": "0.821912",
     "Volume": "64326",
     "headLine": "ANZ provides additional relief package for flood-affected farmers in Queensland",
     "link": "https://media.anz.com/posts/2019/02/anz-provides-additional-relief-package-for-flood-affected-farmer",
     "article": {
          "url": "https://media.anz.com/posts/2019/02/anz-provides-additional-relief-package-for-flood-affected-farmer",
          "title": "ANZ provides additional relief package for flood-affected farmers in Queensland ",
          "description": "ANZ today announced an additional relief package for customers across northern parts of Queensland whose family farms have been affected by devastating floods.",
          "links": [
               "https://media.anz.com/posts/2019/02/anz-provides-additional-relief-package-for-flood-affected-farmer"
          ],
          "image": "https://media.anz.com/content/dam/mediacentre/images/mediareleases/2018/March/ANZ%20logo%20outdoors.jpg",
          "content": "\n            ANZ will assess the circumstance of each farmer and work with them on a case-by-case basis to provide both immediate assistance and help towards long-term recovery. The type of assistance will depend on factors such as the extent of herd loss and the infrastructure rebuild required.\nCommenting on the additional relief measures, ANZ Acting Group Executive Australia, Mark Hand said: “Farmers across northern Queensland have just been hit by devastating floods after enduring years of tough drought conditions, so they need help now more than ever.\n“We appreciate the seriousness of the situation many flood-affected farmers now face and we will take all practical steps to assist them,’’ Mr Hand said.\nThe actions announced today are targeted at flood-affected family farms and include:\n\nANZ will not take possession of a flood affected family farm without permission of the property owner for a period of three years\n\n\nWhere possible, and taking into account the customer’s interests and ANZ lending obligations, conversion of lending to interest only for a period of up to three years\n\n\nAgain where possible, discounted lending for approved loan requests for the purpose of rebuilding, including herd replacement and associated infrastructure costs, to a maximum term of three years. This will extend ANZ’s existing $130 million commitment of discounted loans for previously drought-affected areas to $200 million. This funding would be available for purposes such as restocking or replacing farm infrastructure\n\nThe additional measures come after ANZ announced an initial relief package earlier this month and followed up with a $100,000 donation.\nDownload PDF\n    ",
          "author": "Nick Higginbottom@/content/mediacentre/en/authors/nick-higginbottom",
          "favicon": "https://media.anz.com/etc/designs/mediacentre/favicon.ico",
          "source": "media.anz.com",
          "published": "",
          "ttr": 52
     }
}