{
     "Date": "1/08/2019",
     "Open": "1.18",
     "High": "1.19",
     "Low": "1.18",
     "Close": "1.18",
     "Adj Close": "0.989798",
     "Volume": "2170660",
     "headLine": "ANZ Job ads: flat end to the year",
     "link": "https://media.anz.com/posts/2019/01/job-ads--flat-end-to-the-year",
     "article": {
          "url": "https://media.anz.com/posts/2019/01/job-ads--flat-end-to-the-year",
          "title": "ANZ Job ads: flat end to the year",
          "description": "ANZ’s Head of Australian Economics, David Plank, commented: “ANZ Australian Job Ads showed very little in the way of direction for most of 2018. The flat result for December underlines this pattern. This...",
          "links": [
               "https://media.anz.com/posts/2019/01/job-ads--flat-end-to-the-year"
          ],
          "image": "https://media.anz.com/content/dam/mediacentre/images/jobads/job%20ads.jpg",
          "content": "\n            ANZ’s Head of Australian Economics, David Plank, commented:\n“ANZ Australian Job Ads showed very little in the way of direction for most of 2018. The flat result for December underlines this pattern. This means that from double digit growth in 2017, the annual growth of job ads progressively slipped through the year. Unless job ads jump by 1.3% or more in January, the annual rate of change in job ads will slip into negative territory for the first time since March-April 2014. This need not point to a drop in employment, however. The level of job ads is sufficiently high for ongoing employment growth even if they remain flat (Figure 4 below).\nBut job ads have been underestimating employment growth and overestimating unemployment for some time (Figures 4 and 1). If we combine it with other indicators things look more positive, with ANZ’s Labour Market Indicator still pointing to a lower unemployment rate (Figure 3). We would be more confident in this outlook if job ads ended its downtrend.”\nDownload the PDF\n    \n    \n                Job Advertisements\n        \n        \n                Economic reports\n        \n    \n\n    For media enquiries contact\n        \n        +61 2 8037 0029\n        Shaurya Mishra\n        +91 80 6795 3801\n        Francesca Rizzo\n        +61 481-014224\n        \n",
          "author": "David Plank@/content/mediacentre/en/authors/david-plank,Shaurya Mishra@/content/mediacentre/en/authors/shaurya-mishra,Francesca Rizzo@/content/mediacentre/en/authors/Francesca-Rizzo",
          "favicon": "https://media.anz.com/etc/designs/mediacentre/favicon.ico",
          "source": "media.anz.com",
          "published": "",
          "ttr": 39
     }
}