{
     "Date": "18/12/2018",
     "Open": "1.01",
     "High": "1.02",
     "Low": "0.98",
     "Close": "0.98",
     "Adj Close": "0.797499",
     "Volume": "155794",
     "headLine": "Fair and responsible banking highlighted in ANZâ€™s 2018 Sustainability Review",
     "link": "https://media.anz.com/posts/2018/12/fair-and-responsible-banking-highlighted-in-anzs-2018-sustainabi",
     "article": {
          "url": "https://media.anz.com/posts/2018/12/fair-and-responsible-banking-highlighted-in-anzs-2018-sustainabi",
          "title": "Fair and responsible banking highlighted in ANZ’s 2018 Sustainability Review",
          "description": "ANZ today released its 2018 Sustainability Review highlighting actions to improve customer outcomes and help restore community trust.",
          "links": [
               "https://media.anz.com/posts/2018/12/fair-and-responsible-banking-highlighted-in-anzs-2018-sustainabi"
          ],
          "image": "https://media.anz.com/content/dam/mediacentre/images/mediareleases/2018/December/Sustainability%20review%203.jpg",
          "content": "\n            ANZ Chief Executive Officer Shayne Elliott said: “Communicating transparently and openly is critical to rebuilding community trust.\n“The Royal Commission has highlighted failures by ANZ and our industry and has helped us reflect on the type of organisation we want to be. We are focused on simplifying our business, keeping our promises and learning from our failures,” Mr Elliott said.\nFair and responsible banking is at the core of ANZ’s Sustainability Framework and the bank has released public commitments that reflect this. In the coming year, ANZ will implement new Dispute Resolution Principles and improve its remediation processes.  It will communicate with 700,000 customers, providing information about how to get more out of ANZ’s products and services, for example, moving to a lower interest rate credit card.\nMany of the Fair and responsible banking initiatives outlined in the Sustainability Review are already underway. For example:\n\nremuneration changes to incentivise good customer outcomes;\nimproved support for potentially vulnerable customers, such as those with lower incomes or low levels of money management capabilities and confidence;\nthe introduction of new restrictions on the use of credit cards for gambling; and\nthe establishment of a Responsible Banking group, with specialist teams dedicated to customer remediation, product suitability and responsible lending.\n\nThe Sustainability Review also sets out how ANZ is managing a range of other social and environmental risks and opportunities, including those associated with the three priority areas of its Sustainability Framework – Financial Wellbeing, Environmental Sustainability and Housing.\nTo view a copy of the report visit anz.com/annualreport\nView PDF\n    ",
          "author": "Nick Higginbottom@/content/mediacentre/en/authors/nick-higginbottom",
          "favicon": "https://media.anz.com/etc/designs/mediacentre/favicon.ico",
          "source": "media.anz.com",
          "published": "",
          "ttr": 52
     }
}