{
     "Date": "15/04/2019",
     "Open": "1.02",
     "High": "1.02",
     "Low": "1",
     "Close": "1",
     "Adj Close": "0.838811",
     "Volume": "162325",
     "headLine": "ANZ unveils dispute resolution principles",
     "link": "https://media.anz.com/posts/2019/04/anz-unveils-dispute-resolution-principles-to-ensure-fair-and-rea",
     "article": {
          "url": "https://media.anz.com/posts/2019/04/anz-unveils-dispute-resolution-principles-to-ensure-fair-and-rea",
          "title": "ANZ unveils dispute resolution principles",
          "description": "ANZ today announced it had created a set of dispute resolution principles to ensure customer complaints and legal matters are handled fairly and in line with community expectations.",
          "links": [
               "https://media.anz.com/posts/2019/04/anz-unveils-dispute-resolution-principles-to-ensure-fair-and-rea"
          ],
          "image": "https://media.anz.com/content/dam/mediacentre/images/mediareleases/2018/May/Lex.jpg",
          "content": "\n            The new principles provide a template for ANZ’s staff members and external lawyers involved in any disputes, complaints or legal matters with individual retail and small business customers to act fairly and as model litigants.\nANZ Deputy Chief Executive Officer Alexis George said: “When we are attempting to resolve customer disputes, we want to act in the spirit of the law not just the letter of the law, which means considering community expectations.\n“Today we are making a public commitment on how we want to conduct ourselves during disputes and, importantly, we have shared these principles with our external legal partners so they know how we want to be represented.\n“Our Customer Fairness Advisor, Colin Neave put a lot of work into creating these principles, including valuable input from customer groups, so we are confident they will work well for us and our customers.”\nANZ’s principles have been written in plain English to make them easily accessible and understandable to all parties involved in a relevant dispute resolution process. They will continue to evolve with experience and input from interested parties such as community groups.\nThese principles represent a small, but important part of ANZ’s response to the Royal Commission into Misconduct in the Banking, Superannuation and Financial Services Industry. ANZ will provide a further update on its response to the Royal Commission at its Interim Result on 1 May.\nDownload PDF\nDownload principles\n    ",
          "author": "Nick Higginbottom@/content/mediacentre/en/authors/nick-higginbottom",
          "favicon": "https://media.anz.com/etc/designs/mediacentre/favicon.ico",
          "source": "media.anz.com",
          "published": "",
          "ttr": 47
     }
}