{
     "Date": "10/02/2019",
     "Open": "",
     "High": "",
     "Low": "",
     "Close": "",
     "Adj Close": "",
     "Volume": "",
     "headLine": "ANZ decreases variable home loan rates",
     "link": "https://media.anz.com/posts/2019/10/anz-decreases-variable-interest-rates",
     "article": {
          "url": "https://media.anz.com/posts/2019/10/anz-decreases-variable-interest-rates",
          "title": "ANZ decreases variable home loan rates",
          "description": "For Standard Variable Rate Owner Occupiers paying Principal &amp; Interest the Index Rate will reduce by 0.14%pa to 4.79%pa For Standard Variable Rate Investors paying Interest Only the Index Rate will reduce...",
          "links": [
               "https://media.anz.com/posts/2019/10/anz-decreases-variable-interest-rates"
          ],
          "image": "https://media.anz.com/content/dam/mediacentre/pdfs/mediareleases/2019/June/Housing%20Report%20cover%20image.JPG",
          "content": "\n            \nFor Standard Variable Rate Owner Occupiers paying Principal &amp; Interest the Index Rate will reduce by 0.14%pa to 4.79%pa\nFor Standard Variable Rate Investors paying Interest Only the Index Rate will reduce by 0.25%pa to 5.74%pa\nReduced 2 &amp; 3 year fixed rates for Owner Occupiers paying Principal &amp; Interest to 2.98%pa (with ANZ Breakfree Package)\nReduced 2 &amp; 3 year fixed rates for Investors paying Interest Only to 3.49%pa (with ANZ Breakfree Package)\nVariable rate reductions effective 11 October 2019; Fixed rates effective 3 October 2019\n\nANZ Group Executive Australia Retail &amp; Commercial, Mark Hand said: “This was a considered decision balancing the needs of our customers in a low rate environment as well as the performance of our business and our role in stimulating the economy.\n“We were able to match the full rate reduction in July and the majority in June, however the dynamics of record low interest rates has resulted in a reduction in variable home lending rates of between 0.14%pa and 0.25%pa this time around.\n“While we recognise many customers will use this as an opportunity to pay down their existing home loans faster, we hope this provides the economic stimulus the Reserve Bank is wanting to generate.\n“We have also announced a new fixed rate of 2.98%pa for home owners paying principal and interest with either two or three year terms available from tomorrow. This is the lowest residential rate on record for ANZ,” Mr Hand said.\nChanges to variable rates are effective 11 October 2019. Customers with questions should visit any ANZ branch, log into anz.com or call 13 13 14 to discuss.\nDownload PDF\n    \n    For media enquiries contact\n        \n        +61 409 655 551\n        Nick Higginbottom\n        +61 403 936 262\n        \n",
          "author": "Stephen Ries@/content/mediacentre/en/authors/stephen-ries,Nick Higginbottom@/content/mediacentre/en/authors/nick-higginbottom",
          "favicon": "https://media.anz.com/etc/designs/mediacentre/favicon.ico",
          "source": "media.anz.com",
          "published": "",
          "ttr": 58
     }
}