{
     "Date": "18/08/2020",
     "Open": "1.58",
     "High": "1.65",
     "Low": "1.58",
     "Close": "1.62",
     "Adj Close": "1.422979",
     "Volume": "328254",
     "headLine": "Consumer confidence breaks losing streak",
     "link": "https://media.anz.com/posts/2020/08/consumer-confidence-breaks-losing-streak",
     "article": {
          "url": "https://media.anz.com/posts/2020/08/consumer-confidence-breaks-losing-streak",
          "title": "Consumer confidence breaks losing streak",
          "description": "Consumer confidence gained 2.4 per cent last week, the increase coming after seven straight weeks of decline. All the subindices gained with the exception of ‘current finances’. ‘Current finances’ went...",
          "links": [
               "https://media.anz.com/posts/2020/08/consumer-confidence-breaks-losing-streak"
          ],
          "image": "https://media.anz.com/content/dam/mediacentre/images/consumerconfidence/2018/August/Consumer%20Confidence%20Atm.JPG",
          "content": "\n    \n            Consumer confidence gained 2.4 per cent last week, the increase coming after seven straight weeks of decline. All the subindices gained with the exception of ‘current finances’.\n‘Current finances’ went against the overall trend with a fall of 1.9 per cent, though this came after a gain of 2.7 per cenmt last week, while ‘future finances’ gained 4.2 per cent.\n‘Current economic conditions’ increased by a massive 10.6 per cent, after a cumulative fall of 30 per cent over the prior eight weeks, while ‘future economic conditions’ rose 1.6 per cent.\n‘Time to buy a household item’ gained 1 per cent compared to a fall of 8.6 per cent in the previous reading. ‘Inflation expectations’ was stable at 3.3 per cent (four-week moving average).\n    \n    \n\n    \n            \"Confidence strengthened last week as the rate of growth in COVID-19 cases declined in Melbourne and Sydney,\" ANZ Head of Australian Economics, David Plank said.\n\"The positive July labour market data, which was better than market expectations, may have contributed to the lift in sentiment.\" \n\"The confidence of Melbourne consumers lifted the most, but is still the lowest of the major capital cities. The move higher follows seven straight weeks of falls, so a tick up was due.\" \n\"With confidence remaining at a level that is well below average we aren’t getting too carried away by the positive result. Consumers are still very cautious about the outlook.\"\nDOWNLOAD PDF\n    \n\t\t\t\t\t\t",
          "author": "Phoebe O’Sullivan@/content/mediacentre/en/authors/phoebe-o_sullivan",
          "favicon": "https://media.anz.com/etc/designs/mediacentre/favicon.ico",
          "source": "media.anz.com",
          "published": "",
          "ttr": 47
     }
}