{
     "Date": "15/01/2019",
     "Open": "0.98",
     "High": "0.99",
     "Low": "0.98",
     "Close": "0.98",
     "Adj Close": "0.797499",
     "Volume": "59995",
     "headLine": "Further update on sale of Wealth businesses",
     "link": "https://media.anz.com/posts/2019/01/further-update-on-sale-of-wealth-businesses",
     "article": {
          "url": "https://media.anz.com/posts/2019/01/further-update-on-sale-of-wealth-businesses",
          "title": "Further update on sale of Wealth businesses",
          "description": "ANZ today announced it has agreed an amendment to its contracts with IOOF for the sale of its Pensions & Investments (P&I) business that will allow for the legal separation of its P&I business. The amendment also allows more time for the P&I Independent Trustee to separately consider the transfer of the business.",
          "links": [
               "https://media.anz.com/posts/2019/01/further-update-on-sale-of-wealth-businesses"
          ],
          "image": "https://media.anz.com/content/dam/mediacentre/images/mediareleases/2018/March/ANZ%20logo%20outdoors.jpg",
          "content": "\n            ANZ announced the sale of its OnePath P&amp;I business to IOOF in October 2017.\nFollowing regulatory action in relation to IOOF by the Australian Prudential Regulation Authority (APRA) in December 2018, ANZ noted to the Australian Securities Exchange (ASX) it would seek additional information from both APRA and IOOF.\nANZ Deputy CEO Alexis George said: “The contract amendment allows us to continue the work to separate our wealth businesses, while also allowing the P&amp;I Independent Trustee appropriate time to consider its consent to that acquisition.”\nAs announced to the ASX on 7 December 2018, the sale of OnePath Life (OPL) to Zurich Financial Services Australia can happen independently of the transaction with IOOF. Completion of the sale of OPL is expected in the first half of calendar year 2019.\nCompletion of the sale of the P&amp;I business is subject to the P&amp;I Independent Trustee and ANZ providing consent to transfer the business to IOOF.\nDownload PDF\n    ",
          "author": "Nick Higginbottom@/content/mediacentre/en/authors/nick-higginbottom",
          "favicon": "https://media.anz.com/etc/designs/mediacentre/favicon.ico",
          "source": "media.anz.com",
          "published": "",
          "ttr": 32
     }
}