{
     "Date": "18/06/2019",
     "Open": "1.08",
     "High": "1.09",
     "Low": "1.08",
     "Close": "1.09",
     "Adj Close": "0.914304",
     "Volume": "193259",
     "headLine": "Consumer confidence goes sideways",
     "link": "https://media.anz.com/posts/2019/06/consumer-confidence-goes-sideways",
     "article": {
          "url": "https://media.anz.com/posts/2019/06/consumer-confidence-goes-sideways",
          "title": "Consumer confidence goes sideways",
          "description": "Confidence was down just a notch last week, falling 0.3 per cent. The financial conditions sub-indices were positive. Current financial conditions rose 3.9 per cent, while future financial conditions gained...",
          "links": [
               "https://media.anz.com/posts/2019/06/consumer-confidence-goes-sideways"
          ],
          "image": "https://media.anz.com/content/dam/mediacentre/images/consumerconfidence/consumer%20confidence.jpg",
          "content": "\n    \n            Confidence was down just a notch last week, falling 0.3 per cent.\nThe financial conditions sub-indices were positive. Current financial conditions rose 3.9 per cent, while future financial conditions gained 0.2 per cent. The rise has bought both indices back above their long-term averages.\nCurrent and future economic conditions were down 2.3 per cent and 1.9 per cent respectively.\n‘Time to buy a major household item’ was also down, falling 1.2 per cent. The four-week moving average for inflation expectations was stable at 3.8 per cent.\n    \n    \n\n    \n            \"Confidence was down slightly last week but remains above average,\"  ANZ Head of Australian Economics, David Plank said.\n\"Last week’s economic news was mixed. The employment report showed strong growth in jobs for May, but the unemployment rate remained unchanged.\"\n\"Business conditions were soft, though business confidence rose. All in all, there was not a lot to drive consumer sentiment.\"\n\"The weekly reading of inflation expectations recovered to 4.0 per cent after falling to a low of 3.6 per cent, which should provide some relief for the RBA.\"\nDOWNLOAD PDF\n    \n\t\t\t\t\t\t",
          "author": "Phoebe O’Sullivan@/content/mediacentre/en/authors/phoebe-o_sullivan",
          "favicon": "https://media.anz.com/etc/designs/mediacentre/favicon.ico",
          "source": "media.anz.com",
          "published": "",
          "ttr": 36
     }
}