{
     "Date": "10/01/2019",
     "Open": "0.99",
     "High": "1.01",
     "Low": "0.99",
     "Close": "1",
     "Adj Close": "0.813775",
     "Volume": "274801",
     "headLine": "Consumer confidence recovers partially",
     "link": "https://media.anz.com/posts/2019/10/consumer-confidence-recovers-partially",
     "article": {
          "url": "https://media.anz.com/posts/2019/10/consumer-confidence-recovers-partially",
          "title": "Consumer confidence recovers partially",
          "description": "\"Confidence eked a small gain on the back of a strong rebound in the ‘Time to buy' a household item’ subindex. Outside of this, the results were mixed, perhaps reflecting the news flow over the week,\" ANZ...",
          "links": [
               "https://media.anz.com/posts/2019/10/consumer-confidence-recovers-partially"
          ],
          "image": "https://media.anz.com/content/dam/celebratewomeninit/GettyImages-470975462.jpg",
          "content": "\n            \"Confidence eked a small gain on the back of a strong rebound in the ‘Time to buy' a household item’ subindex. Outside of this, the results were mixed, perhaps reflecting the news flow over the week,\" ANZ Head of Australian Economics, David Plank, said.\n\"On the positive side, Australia’s unemployment rate moved lower on the back of a decent employment report. But the IMF’s downgrade to Australia’s economic outlook attracted a lot of attention, as did the slowdown in China’s data.\"\n\"Of particular note, current finances dropped 2.4 per cent – the second big fall in the past three weeks. This measure is still well above average, but is now down close to 10 per cent from its August high.\"\n\"If consumers lose confidence in their own finances when they are also worried about the broader economic outlook then there may be a material impact on spending.\"\nDOWNLOAD PDF\n    ",
          "author": "Phoebe O’Sullivan@/content/mediacentre/en/authors/phoebe-o_sullivan",
          "favicon": "https://media.anz.com/etc/designs/mediacentre/favicon.ico",
          "source": "media.anz.com",
          "published": "",
          "ttr": 30
     }
}