{
     "Date": "6/05/2018",
     "Open": "",
     "High": "",
     "Low": "",
     "Close": "",
     "Adj Close": "",
     "Volume": "",
     "headLine": "Consumer confidence loses some sheen",
     "link": "https://media.anz.com/posts/2018/06/consumer-confidence-loses-some-sheen",
     "article": {
          "url": "https://media.anz.com/posts/2018/06/consumer-confidence-loses-some-sheen",
          "title": "Consumer confidence loses some sheen",
          "description": "ANZ-Roy Morgan Australian Consumer Confidence slipped 1.0% last week to 116.5, following a 3.2% decline in the previous week. The details were subdued, with three out of five subindices posting declines.",
          "links": [
               "https://media.anz.com/posts/2018/06/consumer-confidence-loses-some-sheen"
          ],
          "image": "https://media.anz.com/content/dam/mediacentre/images/consumerconfidence/2018/April/Consumer%20confidence.jpg",
          "content": "\nANZ’S HEAD OF AUSTRALIAN ECONOMICS, DAVID PLANK, COMMENTED\n“Confidence was down again last week due to increased pessimism around Australian economic conditions and households’ current finances. The former may stem from renewed fears of a trade war as the US ended exemptions for the EU, Canada and Mexico on steel and aluminium tariffs. Meanwhile, the latter is likely weighed down by high petrol prices and concerns about falling capital city house prices.\nOne bright spot was a rise in views towards future finances, perhaps impacted by the Fair Work Commission’s announcement of a 3.5% (vs 3.3% last year) minimum wage hike.\nThough confidence has deteriorated recently, views towards both financial and economic conditions remain above their long-term averages. Looking forward, the GDP release later this week is likely to influence confidence in the near term though global political concerns could also play a role.”\nPlease see the attached document for further details.\n    \n    \n                Insights\n        \n        \n                ANZ-Roy Morgan Consumer Confidence\n        \n    \n\n    For media enquiries contact\n        \n        +61 2 8037 0029\n        Mustafa Arif\n        +91 80 6795 3801\n        \n",
          "author": "David Plank@/content/mediacentre/en/authors/david-plank,Mustafa Arif@/content/mediacentre/en/authors/mustafa-arif",
          "favicon": "https://media.anz.com/etc/designs/mediacentre/favicon.ico",
          "source": "media.anz.com",
          "published": "",
          "ttr": 35
     }
}