{
     "Date": "4/09/2019",
     "Open": "1.27",
     "High": "1.27",
     "Low": "1.26",
     "Close": "1.27",
     "Adj Close": "1.090388",
     "Volume": "118124",
     "headLine": "Confidence falls following the Budget",
     "link": "https://media.anz.com/posts/2019/04/confidence-falls-following-the-budget",
     "article": {
          "url": "https://media.anz.com/posts/2019/04/confidence-falls-following-the-budget",
          "title": "Confidence falls following the Budget",
          "description": "• ANZ-Roy Morgan Australian Consumer Confidence was down last week, falling 1.3%, despite the tax cuts set out in the Budget. Consumer confidence is just above its long-run average. • Current finances were...",
          "links": [
               "https://media.anz.com/posts/2019/04/confidence-falls-following-the-budget"
          ],
          "image": "https://media.anz.com/content/dam/bluenotes/images/articles/2016/October/williamsjapan_thumb.jpg",
          "content": "\n            • ANZ-Roy Morgan Australian Consumer Confidence was down last week, falling 1.3%, despite the tax cuts set out in the Budget. Consumer confidence is just above its long-run average.\n• Current finances were down 1.7%, while future finances gained by the same amount, thus having a neutral effect on the combined index.\n• Current economic conditions rose by 0.7%, building on the big jump of 8.1% in the previous reading. Future economic conditions were up by a modest 0.8%, though this was the fourth straight weekly gain.\n• The ‘time to buy a household item’ fell by 7.4%. Four-week moving average inflation expectations were stable at 4.0%. The weekly reading rose to 4.3%, more than reversing the prior week’s large decline.\n    ",
          "author": "Phoebe O’Sullivan@/content/mediacentre/en/authors/phoebe-o_sullivan",
          "favicon": "https://media.anz.com/etc/designs/mediacentre/favicon.ico",
          "source": "media.anz.com",
          "published": "",
          "ttr": 25
     }
}