{
     "Date": "12/10/2021",
     "Open": "1.72",
     "High": "1.72",
     "Low": "1.7",
     "Close": "1.7",
     "Adj Close": "1.570602",
     "Volume": "23754",
     "headLine": "ANZ welcomes NSW Government's SME summer stock guarantee",
     "link": "https://media.anz.com/posts/2021/october/anz-welcomes-nsw-government-s-sme-summer-stock-guarantee-",
     "article": {
          "url": "https://media.anz.com/posts/2021/october/anz-welcomes-nsw-government-s-sme-summer-stock-guarantee-",
          "title": "ANZ welcomes NSW Government's SME summer stock guarantee ",
          "description": "ANZ today welcomed the New South Wales Government’s decision to support small and medium sized businesses so they can confidently invest in stock in the lead up to summer with COVID-19 restrictions easing. ",
          "links": [
               "https://media.anz.com/posts/2021/october/anz-welcomes-nsw-government-s-sme-summer-stock-guarantee-"
          ],
          "image": "https://media.anz.com/content/dam/mediacentre/images/mediareleases/2021/October/Business_thumb.jpg",
          "content": "\n            The NSW Government’s SME summer stock guarantee scheme enables SMEs with up to $50 million in turnover to access grants of up to $20,000 should restrictions change and they are unable to trade, leading to perishable and non-perishable goods going to waste.\nANZ Group Executive, Australia Retail &amp; Commercial, Mark Hand said: “The NSW Government’s support for businesses to invest in stock will provide them with confidence as they prepare for a busy festive season and summer holiday period.\n“The policy comes at a crucial time as businesses plan for the Christmas and New Year period, which provides up to 50 per cent of annual turnover for some small business in the retail and hospitality sectors.\n“Small and medium sized businesses are key drivers of the Australian economy and we look forward to working with our customers, in light of this policy, to help them plan for the future with certainty.”\nANZ provides support for its small and medium sized business customers impacted by COVID-19 through a range of financial relief and hardship measures. In addition, we are supporting small businesses with specific initiatives, including:\n\nExtending 30-year small business loan terms to borrowings of up to $3 million; and,\n\n\nLaunched ‘GoBiz’, our online unsecured lending portal that can provide funding in as little as two business days.\n\nThis commitment from the NSW Government comes after the Federal Government recently announced it had expanded its Small and Medium Enterprise loan guarantee scheme, enabling more businesses access to loans at reduced rates.\nDownload PDF\n    ",
          "author": "Lucille Keen@/content/mediacentre/en/authors/lucille-keen",
          "favicon": "https://media.anz.com/etc/designs/mediacentre/favicon.ico",
          "source": "media.anz.com",
          "published": "",
          "ttr": 51
     }
}