{
     "Date": "4/08/2019",
     "Open": "",
     "High": "",
     "Low": "",
     "Close": "",
     "Adj Close": "",
     "Volume": "",
     "headLine": "ANZ job ads: No signs of recovery",
     "link": "https://media.anz.com/posts/2019/04/anz-job-ads--no-signs-of-recovery",
     "article": {
          "url": "https://media.anz.com/posts/2019/04/anz-job-ads--no-signs-of-recovery",
          "title": "ANZ job ads: No signs of recovery",
          "description": "· ANZ Australian Job Advertisements fell by a further 1.7% m/m in March, to be down 6% Y/Y. · In trend terms, job ads were flat for the month and on a Y/Y basis fell by...",
          "links": [
               "https://media.anz.com/posts/2019/04/anz-job-ads--no-signs-of-recovery"
          ],
          "image": "https://media.anz.com/content/dam/mediacentre/images/jobads/job%20ads.jpg",
          "content": "\n    \n            ·         ANZ Australian Job Advertisements fell by a further 1.7% m/m in March, to be down 6% Y/Y.\n·         In trend terms, job ads were flat for the month and on a Y/Y basis fell by 3.4%.\n    \n    \n\n    \n    \n            ANZ’s head of Australian Economics, David Plank, commented:\n“Job ads are not showing any signs of reversing the weakness seen for some time. The signal coming from ANZ Job Ads is in complete contrast to that coming from job vacancies, which continue to reach record highs. We think the divergence may reflect changes in the way firms search for employees, with more possibly directing job seekers to their own websites rather than advertising broadly for every position. If this is the case, then the divergence reflects a structural shift in ANZ Job Ads rather than signalling a weaker job market. Recent strength in business conditions and job vacancies suggest that the labour market will remain resilient despite weaker job ads.”\nDownload PDF\n    \n    \n    For media enquiries contact\n        \n        +61 2 8037 0029\n        Mustafa Arif\n        +91 80 6795 3801\n        \n\n\t\t\t\t\t\t\n\t\t\t\t\t\t",
          "author": "David Plank@/content/mediacentre/en/authors/david-plank,Mustafa Arif@/content/mediacentre/en/authors/mustafa-arif",
          "favicon": "https://media.anz.com/etc/designs/mediacentre/favicon.ico",
          "source": "media.anz.com",
          "published": "",
          "ttr": 35
     }
}