{
     "Date": "5/04/2020",
     "Open": "",
     "High": "",
     "Low": "",
     "Close": "",
     "Adj Close": "",
     "Volume": "",
     "headLine": "Job ads halve in April",
     "link": "https://media.anz.com/posts/2020/05/job-ads-halve-in-april",
     "article": {
          "url": "https://media.anz.com/posts/2020/05/job-ads-halve-in-april",
          "title": "Job ads halve in April",
          "description": "ANZ Senior Economist, Catherine Birch, commented: With non-essential services shut down throughout April, ANZ Job Ads tumbled by 53% during the month. This was almost five times the previous record monthly...",
          "links": [
               "https://media.anz.com/posts/2020/05/job-ads-halve-in-april"
          ],
          "image": "https://media.anz.com/content/dam/mediacentre/images/jobads/2020/May/Job%20ads%20april.jpg",
          "content": "\n            ANZ Senior Economist, Catherine Birch, commented:\nWith non-essential services shut down throughout April, ANZ Job Ads tumbled by 53% during the month. This was almost five times the previous record monthly fall of 11.3% in January 2009, which was during the GFC.\nJob ads fell progressively over the month, adding to the evidence that the downturn in activity is impacting businesses and the labour market at an unprecedented speed.\n\nNew ABS data show that total employee jobs fell 5.5% w/w and total employee wages paid fell 5.1% w/w in the week ending 4 April.\nAn ABS survey reported that 47% of trading businesses made changes to their workforce in the last two weeks of March as a result of COVID-19.\nDepartment of Social Services data show that the number of total jobseekers (recipients of Newstart/JobSeeker and Youth Allowance (other) has increased by more than 530,000 in the six weeks to 24 April.\nAlthough we think the JobKeeper payment will flatten the peak in the unemployment rate to 9.5% in Q2, there will still be substantial loss of employment, hours worked and household income over the coming months.\n\nDownload PDF\n    ",
          "author": "Phoebe O’Sullivan@/content/mediacentre/en/authors/phoebe-o_sullivan",
          "favicon": "https://media.anz.com/etc/designs/mediacentre/favicon.ico",
          "source": "media.anz.com",
          "published": "",
          "ttr": 38
     }
}