{
     "Date": "2/02/2021",
     "Open": "2.05",
     "High": "2.05",
     "Low": "2.02",
     "Close": "2.03",
     "Adj Close": "1.815534",
     "Volume": "155497",
     "headLine": "Consumer confidence consolidates",
     "link": "https://media.anz.com/posts/2021/february/consumer-confidence-consolidates",
     "article": {
          "url": "https://media.anz.com/posts/2021/february/consumer-confidence-consolidates",
          "title": "Consumer confidence consolidates",
          "description": "Consumer confidence continues to recover                Consumer confidence rose a modest 0.8 per cent last week, consolidating recent gains. The rise came on the back of an improved assessment of...",
          "links": [
               "https://media.anz.com/posts/2021/february/consumer-confidence-consolidates"
          ],
          "image": "https://media.anz.com/content/dam/mediacentre/images/consumerconfidence/2019/November/man%20shopping.jpg",
          "content": "\n    \n\t\n\t\tConsumer confidence continues to recover\n\t\n\n    \n            Consumer confidence rose a modest 0.8 per cent last week, consolidating recent gains. The rise came on the back of an improved assessment of ‘financial conditions’, while ‘economic conditions’ pulled back following its strong surge the week prior. Confidence is close to its long-run average.\n‘Current financial conditions’ gained 3.9 per cent, while ‘future financial conditions’ improved by 3.1 per cent. ‘Current economic conditions’ weakened 2.6 per cent and ‘future economic conditions’ declined 2.4 per cent.\n‘Time to buy a major household item’ increased 1.9 per cent. The four-week moving average for inflation expectations was steady at 3.7 per cent.\n    \n    \n\n    \n            \"The second week of gains in consumer confidence reflects the improved assessment of personal financial conditions, consistent with the improving labour market,\" ANZ Head of Australian Economics David Plank said.\n\"The pullback in ‘economic conditions’ is somewhat of a rebalancing following its sharp surge the previous week. The headline confidence level is close to its long-term average, for the first time since late 2019. This suggests momentum in the economy remains positive.\"\n\"Weekly inflation expectations rose 0.1 percentage points to 3.8 per cent and has now effectively reversed all of fall in expectations seen during the early months of the pandemic. News of the lockdown of Perth and southwest Western Australia came too late to impact the survey.\"\nDownload PDF\n    \n\t\t\t\t\t\t",
          "author": "Emma Mellow@/content/mediacentre/en/authors/emma-mellow",
          "favicon": "https://media.anz.com/etc/designs/mediacentre/favicon.ico",
          "source": "media.anz.com",
          "published": "",
          "ttr": 45
     }
}