{
     "Date": "2/04/2019",
     "Open": "1",
     "High": "1.01",
     "Low": "0.99",
     "Close": "1.01",
     "Adj Close": "0.8472",
     "Volume": "428756",
     "headLine": "ANZ comments on Royal Commission final report",
     "link": "https://media.anz.com/posts/2019/02/anz-comments-on-royal-commission-final-report",
     "article": {
          "url": "https://media.anz.com/posts/2019/02/anz-comments-on-royal-commission-final-report",
          "title": "ANZ comments on Royal Commission final report",
          "description": "ANZ Chief Executive Officer Shayne Elliott today commented on the release of the Royal Commission into Misconduct in the Banking, Superannuation and Financial Services Industry’s Final Report.",
          "links": [
               "https://media.anz.com/posts/2019/02/anz-comments-on-royal-commission-final-report"
          ],
          "image": "https://media.anz.com/content/dam/mediacentre/images/mediareleases/2018/March/ANZ%20logo.jpg",
          "content": "\n            Mr Elliott said: “This is a defining moment for both our company and industry. It has been a humbling experience for me, our leaders and all our people - we have learnt from this and accepted responsibility for our failings.\n“The final report and the insights arising from the Commission will change our industry for the better.  It provides a thoughtful path forward that will ultimately result in a better banking system for all Australians.\n“ANZ is committed to continuing the work and investment required to build a bank worthy of the trust and respect of our customers and the community as well as helping ensure these failures aren’t repeated.\n“I recognise the size and nature of our compliance and culture challenge. And I am determined we deal with it.\n“While we are urgently reviewing the report in detail, we do so acutely aware of the role we play in enhancing the prosperity of the Australian economy and will engage constructively with all stakeholders on any reforms arising from Commissioner Hayne’s recommendations,” Mr Elliott said.\nDownload PDF\n    \n    For media enquiries contact\n        \n        +61 409 655 551\n        Nick Higginbottom\n        +61 403 936 262\n        \n",
          "author": "Stephen Ries@/content/mediacentre/en/authors/stephen-ries,Nick Higginbottom@/content/mediacentre/en/authors/nick-higginbottom",
          "favicon": "https://media.anz.com/etc/designs/mediacentre/favicon.ico",
          "source": "media.anz.com",
          "published": "",
          "ttr": 39
     }
}