{
     "Date": "26/02/2018",
     "Open": "1.06",
     "High": "1.07",
     "Low": "1.06",
     "Close": "1.07",
     "Adj Close": "0.835285",
     "Volume": "98539",
     "headLine": "ANZ partners with Data Republic to speed up innovation",
     "link": "https://media.anz.com/posts/2018/02/anz-partners-with-data-republic-to-speed-up-innovation",
     "article": {
          "url": "https://media.anz.com/posts/2018/02/anz-partners-with-data-republic-to-speed-up-innovation",
          "title": "ANZ partners with Data Republic to speed up innovation",
          "description": "ANZ today announced a strategic investment and partnership with local start-up Data Republic to speed up innovation through secure data-sharing environments.",
          "links": [
               "https://media.anz.com/posts/2018/02/anz-partners-with-data-republic-to-speed-up-innovation"
          ],
          "image": "https://media.anz.com/content/dam/mediacentre/images/mediareleases/ANZ_logo.png",
          "content": "\n            The partnership will provide ANZ access to the Data Republic platform, which delivers a ‘data sharing control centre’ for organisations to store, categorise and share data while maintaining strict governance and auditing frameworks.\nANZ will be able to use the platform to share data with trusted third parties in a secure and well-governed environment.\nAnnouncing the partnership, ANZ Chief Data Officer Emma Gray said: “Using data analytics and insights to deliver better customer outcomes more often is an essential part of how we need to operate in the digital economy.\n“This partnership allows us to get more out of the data we already have, but in a safe and secure environment that provides the highest levels of governance.\n“Through the cloud-based platform we will now be able to access trusted experts and other partners to develop useful insights for our customers in hours rather than months,” Ms Gray said.\nData Republic CEO Paul McCarney said: “We are very excited to welcome ANZ as both a strategic investor and technology client. “ANZ clearly understand the importance of secured data sharing practices in today’s datadriven economy.\n“This partnership is about ANZ investing in the right technology to future-proof their data collaboration capabilities and will ultimately position ANZ to overcome many of the challenges and potential risks associated with open data, data sharing and the Federal Government’s recently announced Open Banking reforms.”\nANZ will start using the Data Republic platform from late March to develop greater customer insights and a series of operational improvements.\nView PDF\n    ",
          "author": "Nick Higginbottom@/content/mediacentre/en/authors/nick-higginbottom",
          "favicon": "https://media.anz.com/etc/designs/mediacentre/favicon.ico",
          "source": "media.anz.com",
          "published": "",
          "ttr": 51
     }
}