{
     "Date": "13/07/2021",
     "Open": "1.98",
     "High": "1.98",
     "Low": "1.96",
     "Close": "1.97",
     "Adj Close": "1.790261",
     "Volume": "105808",
     "headLine": "ANZ welcomes Federal and NSW support for business",
     "link": "https://media.anz.com/posts/2021/july/anz-welcomes-federal-and-nsw-support-for-business",
     "article": {
          "url": "https://media.anz.com/posts/2021/july/anz-welcomes-federal-and-nsw-support-for-business",
          "title": "ANZ welcomes Federal and NSW support for business",
          "description": "Under the Joint-Government support package, companies with an annual turnover of up to $50 million will be able to access a cash flow boost provided they maintain employees’ roles. Additional payments for...",
          "links": [
               "https://media.anz.com/posts/2021/july/anz-welcomes-federal-and-nsw-support-for-business"
          ],
          "image": "https://media.anz.com/content/dam/mediacentre/images/mediareleases/2021/Shayne%20Elliott_AH042.jpg",
          "content": "\n            Under the Joint-Government support package, companies with an annual turnover of up to $50 million will be able to access a cash flow boost provided they maintain employees’ roles. Additional payments for individuals impacted by the pandemic have also been made available.\nThe Federal Government also stated that the support package would be offered to any other state or territory that experiences an extended lockdown.\nANZ Chief Executive Officer Shayne Elliott said: “Today’s package from the Federal and New South Wales Governments will provide financial certainty for households and businesses impacted by the recent lockdowns in Greater Sydney.\n“We all know cash flow is the lifeblood of business and the support measures announced today will go a long way to alleviating the challenges that businesses will face over the coming period.\n“Since the start of the pandemic we have worked with the Federal and State Governments to help Australians through a number of financial challenges and we are ready to do so again. If any of our customers need support or are feeling uncertain I urge them to get in contact as quickly as possible,” Mr Elliott said.\nANZ offers a range of support measures and business customers who need assistance should contact ANZ to discuss their specific needs. More information, including contact details, can be found at anz.com/covid-19 \nDOWNLOAD PDF\n    ",
          "author": "Nick Higginbottom@/content/mediacentre/en/authors/nick-higginbottom",
          "favicon": "https://media.anz.com/etc/designs/mediacentre/favicon.ico",
          "source": "media.anz.com",
          "published": "",
          "ttr": 45
     }
}