{
     "Date": "30/05/2018",
     "Open": "1.12",
     "High": "1.12",
     "Low": "1.11",
     "Close": "1.12",
     "Adj Close": "0.89944",
     "Volume": "668449",
     "headLine": "ANZ New Zealand announces sale of OnePath Life NZ Ltd to Cigna Corporation",
     "link": "https://media.anz.com/posts/2018/05/anz-new-zealand-announces-sale-of-onepath-life-nz-ltd-to-cigna-c",
     "article": {
          "url": "https://media.anz.com/posts/2018/05/anz-new-zealand-announces-sale-of-onepath-life-nz-ltd-to-cigna-c",
          "title": "ANZ New Zealand announces sale of OnePath Life NZ Ltd to Cigna Corporation",
          "description": "ANZ Bank New Zealand Ltd today announced it has agreed to sell OnePath Life NZ Limited for NZ$700 million to Cigna Corporation, a specialist insurance business that has been providing insurance protection to...",
          "links": [
               "https://media.anz.com/posts/2018/05/anz-new-zealand-announces-sale-of-onepath-life-nz-ltd-to-cigna-c"
          ],
          "image": "https://media.anz.com/content/dam/mediacentre/images/mediareleases/2018/May/Cigna.jpg",
          "content": "\n            ANZ Bank New Zealand Ltd today announced it has agreed to sell OnePath Life NZ Limited for NZ$700 million to Cigna Corporation, a specialist insurance business that has been providing insurance protection to New Zealanders for 100 years.\n\nThe transaction represents a slight premium to embedded value and is expected to generate a gain on sale of around NZ$50 million, increasing ANZ Group’s Level 1 and Level 2 CET1 ratios by ~5 basis points and ~15 basis points respectively. ANZ New Zealand’s Investment Management business is not part of the sale.\nANZ New Zealand CEO David Hisco said the sale included a 20-year strategic alliance for Cigna to provide insurance solutions for ANZ bank customers and is consistent with ANZ’s strategy to simplify its business.\n“Under this agreement, ANZ will continue to provide life insurance to our customers but these insurance policies will now be manufactured and managed by a world-class insurance provider in Cigna,” he said.\n“This is consistent with how we provide motor vehicle, home, commercial and travel insurance using a range of specialist insurance partners,” Mr Hisco said.\nOnePath Life policyholders in New Zealand will continue to receive the cover they hold under the terms of their policies and it is intended all staff involved would be offered similar roles with Cigna or ANZ.\nCigna is a global health service company with 95 million customers around the world and more than 40,000 employees worldwide. In New Zealand it offers insurance products online and through direct marketing and also provides insurance products for partner companies. Cigna has been one of ANZ’s insurance partners for more than 20 years.\nCigna New Zealand CEO Gail Costa said the acquisition and strategic alliance diversified Cigna’s distribution capabilities: “Cigna provides simple, affordable insurance products to meet the needs of its customers. This acquisition will enable us to provide broader solutions and be more agile and responsive to a larger customer base.”\nThe sale remains subject to regulatory approval and is expected to complete in FY19.\nView PDF\n    \n    For media enquiries contact\n        \n        +61 409 655 551\n        Stefan Herrick\n        +64 21 748 492\n        \n",
          "author": "Stephen Ries@/content/mediacentre/en/authors/stephen-ries,Stefan Herrick@/content/mediacentre/en/authors/stefan-herrick",
          "favicon": "https://media.anz.com/etc/designs/mediacentre/favicon.ico",
          "source": "media.anz.com",
          "published": "",
          "ttr": 70
     }
}