{
     "Date": "27/03/2019",
     "Open": "0.99",
     "High": "1",
     "Low": "0.99",
     "Close": "1",
     "Adj Close": "0.838811",
     "Volume": "60818",
     "headLine": "ANZ provides relief package for customers impacted by cyclones Trevor and Veronica",
     "link": "https://media.anz.com/posts/2019/03/anz-provides-relief-package-for-customers-impacted-by-cyclones-t",
     "article": {
          "url": "https://media.anz.com/posts/2019/03/anz-provides-relief-package-for-customers-impacted-by-cyclones-t",
          "title": "ANZ provides relief package for customers impacted by cyclones Trevor and Veronica",
          "description": "ANZ today announced a financial assistance package for customers across northern Australia where intense cyclones have impacted homes and communities.",
          "links": [
               "https://media.anz.com/posts/2019/03/anz-provides-relief-package-for-customers-impacted-by-cyclones-t"
          ],
          "image": "https://media.anz.com/content/dam/mediacentre/images/mediareleases/2019/March/ANZ%20Generic_Logo00062.jpg",
          "content": "\n            ANZ encouraged customers affected by the cyclones to contact the bank so they could discuss their ability to access measures in the financial relief package, including:\n\nThe ability to suspend repayments on loans, including credit cards, for up to three months (which may include interest capitalisation)\nTemporary interest rate relief on lending for customers experiencing extreme financial distress in areas impacted by the cyclones\nWaiving of fees associated with restructuring business loans considered necessary due to cyclone impacts\nAccess to term deposits early without incurring any fees\nAssistance for affected customers with ANZ Home and Contents insurance as they may be eligible for measures such as emergency funds and temporary accommodation\n\nANZ General Manager Northern Queensland and Northern Territory, Tony Tapsall said: “We understand communities are still assessing the extent of the damage following the cyclones.\n“We hope this relief package will provide some peace of mind to our customers through this distressing period as they begin the difficult recovery process,” Mr Tapsall said.\nANZ’s customers affected by the cyclones are encouraged to visit their local branch if they are able to, or to contact their relationship manager to discuss the impact on their business or personal circumstances.\nCustomers can also contact ANZ’s dedicated financial hardship team on 1800 149 549 or anz.com/hardship.\nTo lodge an insurance claim, customers can call 13 16 14 or visit anz.com/insuranceclaims\nDOWNLOAD PDF\n    ",
          "author": "Nick Higginbottom@/content/mediacentre/en/authors/nick-higginbottom",
          "favicon": "https://media.anz.com/etc/designs/mediacentre/favicon.ico",
          "source": "media.anz.com",
          "published": "",
          "ttr": 46
     }
}