{
     "Date": "30/05/2018",
     "Open": "1.13",
     "High": "1.13",
     "Low": "1.12",
     "Close": "1.12",
     "Adj Close": "0.89944",
     "Volume": "529122",
     "headLine": "ANZ ranked No.1 Institutional Bank for Relationship Strength for 5th consecutive year",
     "link": "https://media.anz.com/posts/2018/05/anz-ranked-no-1-institutional-bank-for-relationship-strength-for",
     "article": {
          "url": "https://media.anz.com/posts/2018/05/anz-ranked-no-1-institutional-bank-for-relationship-strength-for",
          "title": "ANZ ranked No.1 Institutional Bank for Relationship Strength for 5th consecutive year",
          "description": "Ranked No.1 outright Institutional Bank, according to Peter Lee Associates Survey                    ANZ’s Institutional Business has maintained its No.1 ranking for overall relationship strength, as well...",
          "links": [
               "https://media.anz.com/posts/2018/05/anz-ranked-no-1-institutional-bank-for-relationship-strength-for"
          ],
          "image": "https://media.anz.com/content/dam/mediacentre/images/mediareleases/2018/May/Peter%20Lee.jpg",
          "content": "\n    \n    Ranked No.1 outright Institutional Bank, according to Peter Lee Associates Survey\n\n    \n    \n            ANZ’s Institutional Business has maintained its No.1 ranking for overall relationship strength, as well as lead bank market penetration, according to the 2018 Peter Lee Associates Large Corporate and Institutional Relationship Banking Survey, Australia.\nThe survey also found ANZ moved to No. 1 position in terms of its Net Promoter Score, which tracks the willingness of customers to recommend a bank's products or services to others, up from No. 2 previously.\nSurvey highlights:\n\nOut of the 580 companies participating in the survey, 76 per cent stated they had a relationship with ANZ, ranking outright No.1 - a position held since 2013\nANZ ranked No.1 for Relationship Strength for the fifth consecutive year\nANZ ranked No.1 for Lead Bank overall (three years running) and Lead Offshore Bank for the fourth consecutive year\nANZ recorded its highest NPS score, up 16 points from a year earlier\n\n    \n    \n    \n\t\t\n\t\t\tANZ is the leading Institutional relationship bank in Australia for the third year in a row\n\t\t\n\n    \n            \nANZ Managing Director, Institutional Australia, Graham Turley said: “We operate in highly competitive markets, so to have our customers give us this recognition is a testament to our efforts to deliver new ideas, insights and solutions.\n“This recognition also highlights the importance of building and maintaining customer relationships, and the team is absolutely focused on continuing to connect our clients to business and strategic opportunities in our home markets and around the region.”\n    \n    \n\t\t\n\t\t\tANZ is the leading Institutional transactional bank in Australia for the third year in a row\n\t\t\n\n    \n            \nA leading indicator of performance across wholesale banking, the survey ranks the domestic banks and their major international peers. In total, 580 Australia-based large corporates and financial institutions with more than $500m in annual turnover were surveyed.\nSeparately, in the 2018 Peter Lee Associates Large Corporate and Institutional Transactional Banking Survey, ANZ has remained the largest domestic transaction bank in Australia, with 43% of respondents stating a relationship with the bank.\nANZ also retained its No.1 ranking for lead domestic transactional bank, offshore market penetration and as lead offshore transaction bank.\nDownload PDF\n• The Large Corporate &amp; Institutional Relationship Banking program conducted annually targets senior financial executives responsible for their companies’ corporate banking relationships.\n The survey results are based on interviews with corporate and financial institution respondents (580 in 2018).\n• The Large Corporate &amp; Institutional Transactional Banking program conducted annually targets senior financial executives responsible for their companies’ Transaction Banking activities.\n The survey results are based on interviews with corporate and financial institution respondents (579 in 2018).\n** Ranked against the Top 4 competitor banks\n    \n\n\t\t\t\t\t\t\n\t\t\t\t\t\t",
          "author": "Phoebe O’Sullivan@/content/mediacentre/en/authors/phoebe-o_sullivan",
          "favicon": "https://media.anz.com/etc/designs/mediacentre/favicon.ico",
          "source": "media.anz.com",
          "published": "",
          "ttr": 88
     }
}