{
     "Date": "11/06/2021",
     "Open": "2.09",
     "High": "2.09",
     "Low": "2.07",
     "Close": "2.07",
     "Adj Close": "1.881137",
     "Volume": "344939",
     "headLine": "ANZ provides support package for customers affected by Victorian floods",
     "link": "https://media.anz.com/posts/2021/June/anz-provides-support-package-for-customers-affected-by-victorian",
     "article": {
          "url": "https://media.anz.com/posts/2021/June/anz-provides-support-package-for-customers-affected-by-victorian",
          "title": "ANZ provides support package for customers affected by Victorian floods",
          "description": "High winds and flash flooding have impacted several Victorian communities including Gippsland, with homes damaged or left without power and more rain is expected. The Victorian State Emergency Service said it...",
          "links": [
               "https://media.anz.com/posts/2021/June/anz-provides-support-package-for-customers-affected-by-victorian"
          ],
          "image": "https://media.anz.com/content/dam/mediacentre/images/mediareleases/2019/February/Flooded%20Australian%20road.jpg",
          "content": "\n            High winds and flash flooding have impacted several Victorian communities including Gippsland, with homes damaged or left without power and more rain is expected. The Victorian State Emergency Service said it was the busiest 24 hour period in its history.\nANZ encourages customers affected by the floods to contact the bank when they’re ready to discuss how they can access a range of financial support measures, which may include:\n\nShort-term payment relief on home loans, credit cards, personal loans and some business loans (we may still charge you interest during that period)       \nWaiving fees for restructuring business loans\nWaiving fees for accessing term deposits early\n\nANZ general manager for Victoria and Tasmania Cameron Home said: “These storms have left hundreds of residents affected, with significant damage to their homes or businesses. People in these communities are going to need help and support to get back on their feet.”\n“As our customers begin the recovery process, we hope these relief measures will assist in what is a very difficult time.”\nANZ customers affected by the floods are encouraged to contact their local branch or relationship manager to discuss the impact on their business or personal circumstances.\nCustomers can also contact ANZ’s dedicated financial hardship team on 1800 149 549 or at anz.com.au/support/natural-disaster-support/\nCustomers with ANZ Home and Contents Insurance may be eligible for emergency funds and temporary accommodation.\nTo lodge an insurance claim, customers can call 13 16 14 or visit anz.com/insuranceclaims\nDownload PDF\n    ",
          "author": "Brett Foley @/content/mediacentre/en/authors/brett-foley",
          "favicon": "https://media.anz.com/etc/designs/mediacentre/favicon.ico",
          "source": "media.anz.com",
          "published": "",
          "ttr": 49
     }
}