{
     "Date": "27/06/2021",
     "Open": "",
     "High": "",
     "Low": "",
     "Close": "",
     "Adj Close": "",
     "Volume": "",
     "headLine": "ANZ extends support package to customers affected by latest New South Wales COVID-19 lockdown",
     "link": "https://media.anz.com/posts/2021/June/anz-extends-support-package-to-customers-affected-by-latest-new-",
     "article": {
          "url": "https://media.anz.com/posts/2021/June/anz-extends-support-package-to-customers-affected-by-latest-new-",
          "title": "ANZ extends support package to customers affected by latest New South Wales COVID-19 lockdown",
          "description": "As Sydney enters a period of tougher restrictions, ANZ is extending support for retail customers who apply with measures including short-term payment relief, waiving fees, restructuring home loan debt or...",
          "links": [
               "https://media.anz.com/posts/2021/June/anz-extends-support-package-to-customers-affected-by-latest-new-"
          ],
          "image": "https://media.anz.com/content/dam/irm/images/Sydney%20skyline.jpg",
          "content": "\n            As Sydney enters a period of tougher restrictions, ANZ is extending support for retail customers who apply with measures including short-term payment relief, waiving fees, restructuring home loan debt or switching to a fixed rate loan.\nBusiness customers can also access short-term payment relief on asset finance or business loans, receive a refund on merchant terminal fees and have some other fees waived.\nIn addition, business customers can take advantage of loans provided through the Federal Government’s SME Loan Recovery Scheme, which offers eligible businesses discounted interest rates on loans of up to $5 million.\nANZ’s Group Executive Australia Retail and Commercial Banking, Mark Hand said: “We know this lockdown will have a big impact on our customers in and around Sydney. Like the lockdowns we’ve seen in other states, we know it can be some time before the real effects are felt by families and businesses.\n“We want our customers to know there is help available if they need it in this difficult time. Our teams are standing ready to assist and will work with customers to understand their specific needs and help tailor individual solutions.”\nDOWNLOAD PDF\n    ",
          "author": "Brett Foley @/content/mediacentre/en/authors/brett-foley",
          "favicon": "https://media.anz.com/etc/designs/mediacentre/favicon.ico",
          "source": "media.anz.com",
          "published": "",
          "ttr": 38
     }
}