{
     "Date": "16/12/2020",
     "Open": "1.9",
     "High": "1.92",
     "Low": "1.9",
     "Close": "1.9",
     "Adj Close": "1.699268",
     "Volume": "610719",
     "headLine": "ANZ 2020 Annual General Meeting Chairman's Address",
     "link": "https://media.anz.com/posts/2020/12/anz-annual-general-meeting-2020-chairmans-address-paul-osullivan",
     "article": {
          "url": "https://media.anz.com/posts/2020/12/anz-annual-general-meeting-2020-chairmans-address-paul-osullivan",
          "title": "ANZ 2020 Annual General Meeting Chairman's Address",
          "description": "As that crisis unfolded, I was very impressed by how our people supported customers even at a time when many of our staff had been personally impacted. I was equally impressed by how our staff stepped forward...",
          "links": [
               "https://media.anz.com/posts/2020/12/anz-annual-general-meeting-2020-chairmans-address-paul-osullivan"
          ],
          "image": "https://media.anz.com/content/dam/mediacentre/images/mediareleases/2020/December/PIC_6339.jpg",
          "content": "\n            As that crisis unfolded, I was very impressed by how our people supported customers even at a time when many of our staff had been personally impacted.\nI was equally impressed by how our staff stepped forward to support customers through COVID-19.\nSo on behalf of the bank, I would like to extend my sincerest sympathies to those who have been adversely impacted by these tragedies.\nAs we come to the end of a year none of us could have imagined, I’d like to provide some insight into how the Board is evaluating the future as well as make some comments on my priorities as the new incoming Chairman.\nFirstly, the economy appears to be ending the year in better shape than most of us had originally feared.\nThe coordination between Governments, industry and regulators has meant our customers are in a far better position today than they would have been without these measures.\nI am, however, a realist.\nWhile the signs are positive, we know many businesses are continuing to struggle and sadly some may never fully recover.\nWe know there are many individuals who have had an incredibly demanding year, despite the considerable support from the Governments in Australia and New Zealand.\nWe are also acutely aware that much of this assistance will need to unwind in the early part of next year - understandably. This may present further economic challenges that need to be very carefully navigated.\nFortunately, the hard work undertaken by management in recent years to simplify and strengthen ANZ meant we went into this crisis in a strong position.\nIt has also meant we have been able to support our customers through one of the most difficult periods in generations.\nPerformance &amp; Dividend\nNow let me talk briefly about our performance and the dividend.\nIt was of course COVID that had the most material impact on our profitability this year.\nWe posted a statutory profit of $3.58 billion. This was down 40% on last year.\nTo provide perspective on the business trends though, on an underlying basis profit before provisions was down 1% for the year, with both revenue and expenses broadly flat.\nBut quite correctly, international accounting standards now require all banks to set aside provisions for potential future losses.\nAnd so this year, reflecting the possible economic impact of the pandemic, you saw each of the major banks setting aside substantial amounts.\nAt ANZ we set aside a further $1.7 billion, taking our total reserves to more than $5 billion.\nIt has also been a highly unusual year in that it was the first time in our history that we elected to defer a decision on the dividend at the conclusion of our first half.\nWhile the regulator strongly encouraged all banks and insurers to defer dividend decisions until there was greater clarity, that advice actually reflected the Board’s own thinking and our decision ultimately proved to be both appropriate and prudent.\nPleasingly, we were able to announce a 25 cents-per-share dividend which was paid on 30 September. This was followed by a 35-cents-per-share distribution which we’ve paid to shareholders this morning. Both of these were fully-franked.\nWe agreed with APRA a reduced dividend was prudent in 2020.\nMoving forward, the Board will continue to review our approach in the New Year, particularly given an improving economic outlook and APRA’s announcement yesterday that it will remove its cap on payout ratios.\nUltimately, our final decision as a Board will be influenced by how the remainder of the crisis evolves, particularly from a macro-economic perspective, and our views on the longer term sustainability of our dividend.\nLet me assure you however, your Board is acutely aware of the reliance many shareholders place on their regular dividend, and on the value of franked dividends.\nFocus\nBefore getting into the substance of the meeting, I thought as the new Chairman it would be helpful for shareholders to say a few things about where I will focus my attention.\nFirstly, it’s clear our bank is in a very good position.\nThe strategy that management and the Board have executed over the past five years has radically simplified the business, significantly improved its capital position and remediated many of the problems of the past.\nThis has allowed us to weather the storms of 2020 in good shape and means we are well placed to take advantage of the opportunities a post-pandemic world will offer.\nOne way of thinking about my focus areas is with four Cs: Customers, Costs, Capital and Culture.\nLooking at the first of these. Around the world, technology is radically improving how companies understand and serve their customers.\nAnd to grow your bank sustainably we must continue to focus on servicing the customer better.\nWe must continue leveraging technology to amplify the voice of the customer and reduce the friction involved when dealing with the bank. We want to better anticipate needs and ultimately make faster - and smarter - credit decisions.\nDuring the next 12 months you will hear more from the team about our digital banking offerings, which have been a big focus of our investments.\nThe second C is costs. Banking, like so many industries, will continue to face downward pressure on margins. While we were early to this, and indeed we lead the Australian banks in that respect, we must keep relentless pressure on our cost base.\nCapital, and I’m going to spend a little more time talking about this. Efficient capital allocation is the key to sustainably growing shareholder value over time. Over the last five years your bank has been a leader in the management of capital.\nWe have not needed to raise capital by diluting existing shareholders through the recent crisis.\nIn contrast to our three major Australian bank competitors, we have actually reduced the number of shares on issue over the last few years, increasing the earnings per share for you, our owners.\nCurrently, we remain one of the strongest capitalised large banks in the world, with a Common Equity Tier One capital ratio of 11.3%.\nTo put this into better perspective, this is $34 billion more than what we had the last time we went into a major global crisis, the GFC.\nHowever, the response of Governments and central banks has been to expand money supply with an associated reduction in interest rates.\nAs a result, we believe we will be in an environment of significant liquidity, low interest rates and intense competition for some time to come.\nWhile this will help our customers, it will require intense focus from the Board and Management on not only how we manage our capital, but also how we deploy our shareholders’ funds.\nThe final C is culture. Your Board understands its role in ensuring we have the right culture within the bank.\nWe have made good progress here. We have a diverse and experienced management team leading from the front on values. Employee engagement scores are sector leading with our people feeling empowered to ‘speak-up’ when something isn’t right.\nAn ethical decision-making framework is also now being used by leaders across the bank, as well as guiding decisions at our Ethics &amp; Responsible Business Committee.\nWrapping the four C’s up, I can assure you my focus will be on improving shareholder returns through a focus on good customer outcomes, cost discipline and the efficient use of capital while continuing to build a strong culture.\nResolutions\nBefore finishing I also want to give you the Board’s perspective on some of the resolutions being put to the meeting today.\nFirst, the adoption of the remuneration report.\nWhile Ilana Atlas, the Chair of the Human Resources Committee, will talk specifically to our approach…I think it is appropriate I think I make some initial comments given the impact COVID has had on our business this year.\nThe Board was pleased with the way the bank responded to this global pandemic.\nFrom an operational perspective, we took immediate steps to ensure that our people could safely and productively work at home while still supporting customers during a very difficult time.\nHowever, as I’ve said, provisions and impairments related to the pandemic reduced profits and impacted the amount we were able to return to you our shareholders through dividends.\nSo while management did an excellent job…it is important the impact on shareholders be reflected in the remuneration of our executives.\nTherefore, the Board applied a 50% reduction to the Variable Remuneration outcomes for our disclosed executives. This reduced the total remuneration by an average of 15% for those that were in those same roles last year.\nI should also point out however our frontline staff on award contracts received a 2% pay rise this year and we think that is totally deserved and appropriate.\nThe other resolutions I want to specifically address relate to climate change and our lending to the natural resources sector.\nThe global economy is clearly making a major transition to a lower-carbon future and our key markets of Australia and New Zealand will be at the forefront of new investment and opportunity.\nWe believe we have a role to play as an enabler of a net-zero future and we are already embracing that role.\nThis transition will take time however and we appreciate some shareholders listening today may want us to get there sooner rather than later. Paradoxically, some feel we may be moving too quickly.\nAs such, we recently released an updated Climate Change Statement which focuses on:\nOne. We will encourage and support our top-100 emitting large corporate customers, to identify climate risks and opportunities, create transition plans and report publicly on their progress.\nSecondly. We will support the transition of our economy to a low-carbon future. We have set aside $50 billion to help fund this and I expect that number will likely grow over the next few years.\nAnd thirdly. We will reduce our own impact by managing and reducing emissions from our operations. This will include sourcing 100 per cent of the electricity needed for our business operations from renewables by 2025.\n\nAt the heart of our climate strategy however is a dialogue with our customers.\nWe want to better understand how they are thinking about these issues and how can we assist them to act on these challenges.\nWhat has been encouraging so far is that the vast bulk of our customers have welcomed the engagement and are taking these issues seriously.\nConcluding remarks\nSo in conclusion, this has been a difficult year for many of our customers and the nation.\nIf 2020 has taught us anything…it is things can change very fast. The lesson for companies like ANZ is that it’s important to be both flexible in planning and agile in response.\nThere will still be challenges ahead, but we have the balance sheet strength, along with record levels of provisions, to ensure we are able to support customers through the remainder of the crisis while still providing a decent return for you our shareholders.\nBefore I hand over to Shayne, it would be remiss of me not to make a few comments about my predecessor David Gonski.\nDavid retired from the ANZ Board at the end of October having made an enormous contribution to our bank, particularly over the last seven years as Chair.\nHe steered the Board through some testing times for the industry and helped build an organisation with a strong focus on governance, accountability, improved culture and enhanced customer outcomes.\nThere is no doubt ANZ is in much better shape as a result of his leadership:\n·         We are a much simpler and more focussed with a strong, diverse and stable management team.\n·         We are one of the best capitalised banks in the world without having to dilute existing shareholders through the recent crisis\n·         And we have remediated many of the issues of the past, while still investing in our future.\nPerhaps most importantly, his efforts to strengthen and champion the bank’s work in the area of Environment, Social and Governance has given us the foundation to be a leader on sustainability issues.\nOn behalf of all shareholders, I thank David for his efforts.\nFinally, given the events of 2020, it’s reassuring to know we have a workforce of more than 38,000 people so dedicated to their customers and their community.\nI’d also like to acknowledge our customers for again trusting us with their banking, as well as you our shareholders for supporting us through the year.\nYour support is much appreciated by the Board.\nWhatever 2021 brings, ANZ enters it with strength, confidence and optimism.\nAnd with that, I will now ask our Chief Executive Officer Shayne Elliott to address the meeting, Shayne.\nDOWNLOAD PDF\n    \n    For media enquiries contact\n        \n        +61 409 655 551\n        Brett Foley \n        +61 466 670 880 \n        \n",
          "author": "Stephen Ries@/content/mediacentre/en/authors/stephen-ries,Brett Foley @/content/mediacentre/en/authors/brett-foley",
          "favicon": "https://media.anz.com/etc/designs/mediacentre/favicon.ico",
          "source": "media.anz.com",
          "published": "",
          "ttr": 427
     }
}