{
     "Date": "15/12/2020",
     "Open": "1.9",
     "High": "1.9",
     "Low": "1.88",
     "Close": "1.9",
     "Adj Close": "1.699268",
     "Volume": "361913",
     "headLine": "Consumer confidence rises again",
     "link": "https://media.anz.com/posts/2020/12/consumer-confidence-rises-again",
     "article": {
          "url": "https://media.anz.com/posts/2020/12/consumer-confidence-rises-again",
          "title": "Consumer confidence rises again",
          "description": "Consumer confidence continued to scale 2020 highs. The overall index rose 1.7 per cent, matching the prior week’s gain, with most of the subindices registering improvement. ‘Current financial conditions’...",
          "links": [
               "https://media.anz.com/posts/2020/12/consumer-confidence-rises-again"
          ],
          "image": "https://media.anz.com/content/dam/mediacentre/images/consumerconfidence/2018/August/Consumer%20Confidence%20Aug.JPG",
          "content": "\n    \n            Consumer confidence continued to scale 2020 highs. The overall index rose 1.7 per cent, matching the prior week’s gain, with most of the subindices registering improvement.\n‘Current financial conditions’ surged 6.4 per cent, while ‘future financial conditions’ grew 0.5 per cent. ‘Current economic conditions’ improved by 2.9 per cent, while ‘future economic conditions’ was unchanged from the previous week.\n‘Time to buy a major household item’ inched up 0.3 per cent. The four-week moving average of ‘inflation expectations’ rose to 3.6 per cent, though weekly inflation expectations softened to 3.6 per cent from 3.8 per cent the week prior.\n    \n    \n\n    \n            \"It was yet another upbeat result in the latest survey, with consumer confidence reaching new 2020 highs,\" ANZ Head of Australian Economics, David Plank said.\n\"Most subindices are now back at or even higher than the pre-pandemic level, with the confidence in future economic conditions at an 18-month high.\"\n\"The exception is current financial conditions, for which sentiment is close to 10 per cent lower than mid-March and still below the neutral level of 100 (if only just). Despite this exception, the rise in confidence bodes well for the holiday season.\"\n\"Last week we noted the sharp jump in inflation expectations. These have pulled back a bit in this week’s survey but are still elevated enough to push the four-week moving average to its highest level since late April. This is still some way below the 4 per cent-plus level for expected inflation that was typical prior to the pandemic.\"\nDownload PDF\n    \n\t\t\t\t\t\t",
          "author": "Phoebe O’Sullivan@/content/mediacentre/en/authors/phoebe-o_sullivan",
          "favicon": "https://media.anz.com/etc/designs/mediacentre/favicon.ico",
          "source": "media.anz.com",
          "published": "",
          "ttr": 51
     }
}