{
     "Date": "20/05/2019",
     "Open": "1.09",
     "High": "1.09",
     "Low": "1.07",
     "Close": "1.07",
     "Adj Close": "0.897528",
     "Volume": "418672",
     "headLine": "ANZ launches loyalty leave",
     "link": "https://media.anz.com/posts/2019/05/anz-launches-loyalty-leave",
     "article": {
          "url": "https://media.anz.com/posts/2019/05/anz-launches-loyalty-leave",
          "title": "ANZ launches loyalty leave",
          "description": "ANZ today announced the introduction of loyalty leave which will offer staff five weeks’ paid annual leave, placing it in a market leading position compared to other major Australian companies. ",
          "links": [
               "https://media.anz.com/posts/2019/05/anz-launches-loyalty-leave"
          ],
          "image": "https://media.anz.com/content/dam/mediacentre/images/mediareleases/2018/July/833%20CSM%20from%20park%202.jpg",
          "content": "\n            Loyalty leave provides an additional five days annual leave for employees who have had more than three years' consecutive service and is part of ANZ’s focus on improving staff wellbeing and engagement, as well as attracting and retaining talent. It will be offered to staff in 24 other countries across the ANZ network.\nANZ Group Executive, Talent &amp; Culture, Kathryn van der Merwe said: “Many of our employees have told us that they want more flexibility to focus on what’s important outside work, and one way we’re giving them that is to provide more paid time off.\n“Regular annual leave is essential as it allows our people to spend time doing what’s important to them personally, as well as to rest and recharge to ensure they are able to deliver great results for our customers.\n“While we considered a number of potential enhancements to various employee benefits, annual leave is a ‘core’ benefit that is relevant to all permanent employees, regardless of seniority, gender, or status as a parent,” said Dr van der Merwe.\nANZ is following an international trend where many organisations are offering greater workplace flexibility to better engage and energise staff. ANZ was the first to roll out an ‘Agile’ model at scale in Australia and now the first to offer an increase in paid annual leave.\nMore than 65 per cent of ANZ employees work flexibly through part-time work, lifestyle leave, job sharing, flexible hours and a compressed work week, to help them meet their personal and family needs.\nEmployees in a number of major locations must also ensure that their annual leave balance every 30 September is no higher than their yearly annual leave accrual.\nDOWNLOAD PDF\n    ",
          "author": "Francesca Rizzo@/content/mediacentre/en/authors/Francesca-Rizzo",
          "favicon": "https://media.anz.com/etc/designs/mediacentre/favicon.ico",
          "source": "media.anz.com",
          "published": "",
          "ttr": 57
     }
}