{
     "Date": "21/07/2021",
     "Open": "1.86",
     "High": "1.92",
     "Low": "1.85",
     "Close": "1.91",
     "Adj Close": "1.735735",
     "Volume": "336080",
     "headLine": "ANZ separates ventures unit to accelerate growth and digital solutions",
     "link": "https://media.anz.com/posts/2021/july/anz-separates-ventures-unit-to-accelerate-growth-and-digital-sol",
     "article": {
          "url": "https://media.anz.com/posts/2021/july/anz-separates-ventures-unit-to-accelerate-growth-and-digital-sol",
          "title": "ANZ separates ventures unit to accelerate growth and digital solutions",
          "description": "The new business, called 1835i, will operate as a separate entity to ANZ so it can act quickly as it develops a pipeline of investments aligned with ANZ’s strategy of helping customers buy a home, start and...",
          "links": [
               "https://media.anz.com/posts/2021/july/anz-separates-ventures-unit-to-accelerate-growth-and-digital-sol"
          ],
          "image": "https://media.anz.com/content/dam/mediacentre/images/mediareleases/2018/March/ANZ%20logo.jpg",
          "content": "\n            The new business, called 1835i, will operate as a separate entity to ANZ so it can act quickly as it develops a pipeline of investments aligned with ANZ’s strategy of helping customers buy a home, start and grow a business, or move capital and goods around the region. \nEstablishing 1835i independently will enable it to operate more like a start-up, without the same regulatory requirements that ANZ has as an Authorised Deposit-taking Institution. ANZ will continue to fund 1835i’s investments and oversee its governance. Ron Spector, currently ANZi Managing Director, will continue to lead the team under the new 1835i structure and has appointed three partners with backgrounds across ANZ and the start-up community to assist him. \nANZ Group Executive Digital and Australia Transformation Maile Carnegie said: “This team have delivered some important innovations since we established ANZi. \n“Through 1835i, the team will be able to accelerate development and testing of digital solutions that ANZ can adopt quickly to deliver great customer experiences at lower costs. \n“The 1835i team will remain an important part of ANZ’s ecosystem and our focus on making ANZ a simpler, better bank,” Ms Carnegie said. 1835i \nManaging Partner Ron Spector said: “Speed, agility and low costs are key ingredients to successful start-ups and help drive innovation. We’ve made some great progress to date and the time is right for the next stage of our development. \n“This new structure will make it easier to attract dynamic start-up talent with the right skills to help us accelerate the next stages of development.” \nIn the three years since its creation, ANZi has launched three new companies, including the digital home loan distribution platform OneTwo Finance, theOneSpot and Propps. It also holds eight investments in emerging growth companies, including foreign exchange provider Airwallex and the digital home loan origination platform The Lendi Group. ANZi has invested about $275 million to date. \nThe name 1835i recognises the almost 200-year history of ANZ, which began in 1835 in London when The Bank of Australasia was established under Royal Charter.\nDownload PDF\n    ",
          "author": "Nick Higginbottom@/content/mediacentre/en/authors/nick-higginbottom",
          "favicon": "https://media.anz.com/etc/designs/mediacentre/favicon.ico",
          "source": "media.anz.com",
          "published": "",
          "ttr": 68
     }
}