{
     "Date": "27/11/2018",
     "Open": "1.02",
     "High": "1.04",
     "Low": "1.02",
     "Close": "1.03",
     "Adj Close": "0.838188",
     "Volume": "30386",
     "headLine": "Consumer confidence: sentiment inches higher",
     "link": "https://media.anz.com/posts/2018/11/consumer-confidence--sentiment-inches-higher",
     "article": {
          "url": "https://media.anz.com/posts/2018/11/consumer-confidence--sentiment-inches-higher",
          "title": "Consumer confidence: sentiment inches higher",
          "description": "ANZ-Roy Morgan Australian Consumer Confidence was up a notch last week, rising 0.7% and partially reversing last week’s drop.",
          "links": [
               "https://media.anz.com/posts/2018/11/consumer-confidence--sentiment-inches-higher"
          ],
          "image": "https://media.anz.com/content/dam/mediacentre/images/consumerconfidence/2018/August/Consumer%20Confidence%20Aug.JPG",
          "content": "\n    \n            ANZ’s Head of Australian Economics, David Plank, commented:\n“Consumer sentiment was up a touch last week. Lower petrol prices may have played a role in supporting sentiment, with the four week moving average for inflation expectations dropping to its lowest level since late July. Consumer confidence is well above its long-run average, a strong show of resilience in the face of the recent equity volatility and the spate of negative news\nsurrounding house prices.”\nDownload PDF\n    \n    \n    \n                ANZ-Roy Morgan Consumer Confidence\n        \n    \n\n    \n    For media enquiries contact\n        \n        +91 80 6795 3801\n        David Plank\n        +61 2 8037 0029\n        Francesca Rizzo\n        +61 481-014224\n        \n\n\t\t\t\t\t\t",
          "author": "Shaurya Mishra@/content/mediacentre/en/authors/shaurya-mishra,David Plank@/content/mediacentre/en/authors/david-plank,Francesca Rizzo@/content/mediacentre/en/authors/Francesca-Rizzo",
          "favicon": "https://media.anz.com/etc/designs/mediacentre/favicon.ico",
          "source": "media.anz.com",
          "published": "",
          "ttr": 20
     }
}