{
     "Date": "6/04/2019",
     "Open": "",
     "High": "",
     "Low": "",
     "Close": "",
     "Adj Close": "",
     "Volume": "",
     "headLine": "Consumer confidence takes a break",
     "link": "https://media.anz.com/posts/2019/06/consumer-confidence-on-a-break",
     "article": {
          "url": "https://media.anz.com/posts/2019/06/consumer-confidence-on-a-break",
          "title": "Consumer confidence takes a break",
          "description": "Confidence has taken a pause, falling 1.4 per cent last week after two weekly gains. With the exception of current economic conditions, which rose 2.1 per cent, all the sub-indices were negative. Current...",
          "links": [
               "https://media.anz.com/posts/2019/06/consumer-confidence-on-a-break"
          ],
          "image": "https://media.anz.com/content/dam/mediacentre/images/consumerconfidence/2018/August/Consumer%20Confidence%20Aug.JPG",
          "content": "\n    \n            Confidence has taken a pause, falling 1.4 per cent last week after two weekly gains. With the exception of current economic conditions, which rose 2.1 per cent, all the sub-indices were negative.\nCurrent financial conditions fell by 4.7 per cent, its first decline after four consecutive increases, while future financial conditions were down 2.8 per cent.\nCurrent economic conditions was positive for the third consecutive week, while future economic conditions were down 0.3 per cent after rising 4.5 per cent in the previous reading.\n‘Time to buy a household item’ was down 1.3 per cent while the four-week moving average for inflation expectations fell by 0.1 percentage point to 4.0 per cent.\n    \n    \n\n    \n            “Confidence shows signs of consolidation at an above average level after the gains made on the back of the election, talk of interest rate cuts and modest regulatory respite for the housing sector,\" ANZ Head of Australian Economics, David Plank said.\n\"This week will be quite impactful for the index, as the RBA will be announcing its decision on interest rates beside a plethora of crucial economic data such as the current account, retail sales and GDP.\"\n\"Weekly inflation expectations remained at 3.8 per cent for the second week, meaning the four-week moving average will likely drop below 4 per cent next week.”\nDOWNLOAD PDF\n    \n\t\t\t\t\t\t",
          "author": "Phoebe O’Sullivan@/content/mediacentre/en/authors/phoebe-o_sullivan",
          "favicon": "https://media.anz.com/etc/designs/mediacentre/favicon.ico",
          "source": "media.anz.com",
          "published": "",
          "ttr": 44
     }
}