{
     "Date": "20/08/2020",
     "Open": "1.63",
     "High": "1.66",
     "Low": "1.63",
     "Close": "1.65",
     "Adj Close": "1.449331",
     "Volume": "727089",
     "headLine": "ANZ first bank to issue Sustainable Development Goal Bond in Australia",
     "link": "https://media.anz.com/posts/2020/08/anz-first-bank-to-issue-sustainable-development-goal-bond-in-aus",
     "article": {
          "url": "https://media.anz.com/posts/2020/08/anz-first-bank-to-issue-sustainable-development-goal-bond-in-aus",
          "title": "ANZ first bank to issue Sustainable Development Goal Bond in Australia",
          "description": "The transaction marks ANZ’s return to the Green, Social and Sustainability (GSS) bond market in Australia, having issued its inaugural Green Bond in June 2015. ANZ Group Treasurer Adrian Went said: “Investor...",
          "links": [
               "https://media.anz.com/posts/2020/08/anz-first-bank-to-issue-sustainable-development-goal-bond-in-aus"
          ],
          "image": "https://media.anz.com/content/dam/bluenotes/images/articles/2018/August/Tapley_Green_Banner.png",
          "content": "\n            The transaction marks ANZ’s return to the Green, Social and Sustainability (GSS) bond market in Australia, having issued its inaugural Green Bond in June 2015.\nANZ Group Treasurer Adrian Went said: “Investor demand for ANZ’s latest issue was strong following the maturity of our 2015 Green Bond earlier this year.”\nThe bond matures 26 February 2031, with the first optional redemption date of 26 February 2026. The bond pays a floating rate of interest with a coupon of 3mth BBSW +185bps.\n“The transaction uses our SDG Bond Framework which links our asset base to certain United Nations’ Sustainable Development Goals, giving our investors a unique opportunity to drive positive environmental, social and sustainability outcomes while earning an attractive rate of return,” Mr Went said.\nThe bond is ANZ’s third issuance under its SDG Bond Framework which has been in place since February 2018. The bank now has around AUD4.0 billion-equivalent of SDG Bonds on issue, having issued its first and second SDG Bonds in Europe, including its first Tier 2 Capital SDG Bond in November 2019.\nANZ has an AUD50 billion SDG-linked commitment to fund and facilitate sustainable solutions for customers by 2025, including initiatives to help improve environmental sustainability, increase access to affordable housing and promote financial wellbeing.\nDOWNLOAD PDF\n    ",
          "author": "Sharon Klyne @/content/mediacentre/en/authors/sharon-klyne-",
          "favicon": "https://media.anz.com/etc/designs/mediacentre/favicon.ico",
          "source": "media.anz.com",
          "published": "",
          "ttr": 43
     }
}