{
     "Date": "16/06/2020",
     "Open": "1.38",
     "High": "1.39",
     "Low": "1.36",
     "Close": "1.38",
     "Adj Close": "1.212168",
     "Volume": "138707",
     "headLine": "Consumer confidence back on track",
     "link": "https://media.anz.com/posts/2020/06/consumer-confidence-back-on-track",
     "article": {
          "url": "https://media.anz.com/posts/2020/06/consumer-confidence-back-on-track",
          "title": "Consumer confidence back on track",
          "description": "Consumer confidence resumed its climb last week after pausing the week before. Most subindices rose; the exception was ‘future economic conditions.’ ‘Current finances’ gained 0.5 per cent, its third straight...",
          "links": [
               "https://media.anz.com/posts/2020/06/consumer-confidence-back-on-track"
          ],
          "image": "https://media.anz.com/content/dam/mediacentre/images/consumerconfidence/2018/August/Consumer%20Confidence%20Aug.JPG",
          "content": "\n    \n            Consumer confidence resumed its climb last week after pausing the week before. Most subindices rose; the exception was ‘future economic conditions.’\n‘Current finances’ gained 0.5 per cent, its third straight weekly gain; while ‘future finances’ gained 1.4 per cent. Economic conditions were mixed, with ‘current economic conditions’ gaining 2.6 per cent, while ‘future economic conditions’ declined by 2.6 per cent.\n‘Time to buy a household item’ rose by 1.3 per cent, compared to a decline of 5.7 per cent in the previous reading. The four-week moving average for ‘inflation expectations’ was stable at 3.2 per cent.\n    \n    \n\n    \n            \"Confidence resumed its climb last week, with a modest gain,\" ANZ Head of Australian Economics David Plank said.\n\"Confidence in future financial conditions is now back to the early March level, which is a solid turnaround given the impact the pandemic lockdowns have had on employment and wages.\"\n\"The contrast we expect to see between the May labour market and retail sales data may confuse the picture somewhat, but the continued easing in the lockdowns seems likely to be a positive force for sentiment for now.\"\nDOWNLOAD PDF\n    \n\t\t\t\t\t\t",
          "author": "Phoebe O’Sullivan@/content/mediacentre/en/authors/phoebe-o_sullivan",
          "favicon": "https://media.anz.com/etc/designs/mediacentre/favicon.ico",
          "source": "media.anz.com",
          "published": "",
          "ttr": 37
     }
}