{
     "Date": "23/12/2019",
     "Open": "1.33",
     "High": "1.34",
     "Low": "1.29",
     "Close": "1.33",
     "Adj Close": "1.141903",
     "Volume": "48259",
     "headLine": "ANZ provides bushfire relief package for all of Australia",
     "link": "https://media.anz.com/posts/2019/12/anz-provides-bushfire-relief-package-for-all-of-australia",
     "article": {
          "url": "https://media.anz.com/posts/2019/12/anz-provides-bushfire-relief-package-for-all-of-australia",
          "title": "ANZ provides bushfire relief package for all of Australia",
          "description": "ANZ today made a financial relief package available for customers affected by devastating bushfires across the nation with many homes, properties and livestock already destroyed.",
          "links": [
               "https://media.anz.com/posts/2019/12/anz-provides-bushfire-relief-package-for-all-of-australia"
          ],
          "image": "https://media.anz.com/content/dam/mediacentre/images/mediareleases/2019/March/Bushfire%20-%20skycrane%20in%20Vic.jpg",
          "content": "\n            It comes after ANZ in September and November made relief packages available for customers in NSW and southern Queensland that faced fierce bushfires, many of which are still burning.\nWhile the immediate focus needs to be on their safety, ANZ encouraged customers affected by the fires to contact the bank when appropriate so they could discuss how to access measures in the financial relief package, including:\n\nThe ability to suspend repayments on loans, including credit cards, for up to three months (which may include interest capitalisation)\nTemporary interest rate relief on lending for customers experiencing extreme financial distress in areas impacted by the fires\nWaiving of fees associated with restructuring business loans considered necessary due to bushfire impacts\nAccess to term deposits early without incurring any fees\nAssistance for affected customers with ANZ Home and Contents insurance as they may be eligible for measures such as emergency funds and temporary accommodation\n\nANZ has also extended special paid leave for employees who volunteer in emergency services to ensure they are financially supported while they serve the community.\nANZ General Managing Director Retail Banking, Kath Bray said: “Safety is the number one priority at the moment for those in the path of these fires, including the brave firefighters who risk so much to protect us.\n“When the time is right to focus on recovering and rebuilding, we hope these relief measures help our customers in some way as they deal with this terrible experience.\n“We have also provided additional leave for our employees who volunteer with emergency services as they may need to spend more time in the field this summer,” Mrs Bray said.\nWhen appropriate, ANZ customers affected by bushfires in a disaster-declared area are encouraged to visit their local branch if they are able, or to contact their relationship manager to discuss the impact on their business or personal circumstances.\nCustomers can also contact ANZ’s dedicated financial hardship team on 1800 149 549 or anz.com/hardship.\nTo lodge an insurance claim, customers can call 13 16 14 or visit anz.com/insuranceclaims\nDownload PDF\n    ",
          "author": "Nick Higginbottom@/content/mediacentre/en/authors/nick-higginbottom",
          "favicon": "https://media.anz.com/etc/designs/mediacentre/favicon.ico",
          "source": "media.anz.com",
          "published": "",
          "ttr": 69
     }
}