{
     "Date": "6/10/2020",
     "Open": "1.61",
     "High": "1.61",
     "Low": "1.59",
     "Close": "1.6",
     "Adj Close": "1.430963",
     "Volume": "453440",
     "headLine": "Record run ends for consumer confidence",
     "link": "https://media.anz.com/posts/2020/06/record-run-ends-for-consumer-confidence",
     "article": {
          "url": "https://media.anz.com/posts/2020/06/record-run-ends-for-consumer-confidence",
          "title": "Record run ends for consumer confidence",
          "description": "The nine-week run of consecutive gains in the ANZ-Roy Morgan Australian Consumer Confidence Index has finally ended, with confidence falling 1.3 per cent. The weakness was mainly due to the ‘time to buy a...",
          "links": [
               "https://media.anz.com/posts/2020/06/record-run-ends-for-consumer-confidence"
          ],
          "image": "https://media.anz.com/content/dam/mediacentre/images/consumerconfidence/2018/August/Consumer%20Confidence%20Atm.JPG",
          "content": "\n    \n            The nine-week run of consecutive gains in the ANZ-Roy Morgan Australian Consumer Confidence Index has finally ended, with confidence falling 1.3 per cent.\nThe weakness was mainly due to the ‘time to buy a major household item’ component, which declined by 5.7 per cent.\nFinancial conditions were mixed. ‘Current finances’ gained 1.1 per cent, while ‘future finances’ declined by 0.7 per cent.\nEconomic conditions were also mixed with ‘current economic conditions’ gaining 1.6 per cent, while ‘future economic conditions’ weakened by 1.6 per cent.\nThe four-week moving average for ‘inflation expectations’ declined by 0.1 percentage points to 3.2 per cent. This is a historic low.\n    \n    \n\n    \n            \"Last week’s fall in confidence can be seen as more of a consolidating move than weakness, as it has come after the most extended stretch of gains in the history of the weekly survey,\" ANZ Head of Australian Economics David Plank said.\n\"Economic conditions and financial conditions were essentially flat in aggregate; a pleasing result given the news (with the publication of first-quarter gross domestic product data) that Australia is almost certainly in a technical recession.\"\n\"The overall weakness in confidence was due to the fall in ‘Time to buy a household item’. This sub-index has gained nearly 50 per cent since the low achieved during the height of the pandemic.\" \n\"Weekly ‘inflation expectations’ remained at the low of 3.1 per cent, taking the four-week average down to a historic low of 3.2 per cent.\"\nDOWNLOAD PDF\n    \n\t\t\t\t\t\t",
          "author": "Phoebe O’Sullivan@/content/mediacentre/en/authors/phoebe-o_sullivan",
          "favicon": "https://media.anz.com/etc/designs/mediacentre/favicon.ico",
          "source": "media.anz.com",
          "published": "",
          "ttr": 49
     }
}