{
     "Date": "30/06/2020",
     "Open": "1.39",
     "High": "1.4",
     "Low": "1.38",
     "Close": "1.4",
     "Adj Close": "1.229735",
     "Volume": "462520",
     "headLine": "Confidence deterioriates as Victorian COVID-19 cases rise",
     "link": "https://media.anz.com/posts/2020/06/confidence-deterioriates-as-victorian-covid-19-cases-rise",
     "article": {
          "url": "https://media.anz.com/posts/2020/06/confidence-deterioriates-as-victorian-covid-19-cases-rise",
          "title": "Confidence deterioriates as Victorian COVID-19 cases rise",
          "description": "ANZ Senior Economist, Catherine Birch, commented: \"The surge in COVID-19 cases in Victoria has dented consumer confidence, which dropped 4.6% last week. This was the largest fall since late-March, when...",
          "links": [
               "https://media.anz.com/posts/2020/06/confidence-deterioriates-as-victorian-covid-19-cases-rise"
          ],
          "image": "https://media.anz.com/content/dam/irm/images/Mobile%20Card%20Payment.jpg",
          "content": "\n            ANZ Senior Economist, Catherine Birch, commented:\n\"The surge in COVID-19 cases in Victoria has dented consumer confidence, which dropped 4.6% last week. This was the largest fall since late-March, when national new daily cases peaked. Confidence in ‘current economic conditions’ fell sharply, suggesting that households are worried about the prospect of a return to tighter lockdowns and the impact of a second wave on the economy.\nConfidence around ‘financial conditions’ fell too and we are already seeing Victorians pull back on spending in the latest ANZ data. Unfortunately, new daily cases in Victoria jumped to 75 on Monday, the state’s fourth-highest daily total since the pandemic began. This a worrying sign for confidence and a setback for the recovery.\"\nDownload PDF\n    ",
          "author": "Phoebe O’Sullivan@/content/mediacentre/en/authors/phoebe-o_sullivan",
          "favicon": "https://media.anz.com/etc/designs/mediacentre/favicon.ico",
          "source": "media.anz.com",
          "published": "",
          "ttr": 25
     }
}