{
     "Date": "26/06/2019",
     "Open": "1.09",
     "High": "1.1",
     "Low": "1.09",
     "Close": "1.1",
     "Adj Close": "0.922693",
     "Volume": "176638",
     "headLine": "ANZ comments on News Corp story about Netball NZ sponsorship and Maria Folau",
     "link": "https://media.anz.com/posts/2019/06/anz-comments-on-news-corp-story-about-netball-nz-sponsorship-and",
     "article": {
          "url": "https://media.anz.com/posts/2019/06/anz-comments-on-news-corp-story-about-netball-nz-sponsorship-and",
          "title": "ANZ comments on News Corp story about Netball NZ sponsorship and Maria Folau",
          "description": "ANZ today commented on a News Corp story about our sponsorship of Netball NZ and claims we tried to influence its dealings with netball player Maria Folau.",
          "links": [
               "https://media.anz.com/posts/2019/06/anz-comments-on-news-corp-story-about-netball-nz-sponsorship-and"
          ],
          "image": "https://media.anz.com/content/dam/mediacentre/images/mediareleases/2018/April/ANZ%20logo%20branch.jpg",
          "content": "\n            The following statement is attributable to an ANZ spokesman:\n“We value our partnership with Netball NZ and any suggestion we have tried to pressure them is absolutely incorrect.\n“ANZ NZ believes in diversity and inclusion. We’re very proud we have a rainbow tick as an employer and over the years have supported rainbow activities in the community.\n“We do not support any views or actions that can be interpreted as supporting homophobia.\n“We will continue to support Netball NZ and the tens of thousands of participants and supporters of the game.”\nDownload PDF\n    ",
          "author": "Nick Higginbottom@/content/mediacentre/en/authors/nick-higginbottom",
          "favicon": "https://media.anz.com/etc/designs/mediacentre/favicon.ico",
          "source": "media.anz.com",
          "published": "",
          "ttr": 19
     }
}