{
     "Date": "1/09/2020",
     "Open": "1.62",
     "High": "1.63",
     "Low": "1.59",
     "Close": "1.62",
     "Adj Close": "1.422979",
     "Volume": "499191",
     "headLine": "ANZ completes sale of UDC Finance to Shinsei Bank",
     "link": "https://media.anz.com/posts/2020/09/anz-completes-sale-of-udc-finance-to-shinsei-bank",
     "article": {
          "url": "https://media.anz.com/posts/2020/09/anz-completes-sale-of-udc-finance-to-shinsei-bank",
          "title": "ANZ completes sale of UDC Finance to Shinsei Bank",
          "description": "The sale, originally announced in June 2020, followed a strategic review by ANZ Bank New Zealand and is in line with ANZ’s strategy to simplify its business. The transaction, which provides ~10bps of Level 2...",
          "links": [
               "https://media.anz.com/posts/2020/09/anz-completes-sale-of-udc-finance-to-shinsei-bank"
          ],
          "image": "https://media.anz.com/content/dam/bluenotes/images/articles/2020/April/antonia.jpg",
          "content": "\n            The sale, originally announced in June 2020, followed a strategic review by ANZ Bank New Zealand and is in line with ANZ’s strategy to simplify its business.\nThe transaction, which provides ~10bps of Level 2 Group CET1 capital[1], will further strengthen ANZ New Zealand’s balance sheet position.\nDOWNLOAD PDF\n[1] CET1 impact post-RBNZ capital changes is ~15pts. The profit and loss impact of the sale of UDC will be included in ANZ’s Cash Profit and highlighted as a Large / Notable item. UDC transaction and financial summary was provided in ANZ’s news release of 2 June, 2020\n    ",
          "author": "Brett Foley @/content/mediacentre/en/authors/brett-foley",
          "favicon": "https://media.anz.com/etc/designs/mediacentre/favicon.ico",
          "source": "media.anz.com",
          "published": "",
          "ttr": 20
     }
}