{
     "Date": "19/08/2019",
     "Open": "1.22",
     "High": "1.23",
     "Low": "1.2",
     "Close": "1.2",
     "Adj Close": "1.006574",
     "Volume": "149036",
     "headLine": "ANZ boosts clean energy finance program to $250 million",
     "link": "https://media.anz.com/posts/2019/08/anz-boosts-clean-energy-finance-program-to--250-million",
     "article": {
          "url": "https://media.anz.com/posts/2019/08/anz-boosts-clean-energy-finance-program-to--250-million",
          "title": "ANZ boosts clean energy finance program to $250 million",
          "description": "The additional finance will take ANZ’s total commitment to $250 million, with a focus on enabling businesses to purchase small-scale solutions to reduce their energy use, carbon footprint and fuel...",
          "links": [
               "https://media.anz.com/posts/2019/08/anz-boosts-clean-energy-finance-program-to--250-million"
          ],
          "image": "https://media.anz.com/content/dam/mediacentre/images/mediareleases/2019/August/tim-foster-CRsDbS_pHkE-unsplash.jpg",
          "content": "\n            The additional finance will take ANZ’s total commitment to $250 million, with a focus on enabling businesses to purchase small-scale solutions to reduce their energy use, carbon footprint and fuel consumption.\nMore than 500 ANZ business and commercial customers have used ANZ Energy Efficient Asset Finance since it was launched in December 2017. Investments include small-scale rooftop solar and battery storage, improved insulation and low-emission or electric vehicles.\nANZ Managing Director Commercial Banking Isaac Rankin said: “Energy costs remain some of the highest outgoings for business owners, therefore this program presents a win-win; simultaneously saving our customers money while lowering their emissions.\n“Our investment in this program directly relates to our commitment to fund and facilitate at least $15 billion in low-carbon and sustainable solutions by 2020,” Mr Rankin said.\nClean Energy Finance Corporation CEO, Ian Learmonth, said: “We welcome the renewed commitment from ANZ as we continue to work together to break new ground by introducing clean energy technologies to new sectors, businesses and projects.\n“Investments like these are helping us reduce Australia’s carbon emissions by supporting business borrowers looking to use energy efficiency and renewable energy to make real and positive changes to their operations,” he said.\nThrough the program ANZ can offer a 0.70% p.a. discount to business customers on a standard asset finance rate for new assets up to $5 million, provided they meet CEFC energy efficiency requirements.\nFor more information on CEFC see: https://www.cefc.com.au \nDOWNLOAD PDF\n    \n    For media enquiries contact\n        \n        +61 466 670 880 \n        Brittannie Edwards\n        +61 466 720 996\n        \n",
          "author": "Brett Foley @/content/mediacentre/en/authors/brett-foley,Brittannie Edwards@/content/mediacentre/en/authors/brittannie-edwards",
          "favicon": "https://media.anz.com/etc/designs/mediacentre/favicon.ico",
          "source": "media.anz.com",
          "published": "",
          "ttr": 51
     }
}