{
     "Date": "30/07/2019",
     "Open": "1.18",
     "High": "1.19",
     "Low": "1.18",
     "Close": "1.18",
     "Adj Close": "0.989798",
     "Volume": "837893",
     "headLine": "Tax refunds boost confidence",
     "link": "https://media.anz.com/posts/2019/07/tax-refunds-boost-consumer-confidence",
     "article": {
          "url": "https://media.anz.com/posts/2019/07/tax-refunds-boost-consumer-confidence",
          "title": "Tax refunds boost confidence",
          "description": "ANZ-Roy Morgan Consumer Confidence rose 1.9 per cent last week, building on the 0.3 per cent gain in the previous week. All the subindices rose except ‘current finances’. Current finances declined 0.9 per...",
          "links": [
               "https://media.anz.com/posts/2019/07/tax-refunds-boost-consumer-confidence"
          ],
          "image": "https://media.anz.com/content/dam/mediacentre/images/consumerconfidence/consumer%20confidence.jpg",
          "content": "\n    \n            ANZ-Roy Morgan Consumer Confidence rose 1.9 per cent last week, building on the 0.3 per cent gain in the previous week. All the subindices rose except ‘current finances’.\nCurrent finances declined 0.9 per cent after a 2.8 per cent jump in the previous week. Future finances gained 1.2 per cent.\nEconomic conditions subindices were more encouraging, with current economic conditions up by 5.8 per cent and future economic conditions flat.\nThe ‘time to buy a major household item’ index gained 3.5 per cent after losing 4.4 per cent previously. The four-week moving average for inflation expectations was up 0.1 percentage point to to 4.1 per cent.\n    \n    \n\n    \n            “Confidence gained for the second straight week and is now well above its long-run average,\" ANZ Head of Australian Economics David Plank said.\n\"The federal government’s tax refunds for low- and middle-income earners look to be boosting sentiment, particularly in the case of the ‘time to buy a household item’ subindex.\" \n\"RBA Governor Lowe’s statement that interest rates would remain low for an extended period is also likely to have helped support confidence, pushing equities to 12-year high.”\nDOWNLOAD PDF\n    \n\t\t\t\t\t\t",
          "author": "Phoebe O’Sullivan@/content/mediacentre/en/authors/phoebe-o_sullivan",
          "favicon": "https://media.anz.com/etc/designs/mediacentre/favicon.ico",
          "source": "media.anz.com",
          "published": "",
          "ttr": 38
     }
}