{
     "Date": "28/03/2018",
     "Open": "1.08",
     "High": "1.1",
     "Low": "1.08",
     "Close": "1.08",
     "Adj Close": "0.867317",
     "Volume": "224236",
     "headLine": "ANZ joins Qantas Future Planet Program",
     "link": "https://media.anz.com/posts/2018/03/anz-joins-qantas-future-planet-program",
     "article": {
          "url": "https://media.anz.com/posts/2018/03/anz-joins-qantas-future-planet-program",
          "title": "ANZ joins Qantas Future Planet Program",
          "description": "This partnership follows ANZ recently increasing its commitment to fund and facilitate low carbon and sustainable solutions, lifting its original target of $10 billion by 2020, to at least $15 billion by...",
          "links": [
               "https://media.anz.com/posts/2018/03/anz-joins-qantas-future-planet-program"
          ],
          "image": "https://media.anz.com/content/dam/mediacentre/images/mediareleases/2018/March/qantas.jpg",
          "content": "\n            This partnership follows ANZ recently increasing its commitment to fund and facilitate low carbon and sustainable solutions, lifting its original target of $10 billion by 2020, to at least $15 billion by 2020.\nANZ Head of Sustainable Finance Katharine Tapley said: “Bringing together business leaders under the Future Planet Partnership allows us to work collaboratively to address some of society’s biggest challenges, including climate change and social and economic disadvantage.\n“We are more likely to meaningfully contribute to building strong, stable economies and communities, and a clean environment, working with like-minded organisations rather than on our own,” Ms. Tapley said.\nInitial commitments under the ANZ partnership agreement include:\n\nRegular forums with government stakeholders, NGOs and Australian listed companies to explore how the United Nations Sustainable Development Goals can help shape business strategy.\nANZ to source a portion of its premium carbon offsets through Qantas. These projects have been verified to the highest international standards for emissions reductions, environmental outcomes and community benefits.\n\nSince 2010, ANZ’s global business operations have been net carbon zero. During this period its carbon footprint has been reduced by more than 63,000 tonnes in Australia alone.\nIt has also introduced a science-based target to reduce its own global operational emissions, and a target to increase consumption of renewable energy in its Australian premises.\nQantas Future Planet has offset more than three million tonnes of carbon emissions over the past ten years – the equivalent of taking 1.1 million cars off the road.\nFor more on the partnership visit www.qantasfutureplanet.com.au\nFor more on sustainability at ANZ visit www.anz.com/about-us/corporate-sustainability/\nView PDF\n    ",
          "author": "Phoebe O’Sullivan@/content/mediacentre/en/authors/phoebe-o_sullivan",
          "favicon": "https://media.anz.com/etc/designs/mediacentre/favicon.ico",
          "source": "media.anz.com",
          "published": "",
          "ttr": 53
     }
}