{
     "Date": "18/02/2021",
     "Open": "2.02",
     "High": "2.03",
     "Low": "2.01",
     "Close": "2.02",
     "Adj Close": "1.806591",
     "Volume": "169809",
     "headLine": "First Quarter Trading Update",
     "link": "https://media.anz.com/posts/2021/february/first-quarter-trading-update-",
     "article": {
          "url": "https://media.anz.com/posts/2021/february/first-quarter-trading-update-",
          "title": "First Quarter Trading Update ",
          "description": "CEO COMMENTARY ANZ Chief Executive Shayne Elliott said: “This is a strong performance in volatile trading conditions that again highlights the benefits of disciplined execution of our strategy as well as...",
          "links": [
               "https://media.anz.com/posts/2021/february/first-quarter-trading-update-"
          ],
          "image": "https://media.anz.com/content/dam/mediacentre/images/mediareleases/2021/ANZ%20Results%202020_030.jpg",
          "content": "\n            CEO COMMENTARY\nANZ Chief Executive Shayne Elliott said: “This is a strong performance in volatile trading conditions that again highlights the benefits of disciplined execution of our strategy as well as maintaining a simpler and well balanced portfolio of businesses.\n“We’re pleased to have achieved these results for shareholders while also helping customers in difficulty and providing the vital lending needed to support the economic recovery. All our major businesses performed well through the quarter with market share gains in our key home loan market in Australia as well as record home loan volumes in New Zealand.\n“Our diversified portfolio in Institutional delivered again for shareholders with a strong contribution from our international network. Markets had another solid quarter although revenue was down relative to the historic highs we experienced at the end of last year.\n“Margins were up across the group due to higher volume growth in targeted segments and a disciplined and active approach to risk and pricing. The combination drove Group revenue up 4% for the quarter when excluding the impact of our Markets business.\n“The small release in the collective provision reflected improved economic conditions, particularly here in Australia. However, recent lockdowns in Perth, Brisbane, Melbourne and Auckland demonstrate how quickly things can change and we believe our current settings are both prudent and appropriate given this uncertainty.\n“From an operational perspective, we successfully managed a significant increase in customer and transaction volumes while keeping costs in check and operating with the majority of our employees still working remotely. We have been focussed on costs for many years and we were again able to reduce how much we spent on running the bank while investing in initiatives that will deliver long-term benefits to shareholders.\n“We again strengthened our capital position resulting in a further increase in net tangible assets per share.\n“ANZ is well positioned heading into the remainder of 2021 with good momentum in our core activities. The work done to simplify and de-risk the business over the past five years set us up well and we have the capital, liquidity and operational capacity to continue to support our customers and the broader economy through what remains a volatile period,” Mr Elliott said.\nCOVID-19 SUPPORT\nANZ supported ~145k home loan and commercial customers in Australia and New Zealand with repayment deferrals to help them manage the impact of COVID-19. Approximately 1% of home loan customers in Australia and New Zealand are still receiving COVID support. In Australia, 84% of deferred home loans have rolled off with 98% returning to repayment. In New Zealand, 92% of loan deferrals have rolled off with 86% returning to repayments. \n    ",
          "author": "Stephen Ries@/content/mediacentre/en/authors/stephen-ries",
          "favicon": "https://media.anz.com/etc/designs/mediacentre/favicon.ico",
          "source": "media.anz.com",
          "published": "",
          "ttr": 88
     }
}