{
     "Date": "28/04/2020",
     "Open": "1.26",
     "High": "1.27",
     "Low": "1.23",
     "Close": "1.25",
     "Adj Close": "1.097978",
     "Volume": "150337",
     "headLine": "Consumer confidence loses momentum",
     "link": "https://media.anz.com/posts/2020/04/consumer-confidence-loses-momentum",
     "article": {
          "url": "https://media.anz.com/posts/2020/04/consumer-confidence-loses-momentum",
          "title": "Consumer confidence loses momentum",
          "description": "Consumer confidence has strengthened for the fourth week running, though the gain of 1 per cent was much smaller than over the prior three weeks. Reflecting this loss of momentum, the performance of the...",
          "links": [
               "https://media.anz.com/posts/2020/04/consumer-confidence-loses-momentum"
          ],
          "image": "https://media.anz.com/content/dam/mediacentre/images/consumerconfidence/2018/August/Consumer%20Confidence%20Aug.JPG",
          "content": "\n            Consumer confidence has strengthened for the fourth week running, though the gain of 1 per cent was much smaller than over the prior three weeks.\nReflecting this loss of momentum, the performance of the sub-indices was mixed. ‘Current finances’ gained 0.4 per cent, while ‘future finances’ fell 3.3 per cent, the first decline after four straight weekly gains.\n‘Current economic conditions’ strengthened by 13 per cent for its fourth-straight weekly gain, while ‘future economic conditions’ declined 5.9 per cent.\n‘Time to buy a major household item’ also saw its fourth straight weekly gain, up 8.2 per cent, while the four-week moving average for ‘inflation expectations’ fell 0.1 percentage points to its lowest ever level of 3.7 per cent, even though the weekly reading lifted to 3.6 per cent.\n    ",
          "author": "Phoebe O’Sullivan@/content/mediacentre/en/authors/phoebe-o_sullivan",
          "favicon": "https://media.anz.com/etc/designs/mediacentre/favicon.ico",
          "source": "media.anz.com",
          "published": "",
          "ttr": 26
     }
}