{
     "Date": "19/07/2021",
     "Open": "1.93",
     "High": "1.93",
     "Low": "1.88",
     "Close": "1.88",
     "Adj Close": "1.708472",
     "Volume": "132360",
     "headLine": "ANZ capital management update",
     "link": "https://media.anz.com/posts/2021/july/anz-capital-management-update",
     "article": {
          "url": "https://media.anz.com/posts/2021/july/anz-capital-management-update",
          "title": "ANZ capital management update",
          "description": "ANZ today announced it intends to buy-back up to $1.5 billion of shares on-market as part of its capital management plan. ",
          "links": [
               "https://media.anz.com/posts/2021/july/anz-capital-management-update"
          ],
          "image": "https://media.anz.com/content/dam/mediacentre/images/mediareleases/2021/July/Paul%20OSullivan030.jpg",
          "content": "\n            ANZ Chairman Paul O’Sullivan said: “Despite the very real challenges being experienced by many of our customers, we have the financial strength to continue to support our customers, while also returning surplus capital to shareholders.  After reviewing options, we consider an on-market buy-back to be the most prudent, fairest and flexible method to return capital in the current environment.\n“Our capital position may allow future capital returns to be considered, however we will continue to focus on balanced and prudent outcomes for all stakeholders,” Mr O’Sullivan said.\n\nANZ Chief Executive Officer Shayne Elliott said: “After taking into consideration the ongoing pressures in some parts of the economy due to COVID, including the current lockdowns in parts of the country, the strength of our balance sheet and ongoing financial performance means we are in a position to return a modest amount of surplus capital to shareholders through a buy-back of shares on-market.\n“Just as we supported our customers through previous lockdowns we stand ready and able to provide assistance to those that need it. The strength of our business means we are well placed to fulfil needs of our customers and the broader community while still actively managing our capital,” Mr Elliott said.\nCapital impact\nANZ’s reported Level 2 and Level 1 Common Equity Tier 1 capital (CET1) ratios as at 31 March 2021 were 12.4% and 12.2% respectively, well in excess of APRA’s stated unquestionably strong capital requirement of 10.5%.\nThe on-market buy-back is expected to reduce ANZ’s March 2021 CETI ratio by approximately 35 basis points.\nA purchase of shares is likely to begin in August 2021.\nRetail shareholders can contact Computershare for further information on 1800 11 33 99 or +613 9415 4010.\nDownload PDF\n    ",
          "author": "Stephen Ries@/content/mediacentre/en/authors/stephen-ries",
          "favicon": "https://media.anz.com/etc/designs/mediacentre/favicon.ico",
          "source": "media.anz.com",
          "published": "",
          "ttr": 58
     }
}