{
     "Date": "22/06/2021",
     "Open": "2.05",
     "High": "2.06",
     "Low": "2.01",
     "Close": "2.06",
     "Adj Close": "1.872049",
     "Volume": "303663",
     "headLine": "Consumer confidence recovering",
     "link": "https://media.anz.com/posts/2021/June/consumer-confidence-recovering",
     "article": {
          "url": "https://media.anz.com/posts/2021/June/consumer-confidence-recovering",
          "title": "Consumer confidence recovering",
          "description": "Consumer confidence increased by 1.3 per cent as great news on the labour market boosted sentiment despite the emergence of a new COVID-19 cluster in Sydney. ‘Current financial conditions’ rose 4.9 per cent...",
          "links": [
               "https://media.anz.com/posts/2021/June/consumer-confidence-recovering"
          ],
          "image": "https://media.anz.com/content/dam/mediacentre/images/consumerconfidence/2019/November/man%20shopping.jpg",
          "content": "\n    \n            Consumer confidence increased by 1.3 per cent as great news on the labour market boosted sentiment despite the emergence of a new COVID-19 cluster in Sydney.\n‘Current financial conditions’ rose 4.9 per cent after falling for the past three weeks, while ‘future financial conditions’ softened 0.8 per cent.\n‘Current economic conditions’ also gained 4.9 per cent, while ‘future economic conditions’ rose 0.5 per cent.\n‘Time to buy a major household item’ declined 1.8 per cent.‘ Weekly inflation expectations’ rose by 0.3ppt to 4.2 per cent, pushing the four-week moving average up 0.1ppt to 4.0 per cent. This is the first time the four-week moving average has been at or above 4.0 per cent since April 2020.\n    \n    \n\n    \n            \"The strong labour market recovery provided a boost to consumer confidence with the index gaining 1.3 per cent last week. The unemployment rate fell to 5.1 per cent in May, reaching its lowest level since February 2020 - that is, before the pandemic\nstarted.\" ANZ Head of Australian Economics, David Plank said.\n\"This strength in the employment data overshadowed news about the emergence of a COVID cluster in Sydney. Confidence in the city rose by 5.2 per cent, while in the rest of New South Wales it gained 2.8 per cent.\" \n\"We know from recent experience, however, that sentiment will likely be impacted negatively if the outbreak worsens and greater restrictions are imposed.\"\nDownload PDF\n    \n\t\t\t\t\t\t",
          "author": "Emma Mellow@/content/mediacentre/en/authors/emma-mellow",
          "favicon": "https://media.anz.com/etc/designs/mediacentre/favicon.ico",
          "source": "media.anz.com",
          "published": "",
          "ttr": 47
     }
}