{
     "Date": "4/08/2021",
     "Open": "1.86",
     "High": "1.86",
     "Low": "1.84",
     "Close": "1.86",
     "Adj Close": "1.690297",
     "Volume": "494351",
     "headLine": "Christine O’Reilly to join the ANZ Board",
     "link": "https://media.anz.com/posts/2021/august/christine-o_reilly-to-join-the-anz-board",
     "article": {
          "url": "https://media.anz.com/posts/2021/august/christine-o_reilly-to-join-the-anz-board",
          "title": "Christine O’Reilly to join the ANZ Board",
          "description": "Ms O’Reilly is one of Australia’s leading non-executive directors and currently serves on the boards of BHP, Medibank Private, Stockland and The Baker Heart &amp; Diabetes Institute. She has previously been a...",
          "links": [
               "https://media.anz.com/posts/2021/august/christine-o_reilly-to-join-the-anz-board"
          ],
          "image": "https://media.anz.com/content/dam/mediacentre/images/mediareleases/2019/July/ANZ%20Pitt%20street%20logo.jpg",
          "content": "\n            Ms O’Reilly is one of Australia’s leading non-executive directors and currently serves on the boards of BHP, Medibank Private, Stockland and The Baker Heart &amp; Diabetes Institute. She has previously been a non-executive director of CSL, Transurban and Energy Australia.\nPrior to this, Ms O’Reilly held executive roles in the infrastructure and financial services industries. This includes being CEO of GasNet Australia and Co-Head of Unlisted Infrastructure Investments at Colonial First State Global Asset Management and follows an early career including investment banking and audit experience at Price Waterhouse.\nCommenting on the appointment Mr O’Sullivan said: “Christine is one of Australia’s most experienced company directors and I know she will make a valued contribution to ANZ and our shareholders.\n“Christine has had broad exposure to the financial services industry as well as extensive experience in domestic and offshore companies. We look forward to Christine joining the Board in November,” Mr O’Sullivan said.\nFollowing her appointment, Ms O’Reilly will stand for election as a Director at ANZ’s Annual General Meeting on 16 December 2021.\nDownload PDF\n    ",
          "author": "Stephen Ries@/content/mediacentre/en/authors/stephen-ries",
          "favicon": "https://media.anz.com/etc/designs/mediacentre/favicon.ico",
          "source": "media.anz.com",
          "published": "",
          "ttr": 35
     }
}