{
     "Date": "20/03/2020",
     "Open": "1.05",
     "High": "1.05",
     "Low": "1.02",
     "Close": "1.04",
     "Adj Close": "0.913518",
     "Volume": "277737",
     "headLine": "ANZ launches major COVID-19 support package",
     "link": "https://media.anz.com/posts/2020/03/anz-launches-major-covid-19-support-package",
     "article": {
          "url": "https://media.anz.com/posts/2020/03/anz-launches-major-covid-19-support-package",
          "title": "ANZ launches major COVID-19 support package",
          "description": "Key Points: Small &amp; Medium Businesses:  Decrease variable interest small business loan rates in Australia by 0.25%pa, effective from 27 March 2020, resulting in a 0.50%pa[1] reduction since last week. All...",
          "links": [
               "https://media.anz.com/posts/2020/03/anz-launches-major-covid-19-support-package"
          ],
          "image": "https://media.anz.com/content/dam/news/gallery/Executives/Shayne%20Elliott_AH042.jpg",
          "content": "\n            Key Points:\nSmall &amp; Medium Businesses:\n\nDecrease variable interest small business loan rates in Australia by 0.25%pa, effective from 27 March 2020, resulting in a 0.50%pa[1] reduction since last week.\nAll impacted customers can request a six-month payment deferral on loan repayments for term loans, with interest capitalised[2].\nMaking available temporary increases in overdraft facilities for 12 months.\nA reduction by 0.80%pa to a new two and three-year fixed rate of 2.59%pa for secured small business loans up to $1 million[3], effective 3 April 2020.\n \n\nHome Loan Customers:\n\nDecrease variable interest home loan rates in Australia by 0.15%pa across all Variable rate indices, effective from 27 March 2020.\nIntroduction of a two-year fixed rate of 2.19%pa[4] for Owner Occupiers paying Principal &amp; Interest; our lowest fixed-rate home loan on-record.\nRequest a deferral of home loan repayments for up to six-months, with a review at three-months, with interest capitalised[2].\n\n    \n            ANZ Chief Executive Officer Shayne Elliott said: “Our package supports Australian business and the people who work for them. We understand the impact this crisis is having and ANZ will play a major role in backing Australia’s economy and our customers through these challenging times.\n \n“We have been working with both the Federal Government and our regulators to keep money flowing through the economy and we’ll do all we can to keep businesses afloat and Australians employed, as well as reducing the financial pressure on households.\n \n“Our decision to reduce variable home loan and small business rates is the right thing to do for our existing customers, particularly the significant number of our home loan customers who are self-employed and managing the effects of the COVID-19 crisis on their own businesses.\n \n“The highly competitive fixed-rates being offered will provide customers certainty over repayments with our lowest fixed-rates on record,” Mr Elliott said.\nSmall &amp; Medium business\nThe six-month payment support is available to all ANZ’s small and medium business customers. For a customer with $1m in lending, the support equates to $40-$50k of working capital. If all ANZ’s small and medium customers were to take up the offer of a payment deferral, more than $2.5 billion would be freed-up for businesses to continue operating and employing staff during this time. ANZ will also provide an option of a temporary increase in overdraft facilities for 12 months.\n \nSeverely impacted Small &amp; Medium business\nANZ acknowledges there are severely impacted small and medium business customers who will need specialist support. These customers will have access to relief measures specifically to respond to their circumstances.\n \nFinancial assistance for home loan customers\nANZ is offering financial support to home loan customers impacted by COVID-19. This can include deferring home loan repayments for six months. Under a home loan repayment deferral, customers do not need to make repayments to their home loan for a period of time. Unpaid interest during this period is capitalised, meaning it is added to the customer’s outstanding loan balance to be paid over the remaining loan term.\n \nFor customers ahead in their home loan repayments there may be options such as accessing their existing redraw balances or using funds in their offset or deposit accounts. For the majority of customers who pay more than the minimum home loan repayment amount, they can reduce their monthly payments to the minimum repayment amount through internet banking or by calling 13 25 99.\nCurrent Standard Variable Home Loan Rates\n\nFor Standard Variable Rate Owner Occupiers paying Principal &amp; Interest, the Index Rate will decrease by 0.15% to 4.39%pa.\nFor Standard Variable Rate Investors paying Principal &amp; Interest the Index Rate will decrease by 0.15%pa to 4.99%pa.\nFor Standard Variable Rate Owner Occupiers paying Interest Only the Index Rate will decrease by 0.15%pa to 4.94%pa.\nFor Standard Variable Rate Investors paying Interest Only the Index Rate will decrease by 0.15%pa to 5.24%pa.\n\nMore information, including dedicated contact telephone numbers available from Monday, can be found at our dedicated site on anz.com.\nDOWNLOAD PDF\nDOWNLOAD INTEREST RATES EXPLAINER \n[1] ANZ announced it would decrease variable interest small business loan rates by 0.25%pa, effective 13 March 2020.\n[2] Interest Capitalisation is the addition of unpaid interest to the outstanding loan balance. The outstanding loan balance increases when payments are postponed during periods of deferment or forbearance and unpaid interest is capitalised.\n[3] Applicants must have less than $1M total business lending with ANZ and must meet ANZ's security requirements.\n[4] Available under ANZ Breakfree from 23 March 2020.\n    ",
          "author": "Stephen Ries@/content/mediacentre/en/authors/stephen-ries,Nick Higginbottom@/content/mediacentre/en/authors/nick-higginbottom",
          "favicon": "https://media.anz.com/etc/designs/mediacentre/favicon.ico",
          "source": "media.anz.com",
          "published": "",
          "ttr": 148
     }
}