{
     "Date": "2/05/2018",
     "Open": "1.07",
     "High": "1.09",
     "Low": "1.06",
     "Close": "1.07",
     "Adj Close": "0.859286",
     "Volume": "221793",
     "headLine": "ANZ job ads: a strong start to the year",
     "link": "https://media.anz.com/posts/2018/02/anz-job-ads--a-strong-start-to-the-year",
     "article": {
          "url": "https://media.anz.com/posts/2018/02/anz-job-ads--a-strong-start-to-the-year",
          "title": "ANZ job ads: a strong start to the year",
          "description": "In seasonally adjusted terms, ANZ Job Advertisements jumped 6.2% m/m in January, more than reversing the 2.7% fall in the previous month. ",
          "links": [
               "https://media.anz.com/posts/2018/02/anz-job-ads--a-strong-start-to-the-year"
          ],
          "image": "https://media.anz.com/content/dam/mediacentre/images/jobads/2018/February/ANZ%20JOB%20ADS-%20A%20STRONG%20START%20TO%20THE%20YEAR-2.png",
          "content": "\n            KEY POINTS\n\nIn seasonally adjusted terms, ANZ Job Advertisements jumped 6.2% m/m in January, more than reversing the 2.7% fall in the previous month. On an annual basis, job ads are up 13.8%, a step up from the 11.4% y/y rise in December.\n\nIn trend terms, job ads were up 0.7% m/m in January following a similar increase in the previous month. The annual trend rate slowed from 12.3% in December to 11.9% in January.\n\nANZ’S HEAD OF AUSTRALIAN ECONOMICS, DAVID PLANK, COMMENTED\n“It is encouraging to see a strong recovery in Job Ads last month after a slight retreat in December. The bounce in January is in line with ongoing strength in business conditions, capacity utilisation and other surveys of employment conditions. Taken together, there is some evidence that the slowdown in the trend we saw in H2 last year may reverse in the coming months. That said, given the seasonal volatility often associated with this time of year, it is perhaps too early to tell for sure.\nIn recent months the RBA has noted the strong gains in employment across states, as well as the increase in labour force participation. The RBA will likely see the Q4 CPI result as broadly positive, with clear signs that inflationary pressures have stabilised, albeit at a level below the policy band. All eyes now turn to the Q4 wage number out on 21 February. We see a rise of 0.5% q/q as being consistent with our view that the RBA will raise rates this year in an effort to bring the real cash rate back to zero.”\n    \n    \n                Job Advertisements\n        \n        \n                Insights\n        \n    \n\n    For media enquiries contact\n        \n        +61 2 8037 0029\n        Mustafa Arif\n        +91 80 6795 3801\n        \n",
          "author": "David Plank@/content/mediacentre/en/authors/david-plank,Mustafa Arif@/content/mediacentre/en/authors/mustafa-arif",
          "favicon": "https://media.anz.com/etc/designs/mediacentre/favicon.ico",
          "source": "media.anz.com",
          "published": "",
          "ttr": 57
     }
}