{
     "Date": "7/04/2019",
     "Open": "",
     "High": "",
     "Low": "",
     "Close": "",
     "Adj Close": "",
     "Volume": "",
     "headLine": "ANZ-Property Council Survey: Improving credit outlook drives sentiment higher",
     "link": "https://media.anz.com/posts/2019/07/anz-property-council-survey--improving-credit-outlook-drives-sen",
     "article": {
          "url": "https://media.anz.com/posts/2019/07/anz-property-council-survey--improving-credit-outlook-drives-sen",
          "title": "ANZ-Property Council Survey: Improving credit outlook drives sentiment higher",
          "description": "The ANZ-Property Council Survey for the September quarter shows a solid bounce in sentiment in Australia’s property sector. Just as the recent weakness in the property sector has been more pronounced in...",
          "links": [
               "https://media.anz.com/posts/2019/07/anz-property-council-survey--improving-credit-outlook-drives-sen"
          ],
          "image": "https://media.anz.com/content/dam/mediacentre/pdfs/mediareleases/2019/June/Housing%20Report%20cover%20image.JPG",
          "content": "\n            The ANZ-Property Council Survey for the September quarter shows a solid bounce in sentiment in Australia’s property sector. \nJust as the recent weakness in the property sector has been more pronounced in residential, the bounce in sentiment in the September quarter was more marked in the residential sector. The improvement was apparent across all the key housing indicators including the outlook for credit availability, prices and construction. \nThe improvement in confidence was broadly based, with NSW, Victoria, Queensland, Western Australia and South Australia all posting gains. Of the states, only Tasmania saw a decline. \nThe improvement in confidence is encouraging and suggests that the worst of the house price falls are probably behind us. With the reality of ongoing constraints on credit availability, however, we expect that the bounce in prices and construction will be much more muted than the rebound in some residential indicators might suggest. \nSentiment also bounced in the commercial property space in the September quarter, and remains well above confidence in the residential sector. The outlook for the office, industrial, aged care and accommodation segments all improved in the quarter.\n    ",
          "author": "Phoebe O’Sullivan@/content/mediacentre/en/authors/phoebe-o_sullivan",
          "favicon": "https://media.anz.com/etc/designs/mediacentre/favicon.ico",
          "source": "media.anz.com",
          "published": "",
          "ttr": 37
     }
}