{
     "Date": "17/04/2018",
     "Open": "1.07",
     "High": "1.1",
     "Low": "1.07",
     "Close": "1.1",
     "Adj Close": "0.883378",
     "Volume": "474257",
     "headLine": "Consumer confidence: a timely bounce",
     "link": "https://media.anz.com/posts/2018/04/consumer-confidence-a-timely-bounce",
     "article": {
          "url": "https://media.anz.com/posts/2018/04/consumer-confidence-a-timely-bounce",
          "title": "Consumer confidence: a timely bounce",
          "description": "ANZ Roy Morgan Consumer confidence rose 0.8% to 116.0 last week, ending a string of weekly declines. Though the headline increase was modest, the detail was more encouraging, with four in five subindices...",
          "links": [
               "https://media.anz.com/posts/2018/04/consumer-confidence-a-timely-bounce"
          ],
          "image": "https://media.anz.com/content/dam/mediacentre/images/consumerconfidence/consumer%20confidence.jpg",
          "content": "\n            \nANZ Roy Morgan Consumer confidence rose 0.8% to 116.0 last week, ending a string of weekly declines. Though the headline increase was modest, the detail was more encouraging, with four in five subindices posting gains.\nViews towards current financial conditions rose a solid 4.6% last week, after three successive falls. Views towards future conditions bounced 3.5%, entirely reversing the previous week’s fall.\nSentiment toward both current and future economic conditions continued to recover, rising 0.5% and 0.9% respectively last week, following similar gains in the previous week. The current conditions subindex has risen to 103.9 after falling to its long term average of 101.9 in the last week of March.\nBucking the trend the ‘time to buy a household item’ subindex fell 4.3%, more than reversing the previous week’s 1.5% rise. Inflation expectations edged up to 4.5% on a four-week moving average basis.\n\nANZ’S HEAD OF AUSTRALIAN ECONOMICS, DAVID PLANK, COMMENTED:\n“It is encouraging to see confidence rise, for the first time this month, driven by a solid increase in sentiment towards financial conditions. Views towards both current and future conditions remain above their long term average, despite the strain on households’ balance sheets.\nEconomic conditions fell sharply through most of February and March, likely reflecting concerns about trade policy and the associated impact on financial markets. Since then, we have seen a small, but steady, recovery in April, particularly in sentiment towards current conditions. On this front, a positive employment report on Thursday may provide further support.”\n    ",
          "author": "David Plank@/content/mediacentre/en/authors/david-plank,Mustafa Arif@/content/mediacentre/en/authors/mustafa-arif",
          "favicon": "https://media.anz.com/etc/designs/mediacentre/favicon.ico",
          "source": "media.anz.com",
          "published": "",
          "ttr": 50
     }
}