{
     "Date": "3/05/2018",
     "Open": "1.08",
     "High": "1.08",
     "Low": "1.06",
     "Close": "1.08",
     "Adj Close": "0.867317",
     "Volume": "258034",
     "headLine": "ANZ job ads: catch their breath",
     "link": "https://media.anz.com/posts/2018/03/anz-job-ads--catch-their-breath",
     "article": {
          "url": "https://media.anz.com/posts/2018/03/anz-job-ads--catch-their-breath",
          "title": "ANZ job ads: catch their breath",
          "description": "KEY POINTS ANZ Australian Job Advertisements fell 0.3% m/m in February, on the back of a sharp 6.2% rise in the previous month. The number of job ads currently sits 13.3% higher than a year ago. In trend...",
          "links": [
               "https://media.anz.com/posts/2018/03/anz-job-ads--catch-their-breath"
          ],
          "image": "https://media.anz.com/content/dam/mediacentre/images/jobads/job%20ads.jpg",
          "content": "\n            KEY POINTS\nANZ Australian Job Advertisements fell 0.3% m/m in February, on the back of a sharp 6.2% rise in the previous month. The number of job ads currently sits 13.3% higher than a year ago.\nIn trend terms, job ads were up 0.9% m/m in February, following a similar increase in the previous two months. The annual trend rate slowed from 12.4% in January to 12.1%, last month.\nANZ’S HEAD OF AUSTRALIAN ECONOMICS, DAVID PLANK, COMMENTED:\n“Encouragingly, ANZ Job Ads have held on to their gain in January and, as such, a slight fall in February is not cause for concern. Business conditions remain elevated, job security continues to improve and capacity utilisation now sits at the highest rate since 2008. This suggests further gains in employment and ongoing inroads into the unemployment rate, at least through the first half of the year. Even as the labour market continues to punch above its weight, wage growth remains tepid. \nThe recent Q4 WPI print provided some encouragement, with a positive surprise on the headline and the detail showing acceleration in wages across 60% of industries. To be fair, the uptick in wages was largely driven by the public sector, but on balance we continue to believe that a steady reduction in spare capacity in the labour market will gradually feed into wage growth. Another solid outcome in Q1 will support our view that wage growth is heading in the right direction, albeit with a gradual rate of improvement.”\nDownload the PDF for the full report\nView PDF\n    ",
          "author": "David Plank@/content/mediacentre/en/authors/david-plank",
          "favicon": "https://media.anz.com/etc/designs/mediacentre/favicon.ico",
          "source": "media.anz.com",
          "published": "",
          "ttr": 52
     }
}