{
     "Date": "13/03/2020",
     "Open": "1.18",
     "High": "1.2",
     "Low": "1.13",
     "Close": "1.14",
     "Adj Close": "1.001356",
     "Volume": "334457",
     "headLine": "ANZ reduces variable business loan rates by 0.25%pa",
     "link": "https://media.anz.com/posts/2020/03/anz-reduces-variable-business-loan-rates-by-0-25-pa",
     "article": {
          "url": "https://media.anz.com/posts/2020/03/anz-reduces-variable-business-loan-rates-by-0-25-pa",
          "title": "ANZ reduces variable business loan rates by 0.25%pa",
          "description": "ANZ Managing Director Commercial Banking, Isaac Rankin said: “This reduction will provide some immediate relief to our small business customers in particular as they deal with the challenging environment...",
          "links": [
               "https://media.anz.com/posts/2020/03/anz-reduces-variable-business-loan-rates-by-0-25-pa"
          ],
          "image": "https://media.anz.com/content/dam/mediacentre/images/mediareleases/2018/March/ANZ%20logo%20outdoors.jpg",
          "content": "\n            ANZ Managing Director Commercial Banking, Isaac Rankin said: “This reduction will provide some immediate relief to our small business customers in particular as they deal with the challenging environment created by the global outbreak of the COVID-19 coronavirus.”\nThe rate reduction follows the Australian Government announcement of a multi-billion dollar stimulus package that included support for business investment through accelerating depreciation deductions and an increase to instant asset write-offs.\nANZ is also providing any necessary financial support for business customers experiencing hardship due to the outbreak of COVID-19. This includes suspending repayments, providing early access to term deposits without incurring break fees as well as providing access to additional credit.\nLast week ANZ reduced variable home loan rates between 0.25%pa and 0.35%pa across a range of products with those new rates also effective from today.\nANZ customers are encouraged to contact their relationship manager to discuss the impact on their business. Customers can also contact ANZ’s dedicated financial hardship team on 1800 351 548 or anz.com/hardship.\nDownload PDF \n    \n    For media enquiries contact\n        \n        +61 409 655 551\n        Nick Higginbottom\n        +61 403 936 262\n        \n",
          "author": "Stephen Ries@/content/mediacentre/en/authors/stephen-ries,Nick Higginbottom@/content/mediacentre/en/authors/nick-higginbottom",
          "favicon": "https://media.anz.com/etc/designs/mediacentre/favicon.ico",
          "source": "media.anz.com",
          "published": "",
          "ttr": 37
     }
}