{
     "Date": "24/03/2020",
     "Open": "0.93",
     "High": "0.97",
     "Low": "0.92",
     "Close": "0.95",
     "Adj Close": "0.834463",
     "Volume": "1408410",
     "headLine": "Consumer confidence plunges",
     "link": "https://media.anz.com/posts/2020/03/consumer-confidence-plunges",
     "article": {
          "url": "https://media.anz.com/posts/2020/03/consumer-confidence-plunges",
          "title": "Consumer confidence plunges",
          "description": "ANZ Head of Australian Economics, David Plank, commented: The increasingly negative news about the impact of the coronavirus pandemic in Australia has had a dramatic impact on consumer sentiment, with...",
          "links": [
               "https://media.anz.com/posts/2020/03/consumer-confidence-plunges"
          ],
          "image": "https://media.anz.com/content/dam/mediacentre/images/consumerconfidence/2018/August/Consumer%20Confidence%20Atm.JPG",
          "content": "\n            ANZ Head of Australian Economics, David Plank, commented:\nThe increasingly negative news about the impact of the coronavirus pandemic in\nAustralia has had a dramatic impact on consumer sentiment, with confidence\nshowing its biggest ever fall since the survey moved to a weekly basis in 2008.\nConsumer confidence has been lower than this level, but only just and only during\nthe 1990-91 recession. The plunge was broad-based, with all sub-components of\nsentiment well below average and well below the levels seen during the GFC.\nOnly the levels seen during the 1990-91 recession are comparable. We should note\nthat the coronavirus has necessitated a change in the survey methodology, away\nfrom face-to-face to phone and online interviews.\nIt is possible that this impacted the results, though the consistency of the responses suggests this is unlikely.\nDOWNLOAD PDF\n    ",
          "author": "Phoebe O’Sullivan@/content/mediacentre/en/authors/phoebe-o_sullivan",
          "favicon": "https://media.anz.com/etc/designs/mediacentre/favicon.ico",
          "source": "media.anz.com",
          "published": "",
          "ttr": 28
     }
}