{
     "Date": "13/11/2018",
     "Open": "1.04",
     "High": "1.05",
     "Low": "1.04",
     "Close": "1.04",
     "Adj Close": "0.846325",
     "Volume": "82701",
     "headLine": "Consumer confidence: consumer confidence regains lost ground",
     "link": "https://media.anz.com/posts/2018/11/consumer-confidence--consumer-confidence-regains-lost-ground",
     "article": {
          "url": "https://media.anz.com/posts/2018/11/consumer-confidence--consumer-confidence-regains-lost-ground",
          "title": "Consumer confidence: consumer confidence regains lost ground",
          "description": "ANZ-Roy Morgan Australian Consumer Confidence continues recovering from the dive seen the weekend of the Wentworth by-election. ",
          "links": [
               "https://media.anz.com/posts/2018/11/consumer-confidence--consumer-confidence-regains-lost-ground"
          ],
          "image": "https://media.anz.com/content/dam/mediacentre/images/consumerconfidence/2018/August/Consumer%20Confidence%20Aug.JPG",
          "content": "\n            ANZ’s Head of Australian Economics, David Plank, commented\n“Consumer confidence registered its third consecutive gain after the sharp fall recorded during the Wentworth by-election weekend. In fact, confidence has more than regained that fall and is at its highest level since late July.\nLast week’s RBA Statement on Monetary Policy was quite upbeat on the Australian economy. At the same time, the Bank’s message of no near-term hikes in the interest rate was reassuring for households. Sentiment might have received boosts from the recent easing in petrol prices and the rebound in equity markets.\nThere is some important data this week that may impact household sentiment, not least Q3 wage data. We think this will be boosted by the rise in the minimum wage and the finalising of some enterprise agreements.”\nPlease see the attached document for further details.\n    \n    \n                ANZ-Roy Morgan Consumer Confidence\n        \n    \n\n    For media enquiries contact\n        \n        +61 2 8037 0029\n        Shaurya Mishra\n        +91 80 6795 3801\n        Francesca Rizzo\n        +61 481-014224\n        \n",
          "author": "David Plank@/content/mediacentre/en/authors/david-plank,Shaurya Mishra@/content/mediacentre/en/authors/shaurya-mishra,Francesca Rizzo@/content/mediacentre/en/authors/Francesca-Rizzo",
          "favicon": "https://media.anz.com/etc/designs/mediacentre/favicon.ico",
          "source": "media.anz.com",
          "published": "",
          "ttr": 33
     }
}