{
     "Date": "14/02/2018",
     "Open": "1.11",
     "High": "1.11",
     "Low": "1.11",
     "Close": "1.11",
     "Adj Close": "0.866511",
     "Volume": "111400",
     "headLine": "ANZ comments on APRA capital discussion paper",
     "link": "https://media.anz.com/posts/2018/02/anz-comments-on-apra-capital-discussion-paper",
     "article": {
          "url": "https://media.anz.com/posts/2018/02/anz-comments-on-apra-capital-discussion-paper",
          "title": "ANZ comments on APRA capital discussion paper",
          "description": "The paper outlines proposed changes to the capital framework following the finalisation of the Basel III reforms in December 2017 and changes to its risk framework, with APRA’s implementation timetable...",
          "links": [
               "https://media.anz.com/posts/2018/02/anz-comments-on-apra-capital-discussion-paper"
          ],
          "image": "https://media.anz.com/content/dam/mediacentre/images/mediareleases/ANZ_logo.png",
          "content": "\n            The paper outlines proposed changes to the capital framework following the finalisation of the Basel III reforms in December 2017 and changes to its risk framework, with APRA’s implementation timetable extending to 2021.\nANZ will continue to consult with APRA to fully understand the impact of the proposed changes. APRA has confirmed that if the proposed changes result in an overall increase in risk weighted assets, it will reduce the capital ratio benchmark of 10.5% flagged in July 2017.\nANZ’s current capital ratio of 10.8% includes the proceeds of the sale of Shanghai Rural Commercial Bank and a small benefit of the sale of its Asian retail and wealth businesses. Further benefits will be achieved following completion of other asset sales, including the sale of the Australian wealth businesses.\nAPRA has also proposed a minimum leverage ratio requirement of 4% for Internal Ratings-Based (IRB) banks and changes to the leverage ratio exposure measure calculations for implementation by 1 July 2019. ANZ’s leverage ratio at December 2017 is 5.5%.\nANZ’s previously announced buy-back up to $1.5 billion of shares on-market relating to the sale of ANZ’s 20% stake in Shanghai Rural Commercial Bank remains ongoing.\nANZ Chief Financial Officer Michelle Jablko said: “The divestment of non-core businesses should continue to provide ANZ with the flexibility to consider further capital management initiatives in the future. Further initiatives will be considered once we receive the proceeds of our announced sales and will remain subject to business conditions and regulatory approval.”\nView PDF\n    \n    For media enquiries contact\n        \n        +61 409 655 551\n        Cameron Davis\n        +61-421-613819 \n        \n",
          "author": "Stephen Ries@/content/mediacentre/en/authors/stephen-ries,Cameron Davis@/content/mediacentre/en/authors/cameron-davis",
          "favicon": "https://media.anz.com/etc/designs/mediacentre/favicon.ico",
          "source": "media.anz.com",
          "published": "",
          "ttr": 52
     }
}