{
     "Date": "5/03/2021",
     "Open": "1.98",
     "High": "2",
     "Low": "1.94",
     "Close": "1.96",
     "Adj Close": "1.75293",
     "Volume": "185655",
     "headLine": "ANZ provides support package for Queensland farmers affected by Cyclone Niran",
     "link": "https://media.anz.com/posts/2021/march/anz-provides-support-package-for-queensland-farmers-affected-by-",
     "article": {
          "url": "https://media.anz.com/posts/2021/march/anz-provides-support-package-for-queensland-farmers-affected-by-",
          "title": "ANZ provides support package for Queensland farmers affected by Cyclone Niran",
          "description": "ANZ today announced it would provide a financial support package to help Queensland banana growers and other customers that were affected by Cyclone Niran this week.",
          "links": [
               "https://media.anz.com/posts/2021/march/anz-provides-support-package-for-queensland-farmers-affected-by-"
          ],
          "image": "https://media.anz.com/content/dam/mediacentre/images/mediareleases/2021/March/Queensland%20banana%20crop%20destroyed_edited.jpg",
          "content": "\n            The cyclone decimated some banana crops completely with the damaging winds it generated also damaging properties, felling trees and knocking out electricity and other services across northern Queensland.\nANZ encourages customers affected by Cyclone Niran to contact the bank when they’re ready to discuss how they can access a range of financial support measures, including:\n\nPausing payments for up to three months on home loans, credit cards, personal loans and some business loans (we may still charge you interest during that period)       \nTemporary interest rate reductions on lending for customers experiencing extreme financial distress\nWaiving fees for restructuring business loans\nWaiving fees for accessing term deposits early\n\nANZ Head of Agribusiness, Mark Bennett said: “Cyclone Niran has devastated banana crops and other farms across northern Queensland as well as services and left many communities to pick up the pieces in the aftermath.\n“This is a cruel blow to those communities and the Queensland farmers who have had more than their fair share of challenges in recent times. As people manage the recovery process, we hope the relief measures we’ve announced today will assist in what is a very difficult time.”\nANZ customers affected by Cyclone Niran are encouraged to visit their local branch if they are able, or to contact their relationship manager to discuss the impact on their business or personal circumstances.\nCustomers can also contact ANZ’s dedicated financial hardship team on 1800 149 549 or at anz.com.au/support/natural-disaster-support/\nCustomers with ANZ Home and Contents Insurance may be eligible for emergency funds and temporary accommodation.\nTo lodge an insurance claim, customers can call 13 16 14 or visit anz.com/insuranceclaims\nDownload PDF\n    ",
          "author": "Nick Higginbottom@/content/mediacentre/en/authors/nick-higginbottom",
          "favicon": "https://media.anz.com/etc/designs/mediacentre/favicon.ico",
          "source": "media.anz.com",
          "published": "",
          "ttr": 55
     }
}