{
     "Date": "27/02/2018",
     "Open": "1.06",
     "High": "1.08",
     "Low": "1.06",
     "Close": "1.07",
     "Adj Close": "0.835285",
     "Volume": "156143",
     "headLine": "Consumer confidence: weathers the storm",
     "link": "https://media.anz.com/posts/2018/02/anz-roy-morgan-australian-consumer-confidence",
     "article": {
          "url": "https://media.anz.com/posts/2018/02/anz-roy-morgan-australian-consumer-confidence",
          "title": "Consumer confidence: weathers the storm",
          "description": "ANZ-Roy Morgan Australian Consumer Confidence bounced 2.3%, partially recovering from the 3.5% fall the previous week. The details were broadly positive, with four out of five sub-indices posting...",
          "links": [
               "https://media.anz.com/posts/2018/02/anz-roy-morgan-australian-consumer-confidence"
          ],
          "image": "https://media.anz.com/content/dam/mediacentre/images/consumerconfidence/2018/February/2.27.png",
          "content": "\n            ANZ-Roy Morgan Australian Consumer Confidence bounced 2.3%, partially recovering from the 3.5% fall the previous week. The details were broadly positive, with four out of five sub-indices posting gains.\n\nViews towards current economic conditions firmed 0.4% after sharp losses in the previous two weeks. While views toward current economic conditions have only stabilised after these falls, they remain above their long term average. Consumers were more optimistic about future conditions, with this sub-index bouncing 6% last week and almost offsetting the 8.8% drop in the previous week.\n\nViews towards current finances jumped 6% bringing the subindex to a six-week high of 110.4. The recovery in sentiment around future conditions was more modest (1.5%), offsetting the 1.3% fall in the previous week.\n\nSentiment around the ‘time to buy a household item’ continues its downward trend, slipping 1.5% to 133.5. Inflation expectations edged up to 4.5% on a four-week basis.\nANZ’S HEAD OF AUSTRALIAN ECONOMICS, DAVID PLANK, COMMENTED:\n“It is encouraging to see confidence recover after being hit by equity market volatility and domestic political uncertainty in consecutive weeks. A broad based improvement suggests that confidence remains supported by strong fundamentals, underneath the weekly volatility.\nFollowing our recent focus on household finances and the headwinds households face, we note that overall financial conditions have moved up last week, driven by a turn in views towards current conditions. This is particularly encouraging given that the RBA has flagged household consumption as a key area of uncertainty in its outlook for 2018.\nThough economic conditions have fallen from their peak, some correction was not unexpected given their rapid run up since November. Even now, aggregate economic conditions remain well above their long term average, consistent with a robust labour market and strong activity.\nThe resolution of events in Canberra may support confidence in the coming week, barring any new triggers.”\n\n\n    \n    \n                Insights\n        \n        \n                ANZ-Roy Morgan Consumer Confidence\n        \n    \n\n    For media enquiries contact\n        \n        +91 80 6795 3801\n        David Plank\n        +61 2 8037 0029\n        \n",
          "author": "Mustafa Arif@/content/mediacentre/en/authors/mustafa-arif,David Plank@/content/mediacentre/en/authors/david-plank",
          "favicon": "https://media.anz.com/etc/designs/mediacentre/favicon.ico",
          "source": "media.anz.com",
          "published": "",
          "ttr": 65
     }
}