{
     "Date": "7/08/2019",
     "Open": "1.18",
     "High": "1.19",
     "Low": "1.17",
     "Close": "1.19",
     "Adj Close": "0.998186",
     "Volume": "315977",
     "headLine": "ANZ Job Ads: A sharp rebound",
     "link": "https://media.anz.com/posts/2019/07/anz-job-ads--a-sharp-rebound",
     "article": {
          "url": "https://media.anz.com/posts/2019/07/anz-job-ads--a-sharp-rebound",
          "title": "ANZ Job Ads: A sharp rebound",
          "description": "ANZ Australian Job Ads bounced back in June after falling more than 8% in May. The ‘Holiday-year effect’ in late April and the timing of the election appear to have been responsible for much of the decline...",
          "links": [
               "https://media.anz.com/posts/2019/07/anz-job-ads--a-sharp-rebound"
          ],
          "image": "https://media.anz.com/content/dam/mediacentre/images/jobads/2019/July/for%20hire.jpg",
          "content": "\n    \n            ANZ Australian Job Ads bounced back in June after falling more than 8% in May. \nThe ‘Holiday-year effect’ in late April and the timing of the election appear to have been responsible for much of the decline in May, and the rebound in June can be seen as an unwinding of that effect.  In seasonally adjusted terms, job ads gained 4.6% m/m but fell by 9.1% y/y.  In trend terms, job ads fell 1.4% m/m and 11.1% y/y.\n    \n    \n\n    \n            ANZ’s Head of Australian Economics, David Plank, commented:\n“Job ads in June jumped 4.6%, reversing a bit more than half of the sharp drop in May. The gain was one of the biggest in 18 months. We don’t think it necessarily represents a turn in the overall downward trend, however. Job ads plunged more than 8% in May as a result of the timing of the election and the late April ‘holiday year’ effect (when Easter and ANZAC Day were close together). The subsequent jump in job ads in June represents only a partial recovery from that weakness, suggesting that the overall trend is still downwards. This points to slowing employment growth and rising unemployment. If confirmed by the actual employment data, then the RBA will likely react by lowering the cash rate yet again.”\nDOWNLOAD PDF\n    \n\t\t\t\t\t\t",
          "author": "Phoebe O’Sullivan@/content/mediacentre/en/authors/phoebe-o_sullivan",
          "favicon": "https://media.anz.com/etc/designs/mediacentre/favicon.ico",
          "source": "media.anz.com",
          "published": "",
          "ttr": 43
     }
}