{
     "Date": "4/07/2020",
     "Open": "",
     "High": "",
     "Low": "",
     "Close": "",
     "Adj Close": "",
     "Volume": "",
     "headLine": "Job Ads feeling the impact of COVID-19",
     "link": "https://media.anz.com/posts/2020/04/job-ads-feeling-the-impact-of-covid-19",
     "article": {
          "url": "https://media.anz.com/posts/2020/04/job-ads-feeling-the-impact-of-covid-19",
          "title": "Job Ads feeling the impact of COVID-19",
          "description": "ANZ Senior Economist, Catherine Birch, commented: Job Ads dropped more than 10% in March, the largest monthly fall since January 2009, during the GFC. Most of the fall occurred over the second half of March...",
          "links": [
               "https://media.anz.com/posts/2020/04/job-ads-feeling-the-impact-of-covid-19"
          ],
          "image": "https://media.anz.com/content/dam/mediacentre/images/jobads/2019/June/job%20ads.jpg",
          "content": "\n            ANZ Senior Economist, Catherine Birch, commented:\nJob Ads dropped more than 10% in March, the largest monthly fall since January 2009, during the GFC. Most of the fall occurred over the second half of March as Australian COVID-19 cases escalated, restrictions on movement tightened, and\nshutdowns of non-essential services broadened. There are some areas where demand for labour may have increased, including health care, supermarkets, and some parts of manufacturing and financial services. But overall, demand for labour is likely to pull back further as the shutdowns continue.\nPrior to the JobKeeper payment announcement, we forecast that more than 1.1m workers could lose their jobs and the unemployment rate could rise to a peak of 13% in Q2 from its current 5.1%. However, we think the JobKeeper payment will keep more workers employed and reduce the peak in unemployment – the economic version of “flattening the curve”.\nDownload PDF\n    \n    For media enquiries contact\n        \n        +852-9535-7919\n        Brittannie Edwards\n        +61 466 720 996\n        \n",
          "author": "Phoebe O’Sullivan@/content/mediacentre/en/authors/phoebe-o_sullivan,Brittannie Edwards@/content/mediacentre/en/authors/brittannie-edwards",
          "favicon": "https://media.anz.com/etc/designs/mediacentre/favicon.ico",
          "source": "media.anz.com",
          "published": "",
          "ttr": 32
     }
}