{
     "Date": "16/10/2020",
     "Open": "1.67",
     "High": "1.7",
     "Low": "1.66",
     "Close": "1.7",
     "Adj Close": "1.520398",
     "Volume": "70553",
     "headLine": "ANZ welcomes Australian Business Growth Fund and appointment of its inaugural CEO",
     "link": "https://media.anz.com/posts/2020/10/anz-welcomes-australian-business-growth-fund-and-appointment-of-",
     "article": {
          "url": "https://media.anz.com/posts/2020/10/anz-welcomes-australian-business-growth-fund-and-appointment-of-",
          "title": "ANZ welcomes Australian Business Growth Fund and appointment of its inaugural CEO",
          "description": "ANZ today welcomed the establishment of the Australian Business Growth Fund and the announcement of Anthony Healy as its inaugural Chief Executive Officer.",
          "links": [
               "https://media.anz.com/posts/2020/10/anz-welcomes-australian-business-growth-fund-and-appointment-of-"
          ],
          "image": "https://media.anz.com/content/dam/mediacentre/images/mediareleases/2020/October/Isaac_HeadShot_HighRes_4K_2019.jpg",
          "content": "\n            As one of the fund’s shareholders, ANZ Managing Director Commercial &amp; Private Banking Isaac Rankin will be appointed to the Board. ANZ has also committed $100 million to the establishment of the fund that will help support Australian businesses access equity capital.\nCommenting on the establishment of the fund, Mr Rankin said: “ANZ is supporting small to medium businesses in a range of ways and the establishment of this fund will provide another avenue for them to take advantage of growth and expansion opportunities, particularly as the national economy recovers from the impacts of COVID-19.\n“I’m pleased to represent ANZ on the Board and congratulate Anthony Healy on his appointment as the inaugural Chief Executive Officer.”\nIt comes after ANZ recently joined the second phase of the Government’s Small and Medium Enterprise loan guarantee program. Under the second phase, businesses have the ability to borrow larger amounts over a longer period and with more flexible options.\nDownload PDF\n    ",
          "author": "Nick Higginbottom@/content/mediacentre/en/authors/nick-higginbottom",
          "favicon": "https://media.anz.com/etc/designs/mediacentre/favicon.ico",
          "source": "media.anz.com",
          "published": "",
          "ttr": 32
     }
}