{
     "Date": "29/05/2018",
     "Open": "1.13",
     "High": "1.13",
     "Low": "1.12",
     "Close": "1.13",
     "Adj Close": "0.907471",
     "Volume": "261646",
     "headLine": "Consumer confidence: ends it streak",
     "link": "https://media.anz.com/posts/2018/05/consumer-confidence--ends-it-streak",
     "article": {
          "url": "https://media.anz.com/posts/2018/05/consumer-confidence--ends-it-streak",
          "title": "Consumer confidence: ends it streak",
          "description": "ANZ's Head of Australian Economics, David Plank, commented: “Confidence fell substantially last week – down 3.2% and unwinding over half of the cumulative gains (5.6%) over the past six weeks. Some payback,...",
          "links": [
               "https://media.anz.com/posts/2018/05/consumer-confidence--ends-it-streak"
          ],
          "image": "https://media.anz.com/content/dam/mediacentre/images/consumerconfidence/consumer%20confidence.jpg",
          "content": "\n            ANZ's Head of Australian Economics, David Plank, commented:\n“Confidence fell substantially last week – down 3.2% and unwinding over half of the cumulative gains (5.6%) over the past six weeks. Some payback, particularly in views towards economic conditions, is unsurprising given their sharp improvement since early April. Importantly, confidence is still well above its long-run average.\nThe fall in views towards financial conditions is a little worrying, however. This could reflect homeowners’ concerns about falling house prices, particularly in Sydney and Melbourne. Moreover, these concerns are likely exacerbated by the high existing household debt level and expectations of lacklustre wage growth in the near future. That said, despite the recent decline, views towards both current and future financial conditions remain above their long term averages.”\n    \n    \n                Insights\n        \n        \n                ANZ-Roy Morgan Consumer Confidence\n        \n    \n\n    For media enquiries contact\n        \n        +91 80 6795 3801\n        David Plank\n        +61 2 8037 0029\n        \n",
          "author": "Mustafa Arif@/content/mediacentre/en/authors/mustafa-arif,David Plank@/content/mediacentre/en/authors/david-plank",
          "favicon": "https://media.anz.com/etc/designs/mediacentre/favicon.ico",
          "source": "media.anz.com",
          "published": "",
          "ttr": 29
     }
}