{
     "Date": "4/11/2018",
     "Open": "",
     "High": "",
     "Low": "",
     "Close": "",
     "Adj Close": "",
     "Volume": "",
     "headLine": "Deputy Chief Executive Officer Graham Hodges to retire",
     "link": "https://media.anz.com/posts/2018/04/deputy-chief-executive-officer-graham-hodges-to-retire",
     "article": {
          "url": "https://media.anz.com/posts/2018/04/deputy-chief-executive-officer-graham-hodges-to-retire",
          "title": "Deputy Chief Executive Officer Graham Hodges to retire",
          "description": "ANZ today announced its Deputy Chief Executive Officer Graham Hodges will retire in early-May after a distinguished 27 year career with ANZ.",
          "links": [
               "https://media.anz.com/posts/2018/04/deputy-chief-executive-officer-graham-hodges-to-retire"
          ],
          "image": "https://media.anz.com/content/dam/mediacentre/images/mediareleases/2018/April/Hodges%20retirement_April%202018.jpg",
          "content": "\n    \n            ANZ today announced its Deputy Chief Executive Officer Graham Hodges will retire in early-May after a distinguished 27 year career with ANZ. \nMr Hodges has served as ANZ’s Deputy Chief Executive Officer since May 2009. He has held a wide range of senior executive roles since joining ANZ in 1991 including CEO ANZ New Zealand, Group Managing Director Corporate Banking and Chief Economist. \n    \n    \n\n    \n    \n            ANZ Chief Executive Officer Shayne Elliott said: “Graham has made a significant contribution to ANZ over many years, working tirelessly across a diverse portfolio of responsibilities. He can be proud of the positive impact he has had not only on our relationships with our customers and key stakeholders, but also for the way he has mentored our next generation of leaders.\n“Personally, I want to thank him for his efforts in helping reshape ANZ into the bank it is today as well as the support and advice he has provided to me over many years. I know everybody at ANZ wishes him every success in the next phase of his life,” Mr Elliott said.\nMr Hodges will continue to represent ANZ on the Board of AMMB Holdings. \nView PDF\n    \n    \n    For media enquiries contact\n        \n        +61 481-014224\n        Stephen Ries\n        +61 409 655 551\n        \n\n\t\t\t\t\t\t\n\t\t\t\t\t\t",
          "author": "Francesca Rizzo@/content/mediacentre/en/authors/Francesca-Rizzo,Stephen Ries@/content/mediacentre/en/authors/stephen-ries",
          "favicon": "https://media.anz.com/etc/designs/mediacentre/favicon.ico",
          "source": "media.anz.com",
          "published": "",
          "ttr": 41
     }
}