{
     "Date": "25/06/2021",
     "Open": "2.02",
     "High": "2.06",
     "Low": "2.01",
     "Close": "2.04",
     "Adj Close": "1.853874",
     "Volume": "423786",
     "headLine": "Consumer confidence rises",
     "link": "https://media.anz.com/posts/2021/may/consumer-confidence-rises",
     "article": {
          "url": "https://media.anz.com/posts/2021/may/consumer-confidence-rises",
          "title": "Consumer confidence rises",
          "description": "Consumer confidence increased 1.5 per cent last week, driven primarily by the boost in confidence in financial conditions. The rest of the subindices registered mixed results. ‘Current financial conditions’...",
          "links": [
               "https://media.anz.com/posts/2021/may/consumer-confidence-rises"
          ],
          "image": "https://media.anz.com/content/dam/mediacentre/images/consumerconfidence/2019/November/man%20shopping.jpg",
          "content": "\n            Consumer confidence increased 1.5 per cent last week, driven primarily by the boost in confidence in financial conditions. The rest of the subindices registered mixed results.\n‘Current financial conditions’ rose by 4.6 per cent, with only 23 per cent of responders voting that they are ‘worse off’ financially than this time last year. This is the lowest figure for this indicator since February 2020. ‘Future financial conditions’ were up 3.3 per cent.\nIn contrast, ‘current economic conditions’ fell by 0.8 per cent. However, ‘future economic conditions’ gained 1.9 per cent.\n‘Time to buy a major household item’ declined 0.7 per cent. ‘Weekly inflation expectations’ increased by 0.1ppt to 3.7 per cent, keeping the four-week moving average steady at 3.7 per cent.\n    ",
          "author": "Emma Mellow@/content/mediacentre/en/authors/emma-mellow",
          "favicon": "https://media.anz.com/etc/designs/mediacentre/favicon.ico",
          "source": "media.anz.com",
          "published": "",
          "ttr": 25
     }
}