{
     "Date": "11/03/2021",
     "Open": "1.92",
     "High": "1.95",
     "Low": "1.9",
     "Close": "1.9",
     "Adj Close": "1.726647",
     "Volume": "48573",
     "headLine": "SME Recovery Loan Scheme to provide critical boost",
     "link": "https://media.anz.com/posts/2021/march/sme-recovery-loan-scheme-to-provide-critical-boost",
     "article": {
          "url": "https://media.anz.com/posts/2021/march/sme-recovery-loan-scheme-to-provide-critical-boost",
          "title": "SME Recovery Loan Scheme to provide critical boost",
          "description": "ANZ Chief Executive Officer Shayne Elliott today said the Federal Government’s SME Recovery Loan Scheme would provide a critical boost to the sectors hardest hit by impact of COVID-19.",
          "links": [
               "https://media.anz.com/posts/2021/march/sme-recovery-loan-scheme-to-provide-critical-boost"
          ],
          "image": "https://media.anz.com/content/dam/mediacentre/images/mediareleases/2020/March/Business_thumb.jpg",
          "content": "\n            “This scheme is a core part of a comprehensive package that will provide a critical boost to those parts of the economy, particularly in travel and tourism, which are still doing it tough as a result of COVID-19.\n“The expanded SME loan scheme will enable those businesses hardest hit to access the necessary capital to take advantage of a recovering economy. It’s targeted where required, inclusive where it needs to be and has the full support of ANZ.\n“The Government’s decisive intervention throughout the pandemic has resulted in a faster economic recovery than otherwise would have been possible with Australian businesses and households in much better shape as a result,’ Mr Elliott said.\nFor details about how ANZ is supporting customers with this scheme, visit our dedicated page on anz.com \nDownload PDF\n    ",
          "author": "Stephen Ries@/content/mediacentre/en/authors/stephen-ries",
          "favicon": "https://media.anz.com/etc/designs/mediacentre/favicon.ico",
          "source": "media.anz.com",
          "published": "",
          "ttr": 27
     }
}