{
     "Date": "23/08/2021",
     "Open": "1.86",
     "High": "1.89",
     "Low": "1.85",
     "Close": "1.85",
     "Adj Close": "1.681209",
     "Volume": "182127",
     "headLine": "ANZ customers start earning cash for spending",
     "link": "https://media.anz.com/posts/2021/august/anz-customers-start-earning-cash-for-spending",
     "article": {
          "url": "https://media.anz.com/posts/2021/august/anz-customers-start-earning-cash-for-spending",
          "title": "ANZ customers start earning cash for spending",
          "description": "ANZ today announced the launch of its Cashrewards Max program, enabling customers to start earning and enjoying the benefits of this market-leading cashback program.",
          "links": [
               "https://media.anz.com/posts/2021/august/anz-customers-start-earning-cash-for-spending"
          ],
          "image": "https://media.anz.com/content/dam/mediacentre/images/mediareleases/2021/August/Cashrewards%20online%20shopping.jpg",
          "content": "\n            Created in partnership with Cashrewards and exclusive to ANZ personal credit and debit card customers, Cashrewards Max provides members a percentage cash back of what they spend when shopping, which can then be withdrawn direct to their bank account.\nANZ Head of Cards and Personal Lending Mike Shurlin said: “This partnership is one of the many ways we are providing additional value for our customers.”\n“We want to help our customers improve their financial wellbeing. Whether a customer is saving for a home or paying down a loan, Cashrewards Max can support our customer’s financial goals,” Mr Shurlin said.\n“It rewards customers’ current spending behaviour, meaning they can buy now, save now, directing their cash reward to where it will help them the most.”\nCustomers using Cashrewards Max will now be able to earn card-linked cashback rewards when they shop online or in-store at more than 1700 brands including Amazon, Uber Eats, Uniqlo, Apple and The Iconic.\nThe partnership provides customers who use their ANZ linked card with access to offers with higher cashback rates and faster cashback approvals compared to the standard Cashrewards program.\nCustomers of ANZ’s existing credit card rewards programs will also be able to enjoy the benefits of Cashrewards Max as it can be stacked on top of their existing reward program benefits, allowing them to earn both reward points and cashback on their purchase.\nANZ customers simply need to sign up or sign in to a Cashrewards account at cashrewards.com.au/onboarding-anz and link their eligible ANZ card to benefit from these rewards.\nFor more information visit www.anz.com/crmax\nDownload PDF\n    ",
          "author": "Lucille Keen@/content/mediacentre/en/authors/lucille-keen",
          "favicon": "https://media.anz.com/etc/designs/mediacentre/favicon.ico",
          "source": "media.anz.com",
          "published": "",
          "ttr": 53
     }
}