{
     "Date": "30/11/2018",
     "Open": "1.03",
     "High": "1.05",
     "Low": "1.02",
     "Close": "1.04",
     "Adj Close": "0.846325",
     "Volume": "134899",
     "headLine": "ANZ provides relief package for customers impacted by Queensland bushfires",
     "link": "https://media.anz.com/posts/2018/11/anz-provides-relief-package-for-customers-impacted-by-queensland",
     "article": {
          "url": "https://media.anz.com/posts/2018/11/anz-provides-relief-package-for-customers-impacted-by-queensland",
          "title": "ANZ provides relief package for customers impacted by Queensland bushfires",
          "description": "ANZ today announced a financial assistance package for customers impacted by bushfires in northern and central Queensland.",
          "links": [
               "https://media.anz.com/posts/2018/11/anz-provides-relief-package-for-customers-impacted-by-queensland"
          ],
          "image": "https://media.anz.com/content/dam/mediacentre/images/mediareleases/2018/November/Bushfire.jpg",
          "content": "\n            ANZ encouraged impacted customers to contact the bank to discuss their ability to access measures in the financial relief package, including:\n\nThe ability to suspend repayments on loans, including credit cards, for up to three months (which may include interest capitalisation)\nTemporary interest rate relief on lending for customers experiencing extreme financial distress in areas impacted by the bushfires\nWaiving of fees associated with restructuring business loans considered necessary due to fire impacts\nAccess to term deposits early without incurring any fees\nAssistance for affected customers with ANZ Home and Contents insurance as they may be eligible for measures such as emergency funds and temporary accommodation\n\nANZ General Manager North QLD &amp; Northern Territory, Tony Tapsall said: “It’s devastating to see the impact of these fast-moving bushfires as they spread across Queensland. We understand from authorities that the threat is far from over with dangerous conditions expected to continue over coming days.\n“It’s a terrible time for the people and communities in the path of these fires who face the prospect of losing their homes and businesses. We hope this assistance package helps them as they face these destructive conditions,” Mr Tapsall said.\nANZ’s customers affected in Queensland are encouraged to visit their local branch if they are able or to contact their relationship manager to discuss the impact on their business or personal circumstances.\nCustomers can also contact ANZ’s dedicated financial hardship team on 1800 149 549 or anz.com/hardship.\nTo lodge an insurance claim, customers can call 13 16 14 or visit anz.com/insuranceclaims  \nDownload PDF\n    ",
          "author": "Francesca Rizzo@/content/mediacentre/en/authors/Francesca-Rizzo",
          "favicon": "https://media.anz.com/etc/designs/mediacentre/favicon.ico",
          "source": "media.anz.com",
          "published": "",
          "ttr": 52
     }
}