{
     "Date": "26/05/2020",
     "Open": "1.37",
     "High": "1.42",
     "Low": "1.37",
     "Close": "1.41",
     "Adj Close": "1.238519",
     "Volume": "123414",
     "headLine": "Consumer confidence edges higher",
     "link": "https://media.anz.com/posts/2020/05/consumer-confidence-edges-higher",
     "article": {
          "url": "https://media.anz.com/posts/2020/05/consumer-confidence-edges-higher",
          "title": "Consumer confidence edges higher",
          "description": "Confidence gained for the eighth straight week and is up 42 per cent from its low point in March, when fears about the pandemic were at the most extreme. Financial conditions indices diverged. ‘Current...",
          "links": [
               "https://media.anz.com/posts/2020/05/consumer-confidence-edges-higher"
          ],
          "image": "https://media.anz.com/content/dam/mediacentre/images/consumerconfidence/2018/August/Consumer%20Confidence%20Aug.JPG",
          "content": "\n    \n            Confidence gained for the eighth straight week and is up 42 per cent from its low point in March, when fears about the pandemic were at the most extreme.\nFinancial conditions indices diverged. ‘Current finances’ declined 1.8 per cent, while ‘future finances’ gained 3.2 per cent and is now only a touch below average.\nEconomic conditions indices also diverged with ‘current economic conditions’ gaining 0.3 per cent, while ‘future economic conditions’ declined 2.4 per cent.\n‘Time to buy a major household item’ strengthened further, up 2.5 per cent. The four-week moving average for ‘inflation expectations’ declined 0.1 per centage point to 3.3 per cent, a new historic low.\n    \n    \n\n    \n            \"Confidence strengthened further last week, albeit modestly,\" ANZ Head of Australian Economics, David Plank, said.\n\"While still below average, sentiment has recovered strongly from its March low and is now only around 15 per cent below its level at the end of February.\"\n\"Government measures and signs  the job market is stabilising seem to be playing a key part in the recovery of the index despite recent concerns over trade with China and weak retail sales.\"\n\"These factors, and the move in Australia’s credit rating to a negative outlook by Fitch, may explain why expectations about the ‘future economic outlook’ fell.\"\nDownload PDF\n    \n\t\t\t\t\t\t",
          "author": "Phoebe O’Sullivan@/content/mediacentre/en/authors/phoebe-o_sullivan",
          "favicon": "https://media.anz.com/etc/designs/mediacentre/favicon.ico",
          "source": "media.anz.com",
          "published": "",
          "ttr": 43
     }
}