{
     "Date": "16/10/2018",
     "Open": "1.05",
     "High": "1.05",
     "Low": "1.03",
     "Close": "1.03",
     "Adj Close": "0.838188",
     "Volume": "61581",
     "headLine": "Consumer confidence: confidence highest since late July",
     "link": "https://media.anz.com/posts/2018/10/consumer-confidence--confidence-highest-since-late-july",
     "article": {
          "url": "https://media.anz.com/posts/2018/10/consumer-confidence--confidence-highest-since-late-july",
          "title": "Consumer confidence: confidence highest since late July",
          "description": "ANZ-Roy Morgan Australian Consumer Confidence rose by 1.9% last week, bringing the index to its highest level since late July.",
          "links": [
               "https://media.anz.com/posts/2018/10/consumer-confidence--confidence-highest-since-late-july"
          ],
          "image": "https://media.anz.com/content/dam/mediacentre/images/consumerconfidence/2018/August/Consumer%20Confidence%20Atm.JPG",
          "content": "\n    \n    ANZ-Roy Morgan Australian Consumer Confidence rose by 1.9% last week, bringing the index to its highest level since late July.\n\n    \n\n    \n    \n            ANZ’s Head of Australian Economics, David Plank, commented\n“Confidence rose by 1.9% this week, pushing it to its highest level since late July and above the average for 2018 as a whole. This rise in confidence came despite ongoing strength in petrol prices as well as sharp weakness in equity markets. Regardless, the key takeaway is that consumer sentiment remains resilient despite a number of potentially negative influences. With the strength in the labour market providing clear support to confidence, this week’s employment numbers will be closely watched.”\nPlease see the attached document for further details. \n    \n    \n    \n                ANZ-Roy Morgan Consumer Confidence\n        \n    \n\n    \n    For media enquiries contact\n        \n        +61 2 8037 0029\n        Shaurya Mishra\n        +91 80 6795 3801\n        Francesca Rizzo\n        +61 481-014224\n        \n\n\t\t\t\t\t\t\n\t\t\t\t\t\t",
          "author": "David Plank@/content/mediacentre/en/authors/david-plank,Shaurya Mishra@/content/mediacentre/en/authors/shaurya-mishra,Francesca Rizzo@/content/mediacentre/en/authors/Francesca-Rizzo",
          "favicon": "https://media.anz.com/etc/designs/mediacentre/favicon.ico",
          "source": "media.anz.com",
          "published": "",
          "ttr": 28
     }
}