{
     "Date": "19/02/2019",
     "Open": "1.02",
     "High": "1.02",
     "Low": "1.01",
     "Close": "1.02",
     "Adj Close": "0.83005",
     "Volume": "119034",
     "headLine": "ANZ Releases December 2018 APS330 Report and provides update on mortgage volumes",
     "link": "https://media.anz.com/posts/2019/02/anz-releases-december-2018-aps330-report-and-provides-update-on-",
     "article": {
          "url": "https://media.anz.com/posts/2019/02/anz-releases-december-2018-aps330-report-and-provides-update-on-",
          "title": "ANZ Releases December 2018 APS330 Report and provides update on mortgage volumes",
          "description": "Consistent with usual practice, ANZ also released a chart pack to accompany the Pillar 3 disclosure. The chart pack once again includes an update on Australian housing mortgage flows and credit...",
          "links": [
               "https://media.anz.com/posts/2019/02/anz-releases-december-2018-aps330-report-and-provides-update-on-"
          ],
          "image": "https://media.anz.com/content/dam/mediacentre/images/mediareleases/2018/April/ANZ%20logo%20branch.jpg",
          "content": "\n            Consistent with usual practice, ANZ also released a chart pack to accompany the Pillar 3 disclosure. The chart pack once again includes an update on Australian housing mortgage flows and credit quality.\nAustralia home loan system growth was 4.2%[2] in the 12 months to end December 2018. ANZ’s Australian home loan portfolio grew 1.0% ($2.7 billion) in the same period with the Owner Occupier portfolio up 3.5% ($6.1billion) and the Investor portfolio down 3.8% ($3.2 billion). In the 12 months to the end of January 2019, ANZ’s home loan portfolio grew 0.4%.\nANZ’s home lending growth trends are attributable to lower system growth, ANZ’s preference for Owner Occupier/Principal and Interest lending which drives faster amortisation, together with policy and process changes implemented in the second half of calendar year 2018.  \nANZ Chief Executive Officer Shayne Elliott said: “Consumer sentiment has remained generally subdued with uncertainty around regulation and house prices impacting confidence. While we are maintaining our focus on the Owner Occupier segment, we acknowledge we may have been overly conservative in our implementation of some policy and process changes. We are also taking steps to prudently increase volumes in the investor space”.\nSwitching volumes for those moving from Interest Only to Principal and Interest during the quarter was $6 billion, of which $4 billion was contractual. The total amount of contractual switching scheduled for the reminder of FY19 is $12 billion. Customers choosing to convert ahead of schedule during the first quarter was in line with the quarterly average for FY18 ($2 billion). Total switching in FY18 was $23 billion.\nDownload PDF\n[1] Annualised loss rate.\n[2] APRA monthly banking statistics data 12 months to end December 2018 versus the same period 2017.\n    \n    For media enquiries contact\n        \n        +61 409 655 551\n        Nick Higginbottom\n        +61 403 936 262\n        \n",
          "author": "Stephen Ries@/content/mediacentre/en/authors/stephen-ries,Nick Higginbottom@/content/mediacentre/en/authors/nick-higginbottom",
          "favicon": "https://media.anz.com/etc/designs/mediacentre/favicon.ico",
          "source": "media.anz.com",
          "published": "",
          "ttr": 60
     }
}