{
     "Date": "29/10/2020",
     "Open": "1.74",
     "High": "1.75",
     "Low": "1.72",
     "Close": "1.73",
     "Adj Close": "1.547229",
     "Volume": "124755",
     "headLine": "2020 Full Year Result & Proposed Final Dividend",
     "link": "https://media.anz.com/posts/2020/10/2020-full-year-result---proposed-final-dividend-",
     "article": {
          "url": "https://media.anz.com/posts/2020/10/2020-full-year-result---proposed-final-dividend-",
          "title": "2020 Full Year Result & Proposed Final Dividend ",
          "description": "CEO COMMENTARY ANZ Chief Executive Shayne Elliott said: “We could never have forecast 2020, a year that started with devastating bushfires in Australia and unwound with the waves of a pandemic that continues...",
          "links": [
               "https://media.anz.com/posts/2020/10/2020-full-year-result---proposed-final-dividend-"
          ],
          "image": "https://media.anz.com/content/dam/mediacentre/images/gallery/FY20-results/ANZ%20Results%202020_15.jpg",
          "content": "\n            CEO COMMENTARY\nANZ Chief Executive Shayne Elliott said: “We could never have forecast 2020, a year that started with devastating bushfires in Australia and unwound with the waves of a pandemic that continues today. While we still cannot predict its course, we remain confident we can deal with its impacts.\n“As a bank, we entered 2020 in robust condition. We have a strong balance sheet with record levels of capital and liquidity as well as provisions for potential future losses. We want our customers to know we will continue to do all we can to support them through the tough times.\n“In Australia, we achieved strong growth in our targeted home loan segments with above system growth in the owner-occupier market. Deposits remained strong as customers took a sensible approach to managing their household balance sheets. We also saw an accelerated shift away from the use of cash and we introduced new processes to help many customers move to online banking.\n“Institutional performed well in a market defined by high levels of liquidity, low interest rates and geopolitical tensions. Increased volatility led to strong activity in Markets demonstrating the benefits of a diversified business. As Australia’s leading international bank, we remain well positioned to assist customers as the global economy improves.\n“COVID-19 is contained in New Zealand and we remain well positioned to benefit from its subsequent economic recovery. While it was a tough revenue environment, given low interest rates and a focus on reducing or simplifying fees, we have maintained market leadership in our targeted segments.\n“While our immediate focus has been on assisting customers, we have also taken steps to protect the interests of our shareholders by maintaining our strong capital position, tightly managing costs and bolstering credit reserves, while still managing to pay a prudent dividend without diluting their holdings,” Mr Elliott said.\nDIVIDEND &amp; CAPITAL\nANZ’s capital position remains strong and has improved further in the fourth quarter with a Level 2 Common Equity Tier 1 capital ratio of 11.3% (11.4% on a pro-forma basis).  This outcome includes the impact of the 25 cents per share interim dividend, and additional provisions for potential credit losses.\nThis capital strength and ANZ’s underlying profitability has enabled us to announce a proposed fully-franked 2020 final dividend of 35 cents per share which will be paid to shareholders on Wednesday, 16 December 2020.  This represents a dividend payout ratio of 35% on a Cash Profit basis for the Second Half (ex-large/notables) and 49% on a Statutory earnings basis for the same period.\nOutgoing ANZ Chairman David Gonski, who retired as Chairman at the conclusion of yesterday’s Board meeting, said: “We have focused on supporting our customers while also building the strength of our balance sheet. The Board is pleased capital ratios are largely unchanged from a year ago, despite the economic conditions and without the need for an equity raise which would have diluted existing shareholders.\n“This gradual increase in our dividend from the deferred half-year dividend paid in September will also help support our shareholders who we know rely on dividends, while remaining in line with APRA’s guidance on dividends,” Mr Gonski said.\nThe Dividend Reinvestment Plan (DRP) and Bonus Option Plan (BOP) will continue to operate in respect of the 2020 final dividend without a discount. The key dates and further information in relation to the dividend, DRP and BOP will be provided separately.\nCOVID-19 SUPPORT\nANZ launched support packages for retail and commercial customers in Australia and New Zealand that included the option of an up to six-month loan repayment deferral. ANZ is continuing to work with customers impacted by COVID-19 to restructure loans and in some circumstances will provide an extension to loan repayment deferrals for a further four months.\n\nAustralia Home Loans\n\nANZ has more than 1 million home loan accounts in Australia with around ~95,000 having received a deferral on their loan repayments.\nAs at 15 October, ~55,000 accounts have already completed their deferral or advised their intended action at maturity. 79% of these are returning to full payment, 20% have requested a further deferral and 1% have restructured their loan or sought additional support.\nOf the remaining deferrals still active, half have at least a three-month payment or greater savings ‘buffer’; and a quarter have made at least one payment while on deferral.\nWhere we can see their transactional account data, ~80% have stable or improved income.\n\nAustralia Commercial\n\nANZ has more than 236,000 commercial lending accounts in Australia with around 23,000 having received a deferral on their business loan repayments.\nAs at 15 October, ~15,000 accounts have completed their deferral or advised their intended action at maturity. Of these deferrals ~1,600 have received a four month extension with 60% of those being from Victoria and impacted by the longer lockdown.\n\nNew Zealand\n\nANZ has more than 529,000 home loan accounts in New Zealand with around 24,000 having received a deferral on their loan repayments.\nAs at 15 October, there are ~10,000 accounts currently on a deferral plan, representing ~2% of the total New Zealand mortgage book.\n\nInstitutional\n\nSupported Institutional customers with increased core lending of $16 billion in the March half.  As global liquidity conditions improved we saw many of these same customers pay down, with core lending falling $17 billion in the second half.\n\nCREDIT QUALITY \nThe total provision charge in the second half was $1,064 million and follows the $1,674 million taken at the first half. This second half charge includes an individually assessed provision charge of $395 million and a collective provision charge of $669 million as we strengthened credit reserves for our retail and commercial customers affected by COVID-19. The collective provision (CP) balance increased to $5,008 million as at 30 September 2020.\n\nCLOSING REMARKS\nCommenting on the outlook Mr Elliott said: “Events of the last 12 months make it difficult to predict the course of the next year. What I do know however is we are in excellent shape to navigate whatever challenges emerge.\n“ANZ has an experienced and stable management team, a strong balance sheet and prudent credit reserves to ensure we are able to support our customers, while still protecting the long-term interests of our shareholders.\n“While we are not managing the business expecting things to return to the way they were before the pandemic, nor are we sitting idle waiting for the next event to happen to us, ANZ is well placed to respond to the opportunities that are emerging as a result of accelerated structural shifts in the economy.\n“We have invested in future growth opportunities, we have reshaped how we serve customers and we are using our data capability to guide our decisions.\n“Finally, I would like to acknowledge the terrific work of our 39,000 people who have done a great job for our customers and shareholders in very difficult circumstances despite competing priorities over this extended period,” Mr Elliott said.\n[1] The financial results are in the process of being audited by the Group’s external auditors, KPMG. The Group’s Annual Report will be available on 9 November 2020, and will include a copy of KPMG’s audit report.\n[2] Cash Profit excludes non-core items included in Statutory Profit with the net after tax adjustment an increase in Statutory Profit of $83m, made up of several items.  All financials are on a Cash Profit Continuing Basis with growth rates compared to the Full Year ended 30 September 2019 unless otherwise stated.\nDOWNLOAD PDF\nDOWNLOAD INFOGRAPHIC\n    ",
          "author": "Stephen Ries@/content/mediacentre/en/authors/stephen-ries,Nick Higginbottom@/content/mediacentre/en/authors/nick-higginbottom",
          "favicon": "https://media.anz.com/etc/designs/mediacentre/favicon.ico",
          "source": "media.anz.com",
          "published": "",
          "ttr": 249
     }
}