{
     "Date": "11/04/2019",
     "Open": "1.02",
     "High": "1.02",
     "Low": "1",
     "Close": "1",
     "Adj Close": "0.838811",
     "Volume": "726040",
     "headLine": "Job Ads down again",
     "link": "https://media.anz.com/posts/2019/11/job-ads-down-again",
     "article": {
          "url": "https://media.anz.com/posts/2019/11/job-ads-down-again",
          "title": "Job Ads down again",
          "description": "ANZ Senior Economist, Catherine Birch, commented: ANZ Job Ads resumed their downward trajectory in October, following some stabilisation in September. Job Ads are now at their lowest level since January 2017...",
          "links": [
               "https://media.anz.com/posts/2019/11/job-ads-down-again"
          ],
          "image": "https://media.anz.com/content/dam/mediacentre/images/jobads/2019/June/job%20ads.jpg",
          "content": "\n            ANZ Senior Economist, Catherine Birch, commented:\nANZ Job Ads resumed their downward trajectory in October, following some stabilisation in September. Job Ads are now at their lowest level since January 2017 (aside from the holiday-affected May result). The ANZ Job Ads series has been pointing to a material slowdown in employment growth for some time; yet employment growth has been remarkably resilient. We don’t expect it can hold up for much longer though. In particular, employment in the construction industry should continue to fall as\nresidential building activity contracts through to mid-2020. This will weigh on overall employment growth.\nDOWNLOAD PDF\n    ",
          "author": "Phoebe O’Sullivan@/content/mediacentre/en/authors/phoebe-o_sullivan",
          "favicon": "https://media.anz.com/etc/designs/mediacentre/favicon.ico",
          "source": "media.anz.com",
          "published": "",
          "ttr": 21
     }
}