{
     "Date": "7/10/2021",
     "Open": "1.72",
     "High": "1.73",
     "Low": "1.71",
     "Close": "1.72",
     "Adj Close": "1.58908",
     "Volume": "63970",
     "headLine": "ANZ welcomes first investment by the Australian Business Growth Fund",
     "link": "https://media.anz.com/posts/2021/october/anz-welcomes-first-investment-by-the-australian-business-growth-",
     "article": {
          "url": "https://media.anz.com/posts/2021/october/anz-welcomes-first-investment-by-the-australian-business-growth-",
          "title": "ANZ welcomes first investment by the Australian Business Growth Fund ",
          "description": "ANZ welcomes the first investment by the Australian Business Growth Fund, with strong expectations that other businesses will soon follow suit in accessing capital for growth and expansion.",
          "links": [
               "https://media.anz.com/posts/2021/october/anz-welcomes-first-investment-by-the-australian-business-growth-"
          ],
          "image": "https://media.anz.com/content/dam/mediacentre/images/mediareleases/2020/October/Isaac_HeadShot_HighRes_4K_2019.jpg",
          "content": "\n            The fund will invest $15 million to enable a regional NSW based battery systems innovator to triple its business in the next five years, creating jobs, increasing export opportunities and boosting the Australian economy.\nANZ Managing Director Commercial and Private Banking, Isaac Rankin said: “It is great to see the fund make its first investment at a time when small to medium businesses are dealing with the impact of on-going COVID-19 restrictions”.\n“This fund, on top of recent Federal Government initiatives, provides Australian businesses with options to obtain capital that will help them expand and thrive.”\nThe fund was established as a collaboration between the Federal Government and Australian banks and aims to help support Australian businesses to access equity capital.\nAs one of the fund’s founding shareholders, ANZ has committed $100 million to the fund.\nIt comes after the Federal Government recently announced it had expanded its Small and Medium Enterprise loan guarantee scheme, enabling more businesses to apply for access to loans at a reduced rates.\nDownload PDF\n    ",
          "author": "Lucille Keen@/content/mediacentre/en/authors/lucille-keen",
          "favicon": "https://media.anz.com/etc/designs/mediacentre/favicon.ico",
          "source": "media.anz.com",
          "published": "",
          "ttr": 34
     }
}