{
     "Date": "19/12/2018",
     "Open": "0.98",
     "High": "1",
     "Low": "0.98",
     "Close": "0.99",
     "Adj Close": "0.805637",
     "Volume": "79389",
     "headLine": "Retirement of ANZ Director Lee Hsien Yang",
     "link": "https://media.anz.com/posts/2018/12/retirement-of-anz-director-lee-hsien-yang",
     "article": {
          "url": "https://media.anz.com/posts/2018/12/retirement-of-anz-director-lee-hsien-yang",
          "title": "Retirement of ANZ Director Lee Hsien Yang",
          "description": "ANZ today announced Lee Hsien Yang will retire as a Non-Executive Director at the 2018 Annual General Meeting, after serving more than nine years on the Board.",
          "links": [
               "https://media.anz.com/posts/2018/12/retirement-of-anz-director-lee-hsien-yang"
          ],
          "image": "https://media.anz.com/content/dam/mediacentre/images/mediareleases/2018/December/ANZ%20Board.jpg",
          "content": "\n    \n    ANZ today announced Lee Hsien Yang will retire as a Non-Executive Director at the 2018 Annual General Meeting, after serving more than nine years on the Board.\n\n    \n\n    \n            Mr Lee joined the Board in 2009 and has served as Chairman of the Digital Business and Technology Committee from 2014.\nANZ Chairman David Gonski said: “We thank Hsien Yang for his almost decade of exemplary service to ANZ and the Board.\n“He has made an important contribution, particularly in his role chairing our Digital Business and Technology Committee, where his significant international experience has been a valuable asset for ANZ,” Mr Gonski said.\nView PDF\n    \n\t\t\t\t\t\t",
          "author": "Stephen Ries@/content/mediacentre/en/authors/stephen-ries",
          "favicon": "https://media.anz.com/etc/designs/mediacentre/favicon.ico",
          "source": "media.anz.com",
          "published": "",
          "ttr": 21
     }
}