{
     "Date": "12/11/2019",
     "Open": "1.26",
     "High": "1.28",
     "Low": "1.25",
     "Close": "1.28",
     "Adj Close": "1.098974",
     "Volume": "142719",
     "headLine": "ANZ appoints Peter Chan as CEO Hong Kong",
     "link": "https://media.anz.com/posts/2019/12/anz-appoints-peter-chan-as-ceo-hong-kong",
     "article": {
          "url": "https://media.anz.com/posts/2019/12/anz-appoints-peter-chan-as-ceo-hong-kong",
          "title": "ANZ appoints Peter Chan as CEO Hong Kong",
          "description": "Mr. Chan is currently CEO Taiwan at ANZ. Since joining the bank in 2008 he has held a number of senior roles in Australia and Asia, including CEO Philippines, and helped establish the Corporate and...",
          "links": [
               "https://media.anz.com/posts/2019/12/anz-appoints-peter-chan-as-ceo-hong-kong"
          ],
          "image": "https://media.anz.com/content/dam/mediacentre/images/mediareleases/2019/December/Peter-thumb.jpg",
          "content": "\n            Mr. Chan is currently CEO Taiwan at ANZ. Since joining the bank in 2008 he has held a number of senior roles in Australia and Asia, including CEO Philippines, and helped establish the Corporate and Institutional business in Hong Kong.\nFarhan Faruqui, Group Executive, International, said: “Hong Kong is key to ANZ’s International network and our efforts to support trade and capital flows in the region.\n“I am confident that with his strong leadership and significant international experience, Peter will be a tremendous asset to our customers and a great contributor to the growth of our Hong Kong business.”\nSubject to regulatory approval, Mr Chan will commence the new role in January 2020, based in Hong Kong.\nDOWNLOAD PDF\n    \n    For media enquiries contact\n        \n        +852-39182841\n        Brenda Ngo\n        +852 3918 2842\n        \n",
          "author": "Noel Cheung@/content/mediacentre/en/authors/noel-cheung,Brenda Ngo@/content/mediacentre/en/authors/brenda-ngo",
          "favicon": "https://media.anz.com/etc/designs/mediacentre/favicon.ico",
          "source": "media.anz.com",
          "published": "",
          "ttr": 26
     }
}