{
     "Date": "18/02/2020",
     "Open": "1.45",
     "High": "1.47",
     "Low": "1.45",
     "Close": "1.47",
     "Adj Close": "1.262103",
     "Volume": "67606",
     "headLine": "Consumer confidence strengthens",
     "link": "https://media.anz.com/posts/2020/02/consumer-confidence-strengthens",
     "article": {
          "url": "https://media.anz.com/posts/2020/02/consumer-confidence-strengthens",
          "title": "Consumer confidence strengthens",
          "description": "Consumer confidence rose 1.2 per cent, more than reversing the previous week’s loss and continuing the index's recent sawtooth pattern. The gains have been a little more than the losses so the index reached...",
          "links": [
               "https://media.anz.com/posts/2020/02/consumer-confidence-strengthens"
          ],
          "image": "https://media.anz.com/content/dam/anz-smallbusiness/articleimages/Retail%20Trade-400.jpg",
          "content": "\n    \n            Consumer confidence rose 1.2 per cent, more than reversing the previous week’s loss and continuing the index's recent sawtooth pattern.\nThe gains have been a little more than the losses so the index reached its 2020 high last week.\n‘Current finances’ gained 2 per cent, while ‘future finances’ fell marginally by 0.1 per cent. ‘Current economic conditions’ registered a healthy gain of 6.5 per cent compared to a fall of 4.1 per cent seen in the previous week, while ‘future economic conditions’ were flat.\n‘Time to buy a major household item’ fell 0.9 per cent, adding to the loss of 5 per cent seen in the previous reading. The four-week moving average for ‘inflation expectations’ fell by 0.1 percetnage point to 4.0 per cent, while the weekly reading remained stable.\n    \n    \n\n    \n            \"The ANZ Roy-Morgan Australian Consumer Confidence index has risen to it highest level in 2020, with sentiment possibly buoyed by the continued gains in asset prices,\" ANZ Head of Australian Economics David Plank said.\n\"The fact the coronavirus hasn’t become established in Australia might be a contributing factor, although the measures taken by the government to help ensure this remains the case will have economic consequences.\"\n\"This week the key domestic influences on sentiment will be wage and employment data. We aren’t expecting the news to be flash, which may see confidence dip over the coming week and so continue the up and down behaviour seen in recent weeks.\"\nDownload PDF\n    \n\t\t\t\t\t\t",
          "author": "Phoebe O’Sullivan@/content/mediacentre/en/authors/phoebe-o_sullivan",
          "favicon": "https://media.anz.com/etc/designs/mediacentre/favicon.ico",
          "source": "media.anz.com",
          "published": "",
          "ttr": 49
     }
}