{
     "Date": "29/10/2019",
     "Open": "1.27",
     "High": "1.29",
     "Low": "1.22",
     "Close": "1.22",
     "Adj Close": "1.047459",
     "Volume": "428383",
     "headLine": "Consumer confidence falters",
     "link": "https://media.anz.com/posts/2019/10/confidence-falters",
     "article": {
          "url": "https://media.anz.com/posts/2019/10/confidence-falters",
          "title": "Consumer confidence falters",
          "description": "Confidence falters ANZ-Roy Morgan Australian Consumer Confidence was down 1.1% last week; The financial conditions subindices were the only indices supporting the index. Current finances was up by a healthy...",
          "links": [
               "https://media.anz.com/posts/2019/10/confidence-falters"
          ],
          "image": "https://media.anz.com/content/dam/mediacentre/images/gallery/DigitalPayments/Project%20fusion_retouched%20lifestule%20image.jpg",
          "content": "\n            Confidence falters\nANZ-Roy Morgan Australian Consumer Confidence was down 1.1% last week; The financial conditions subindices were the only indices supporting the index.\nCurrent finances was up by a healthy 5%, reversing much of the recent falls, while future finances gained 0.4% for its third weekly rise.\nThe combined Economic conditions subindex registered its fourth weekly decline and remains a significant drag on overall sentiment. Current economic conditions fell 4% to its lowest level since early 2017, while future economic conditions lost 3.8%.\nThe ‘Time to buy a household item’ was down 3.3% last week compared to a gain of 5.1% previously.\nThe four-week average for inflation expectations was stable at 4.1%, though weekly reading fell below 4% after five weeks of stability.\n    ",
          "author": "Phoebe O’Sullivan@/content/mediacentre/en/authors/phoebe-o_sullivan",
          "favicon": "https://media.anz.com/etc/designs/mediacentre/favicon.ico",
          "source": "media.anz.com",
          "published": "",
          "ttr": 25
     }
}