{
     "Date": "23/10/2018",
     "Open": "1.07",
     "High": "1.09",
     "Low": "1.07",
     "Close": "1.07",
     "Adj Close": "0.870739",
     "Volume": "72874",
     "headLine": "Consumer Confidence: sentiment plunges",
     "link": "https://media.anz.com/posts/2018/10/consumer-confidence--sentiment-plunges",
     "article": {
          "url": "https://media.anz.com/posts/2018/10/consumer-confidence--sentiment-plunges",
          "title": "Consumer Confidence: sentiment plunges",
          "description": "ANZ-Roy Morgan Australian Consumer Confidence plunged 6% last week, closing just below its long term average and at its lowest level for more than a year. All components of the survey fell sharply.",
          "links": [
               "https://media.anz.com/posts/2018/10/consumer-confidence--sentiment-plunges"
          ],
          "image": "https://media.anz.com/content/dam/mediacentre/images/consumerconfidence/2018/August/Consumer%20Confidence%20Aug.JPG",
          "content": "\n    \n    ANZ-Roy Morgan Australian Consumer Confidence plunged 6% last week, closing just below its long term average and at its lowest level for more than a year. All components of the survey fell sharply.\n\n    \n\n    \n    \n            ANZ’s Head of Australian Economics, David Plank, commented:\n“Confidence plunged by 6% last week, bringing the index to its lowest level since September 2017. There was no glimmer of better news in the sub-indices, with all confidence measures down sharply. Loss of Liberal stronghold Wentworth may have highlighted political uncertainty in the public mind. Higher petrol prices may also be impacting sentiment. Certainly there was no cheer from the favourable labour market numbers released last week. There are no local data of note released this week, which will provide clear air for even more focus than usual on political developments – as if an excuse was needed.”\nPlease see the attached document for further details.\n    \n    \n    \n                ANZ-Roy Morgan Consumer Confidence\n        \n    \n\n    \n    For media enquiries contact\n        \n        +61 2 8037 0029\n        Shaurya Mishra\n        +91 80 6795 3801\n        Francesca Rizzo\n        +61 481-014224\n        \n\n\t\t\t\t\t\t\n\t\t\t\t\t\t",
          "author": "David Plank@/content/mediacentre/en/authors/david-plank,Shaurya Mishra@/content/mediacentre/en/authors/shaurya-mishra,Francesca Rizzo@/content/mediacentre/en/authors/Francesca-Rizzo",
          "favicon": "https://media.anz.com/etc/designs/mediacentre/favicon.ico",
          "source": "media.anz.com",
          "published": "",
          "ttr": 34
     }
}