{
     "Date": "5/11/2020",
     "Open": "1.73",
     "High": "1.77",
     "Low": "1.73",
     "Close": "1.73",
     "Adj Close": "1.547229",
     "Volume": "1865544",
     "headLine": "Consumer confidence lifts marginally",
     "link": "https://media.anz.com/posts/2020/05/consumer-confidence-lifts-marginally",
     "article": {
          "url": "https://media.anz.com/posts/2020/05/consumer-confidence-lifts-marginally",
          "title": "Consumer confidence lifts marginally",
          "description": "Consumer confidence has lifted 0.9 per cent for its sixth-straight weekly gain. Financial conditions indices diverged: ‘current finances’ fell 2.3 per cent and ‘future finances’ rose 1.7 per cent. Economic...",
          "links": [
               "https://media.anz.com/posts/2020/05/consumer-confidence-lifts-marginally"
          ],
          "image": "https://media.anz.com/content/dam/mediacentre/images/consumerconfidence/2018/August/Consumer%20Confidence%20Aug.JPG",
          "content": "\n    \n            Consumer confidence has lifted 0.9 per cent for its sixth-straight weekly gain. Financial conditions indices diverged: ‘current finances’ fell 2.3 per cent and ‘future finances’ rose 1.7 per cent.\nEconomic conditions reversed the split seen in financial conditions. ‘Current economic conditions’ rose 2.2 per cent for the sixth week, while ‘future economic conditions’ fell 4.1 per cent.\n‘Time to buy a major household item’ gained 8.1 per cent. The four-week moving average for ‘inflation expectations’ was stable at 3.4 per cent, though the weekly reading lifted to 3.5 per cent.\n    \n    \n\n    \n            \"Confidence continued to gain last week, though the pace of increase eased,\" ANZ Head of Australian Economics David Plank said.\n\"The recent gains have resulted in the index recovering some 70 per cent of the fall seen in the last two weeks of March. This likely reflects the continued good news on the path of the pandemic in Australia and the associated progressive easing of restrictions.\"\n\"The challenge for the coming week will be how households react to what is expected to be dire news on the state of the labour market.\"\nDownload PDF\n    \n\t\t\t\t\t\t",
          "author": "Phoebe O’Sullivan@/content/mediacentre/en/authors/phoebe-o_sullivan",
          "favicon": "https://media.anz.com/etc/designs/mediacentre/favicon.ico",
          "source": "media.anz.com",
          "published": "",
          "ttr": 37
     }
}