{
     "Date": "9/11/2020",
     "Open": "1.78",
     "High": "1.85",
     "Low": "1.78",
     "Close": "1.82",
     "Adj Close": "1.62772",
     "Volume": "611755",
     "headLine": "ANZ publishes its 2020 annual reporting suite",
     "link": "https://media.anz.com/posts/2020/11/anz-releases-2020-annual-report--esg-supplement-and-climate-chan",
     "article": {
          "url": "https://media.anz.com/posts/2020/11/anz-releases-2020-annual-report--esg-supplement-and-climate-chan",
          "title": "ANZ publishes its 2020 annual reporting suite",
          "description": "ANZ today released its Annual Reporting Suite for 2020, including its Annual Report, Environment Social and Governance Supplement, and its Climate-Related Financial Disclosures (TCFD), and new Climate Change Statement.",
          "links": [
               "https://media.anz.com/posts/2020/11/anz-releases-2020-annual-report--esg-supplement-and-climate-chan"
          ],
          "image": "https://media.anz.com/content/dam/mediacentre/images/mediareleases/2020/November/ANZ9078A-ANZ-2020-Corporate-Reporting-Suite-Covers-2560x1440px.jpg",
          "content": "\n            The Annual Report provides shareholders with updates on ANZ’s performance, its strategy, remuneration outcomes, governance matters, as well as other developments across the business.\nHighlights within this year’s Annual Report include:\n\nStatements from our Chairman and CEO (pp 4-7)\nOur approach to COVID-19 and support provided to our customers, our people and our community (pp 8-9)\nThe risks and opportunities in our external operating environment and how we’re responding (pg 14)\nThe work we are doing to become a fairer and more responsible bank (pp 16-17)\nHow we create value for our shareholders through supporting our customers (pp 18-24); our people (pp 28-31); and our community and the relationships we hold with our stakeholders (pp 32-33)\nOur approach to risk management and commitment to maintaining sound practices through COVID-19 (pp 49-53)\n\nWithin our ESG Supplement, a more detailed report on our sustainability agenda, highlights include:\n\nOur annual materiality assessment and identification of issues that have the most potential to impact our ability to operate (pp 6-8)\nFull year performance against our ESG targets (pp 11-12)\nOur work to deliver on our long-term priority of better outcomes for customers, including the work we do with vulnerable customers (pp 17-24)\nOur approach to human rights and modern slavery, recognising the impact of our business activities and business relationships (pp 32-34)\n\nANZ has also released its Climate-Related Financial Disclosures (TCFD), and 2020 Climate Change Statement which aligns our support with the Paris Agreement’s goal of transitioning to net zero emissions by 2050.  \nThis Statement acknowledges the investment required to support the transition. It also confirms ANZ’s commitment to playing our part through the lending decisions we make in financing customers and projects that contribute to reducing emissions and are resilient to a changing climate.\nElectronic copies of these reports can be found at anz.com/annualreport\nDownload PDF\n    \n    For media enquiries contact\n        \n        +61 403 936 262\n        Brett Foley \n        +61 466 670 880 \n        \n",
          "author": "Nick Higginbottom@/content/mediacentre/en/authors/nick-higginbottom,Brett Foley @/content/mediacentre/en/authors/brett-foley",
          "favicon": "https://media.anz.com/etc/designs/mediacentre/favicon.ico",
          "source": "media.anz.com",
          "published": "",
          "ttr": 64
     }
}