{
     "Date": "12/08/2020",
     "Open": "1.55",
     "High": "1.55",
     "Low": "1.5",
     "Close": "1.53",
     "Adj Close": "1.343925",
     "Volume": "91343",
     "headLine": "ANZ appoints MD Institutional Australia and MD Transaction Banking",
     "link": "https://media.anz.com/posts/2020/08/anz-appoints-md-institutional-australia-and-md-transaction-banki",
     "article": {
          "url": "https://media.anz.com/posts/2020/08/anz-appoints-md-institutional-australia-and-md-transaction-banki",
          "title": "ANZ appoints MD Institutional Australia and MD Transaction Banking ",
          "description": "ANZ Group Executive, Institutional, Mark Whelan said: “I’m pleased to welcome these important new additions to my leadership team. Both are experienced banking executives with exceptional customer...",
          "links": [
               "https://media.anz.com/posts/2020/08/anz-appoints-md-institutional-australia-and-md-transaction-banki"
          ],
          "image": "https://media.anz.com/content/dam/mediacentre/images/mediareleases/2020/August/Tammy_resized.png",
          "content": "\n            ANZ Group Executive, Institutional, Mark Whelan said: “I’m pleased to welcome these important new additions to my leadership team. Both are experienced banking executives with exceptional customer relationships, a sharp risk lens, strong leadership and a track record of driving well-managed growth.\n“They have also shown a keen focus on product innovation and the use of data and digital to support our customers, as well as a deep understanding of trade and supply chains, which are critical as we and our customers face uncertain times,” Mr Whelan said.\nTammy Medard has been in international banking for more than 20 years, and is currently Head of Diversified Industries, Institutional. She started at the Bank 12 years ago in Risk before relocating with her family for the role of ANZ Laos CEO.\nBased in Melbourne, Ms Medard replaces Graham Turley, who is retiring from banking after 15 years at ANZ. Her appointment will be effective as of 1 October 2020.\nLisa Vasic has been at ANZ for almost two decades, most recently as Head of Australia &amp; PNG, Transaction Banking, Institutional. She previously has held roles in Product and Coverage across Retail and Institutional, including leading the Transaction Banking Financial Institutions team across our international network.\nBased in Sydney, Ms Vasic replaces Mark Evans, who has moved into the role of Head of Strategic Planning and Execution. Her appointment will be effective 17 August 2020.\nDownload PDF\n    ",
          "author": "Liz Rudall@/content/mediacentre/en/authors/liz-ruddall",
          "favicon": "https://media.anz.com/etc/designs/mediacentre/favicon.ico",
          "source": "media.anz.com",
          "published": "",
          "ttr": 47
     }
}