{
     "Date": "28/05/2021",
     "Open": "2.09",
     "High": "2.09",
     "Low": "2.05",
     "Close": "2.06",
     "Adj Close": "1.872049",
     "Volume": "168342",
     "headLine": "ANZ provides financial support for customers dealing with the mouse plague in regional Australia",
     "link": "https://media.anz.com/posts/2021/may/anz-provides-financial-support-for-customers-dealing-with-the-mo",
     "article": {
          "url": "https://media.anz.com/posts/2021/may/anz-provides-financial-support-for-customers-dealing-with-the-mo",
          "title": "ANZ provides financial support for customers dealing with the mouse plague in regional Australia ",
          "description": "Fuelled by a bumper harvest season, millions of mice have wreaked havoc across large swathes of agricultural land in regional New South Wales and southern Queensland, causing significant damage to property...",
          "links": [
               "https://media.anz.com/posts/2021/may/anz-provides-financial-support-for-customers-dealing-with-the-mo"
          ],
          "image": "https://media.anz.com/content/dam/mediacentre/images/mediareleases/2021/May/Agri_wheat%20crop.jpg",
          "content": "\n            Fuelled by a bumper harvest season, millions of mice have wreaked havoc across large swathes of agricultural land in regional New South Wales and southern Queensland, causing significant damage to property and crops.\nANZ encourages customers affected to contact their dedicated agribusiness banker when they’re ready to discuss their needs and to understand the range of financial support measures that might assist, which might include the waiving of fees and temporarily pausing loan repayments.\nANZ’s head of Agribusiness Mark Bennett said: “This plague is proving very costly and disruptive. Many regional customers were still finding their feet after the drought and now as they recover, they have another problem to deal with.”\n“Mice have destroyed stored hay and grain and continue to raid freshly sown crops, meaning many farmers have lost valuable inventory and have been forced to re-sow. We want to support our impacted customers and we hope the measures can help them navigate these issues with improved confidence.”\nANZ customers can also call the dedicated hardship team on 1800 351 548 to discuss their specific circumstances and how the bank can assist them with a tailored solution.\nDOWNLOAD PDF\n    ",
          "author": "Brett Foley @/content/mediacentre/en/authors/brett-foley",
          "favicon": "https://media.anz.com/etc/designs/mediacentre/favicon.ico",
          "source": "media.anz.com",
          "published": "",
          "ttr": 39
     }
}