{
     "Date": "25/06/2019",
     "Open": "1.1",
     "High": "1.1",
     "Low": "1.08",
     "Close": "1.1",
     "Adj Close": "0.922693",
     "Volume": "93222",
     "headLine": "Confidence consolidates",
     "link": "https://media.anz.com/posts/2019/07/confidence-consolidates",
     "article": {
          "url": "https://media.anz.com/posts/2019/07/confidence-consolidates",
          "title": "Confidence consolidates",
          "description": "Consumer confidence fell by 1.1 per cent last week, with the decline following the prior week’s 4 per cent gain. The performance of the sub-indices was mixed, with financial conditions up and the others...",
          "links": [
               "https://media.anz.com/posts/2019/07/confidence-consolidates"
          ],
          "image": "https://media.anz.com/content/dam/mediacentre/images/consumerconfidence/consumer%20confidence.jpg",
          "content": "\n    \n            Consumer confidence fell by 1.1 per cent last week, with the decline following the prior week’s 4 per cent gain. The performance of the sub-indices was mixed, with financial conditions up and the others down.\nCurrent finances were up by 3.7 per cent for the week, while future finances gained 1.3 per cent.\nIn contrast, the economic conditions sub-indices were down; with current economic conditions falling 3.6 per cent and future economic conditions losing 1.7 per cent. The decline in these indices was not that disappointing when compared to the gains of 13.3 per cent and 7 per cent respectively in the previous reading.\nThe ‘Time to buy a major household item’ index was down by 4.6 per cent. The four-week moving average for inflation expectations was up 0.1 percentage point to 4 per cent.\n    \n    \n\n    \n            “Confidence fell 1.1 per cent, despite the Reserve Bank of Australia’s second rate cut. The passage of the tax cuts has also not been an immediate boost to sentiment,\" ANZ Head of Australian Economics David Plank said.\n\"We need to put this in context, however. Consumer confidence rose sharply in the prior week and is above average, so some consolidation is not completely unexpected.\"\n\"Interestingly, confidence also fell immediately following the June RBA rate cut, suggesting the immediate take-away from monetary easing is not necessarily positive.\" \n\"The mixed nature of last week’s data, with another trade surplus but soft retail sales, may also have contributed.”\nDOWNLOAD PDF\n    \n\t\t\t\t\t\t",
          "author": "Phoebe O’Sullivan@/content/mediacentre/en/authors/phoebe-o_sullivan",
          "favicon": "https://media.anz.com/etc/designs/mediacentre/favicon.ico",
          "source": "media.anz.com",
          "published": "",
          "ttr": 49
     }
}