{
     "Date": "14/12/2018",
     "Open": "1",
     "High": "1",
     "Low": "1",
     "Close": "1",
     "Adj Close": "0.813775",
     "Volume": "100009",
     "headLine": "ANZ comments on RBNZ Capital Review Consultation Paper",
     "link": "https://media.anz.com/posts/2018/12/anz-comments-on-rbnz-capital-review-consultation-paper",
     "article": {
          "url": "https://media.anz.com/posts/2018/12/anz-comments-on-rbnz-capital-review-consultation-paper",
          "title": "ANZ comments on RBNZ Capital Review Consultation Paper",
          "description": "Further to ANZ’s announcement of earlier today, the Reserve Bank of New Zealand (RBNZ) has released a consultation paper titled “Capital Review Paper 4”. ",
          "links": [
               "https://media.anz.com/posts/2018/12/anz-comments-on-rbnz-capital-review-consultation-paper"
          ],
          "image": "https://media.anz.com/content/dam/mediacentre/images/mediareleases/2018/May/ANZ%20centre.jpg",
          "content": "\n            This consultation paper relates to possible additional RBNZ capital requirements in relation to ANZ’s New Zealand assets. These are separate to ANZ Group’s capital measurement and minimum requirements set by APRA.\nResponses are due on 29 March 2019.\nThe consultation paper refers to a proposed implementation period of five years and sets out:\n\nPotential increases in the risk weighting applied to the assets of banks in New Zealand; and\nPotential increases to the percentage of capital held against those risk weights in New Zealand.\n\nANZ has a number of questions and comments in relation to the consultation paper. ANZ will engage with RBNZ and APRA on these throughout the consultation period.\nBased on the potential changes set out in the consultation paper, and ANZ’s New Zealand balance sheet as at 30 September 2018, the changes imply a potential capital increase in New Zealand of NZ$6 billion to NZ$8 billion (A$5.7 billion to A$7.7 billion1). ANZ New Zealand currently has approximately NZ$12 billion of Tier 1 capital (A$11.3 billion1).\nThe overall impact on the ANZ Group depends on a number of factors. These include the outcome of the consultation, ANZ’s New Zealand balance sheet at the time of implementation, and the outcome of other reviews currently underway by APRA.\nTherefore, it remains too early to determine the extent to which this could impact the capital levels held by the ANZ Group.\nThe ANZ Group Common Equity Tier 1 Capital Ratio at 30 September 2018 was 11.4 per cent which is approximately A$3.7 billion above the APRA stated Unquestionably Strong level of 10.5 per cent. \n1. FX rate of 1.05 AUD/NZD\nDownload PDF\n    ",
          "author": "Stephen Ries@/content/mediacentre/en/authors/stephen-ries,Emma Mellow@/content/mediacentre/en/authors/emma-mellow",
          "favicon": "https://media.anz.com/etc/designs/mediacentre/favicon.ico",
          "source": "media.anz.com",
          "published": "",
          "ttr": 55
     }
}