{
     "Date": "20/10/2020",
     "Open": "1.72",
     "High": "1.75",
     "Low": "1.72",
     "Close": "1.75",
     "Adj Close": "1.565116",
     "Volume": "85492",
     "headLine": "2020 Human rights review",
     "link": "https://media.anz.com/posts/2020/10/2020-human-rights-review",
     "article": {
          "url": "https://media.anz.com/posts/2020/10/2020-human-rights-review",
          "title": "2020 Human rights review",
          "description": "In 2020 ANZ committed to review and strengthen its human rights policies and processes. This work will include its business customer screening processes, revising ANZ’s human rights standards and developing a grievance mechanism for communities.",
          "links": [
               "https://media.anz.com/posts/2020/10/2020-human-rights-review"
          ],
          "image": "https://media.anz.com/content/dam/mediacentre/images/mediareleases/2018/March/ANZ%20logo%20outdoors.jpg",
          "content": "\n            This review is referenced in the Statement of the Parties regarding the Australian National Contact Point complaint on behalf of Cambodian families.\nOur approach is being informed by an external multi-stakeholder working group. Their involvement does not infer endorsement of the outcomes of this review or other work carried out by ANZ.\nWe will update on this review in our ESG reporting. We expect to finalise this work in mid-2021.\nExternal stakeholder working group:\n•         Accountability Counsel\n•         Rebekah Armstrong, Business and Human Rights Consultants\n•         BankTrack\n•         BHP\n•         Business Council of Australia\n•         Centre for Research on Multinational Corporations (SOMO)  \n•         Equitable Cambodia\n•         Finance Sector Union\n•         Human Rights Law Centre\n•         Inclusive Development International\n•         Associate Professor Shelley Marshall supported by Olivia Dean\n•         Minerals Council of Australia\n•         Reconciliation Australia\n•         Emeritus Professor Paul Redmond AM, UNSW Law and UTS\n•         Angela Reeman, Reeman Consulting\n•         Benson Saulo\n•         Uniting Church in Australia, Synod Vic. &amp; Tas.\n•         Vanessa Zimmerman, Pillar Two (Facilitator)\nDownload PDF\n    ",
          "author": "Nick Higginbottom@/content/mediacentre/en/authors/nick-higginbottom",
          "favicon": "https://media.anz.com/etc/designs/mediacentre/favicon.ico",
          "source": "media.anz.com",
          "published": "",
          "ttr": 34
     }
}