{
     "Date": "2/08/2021",
     "Open": "1.91",
     "High": "1.92",
     "Low": "1.86",
     "Close": "1.86",
     "Adj Close": "1.690297",
     "Volume": "74579",
     "headLine": "ANZ Job Ads: small decline in July but no nosedive",
     "link": "https://media.anz.com/posts/2021/august/anz-job-ads_signaling_sharply_lower_unemployment",
     "article": {
          "url": "https://media.anz.com/posts/2021/august/anz-job-ads_signaling_sharply_lower_unemployment",
          "title": "ANZ Job Ads: small decline in July but no nosedive",
          "description": "\"There was only a slight decline in ANZ Job Ads in July, the first full month of NSW’s lockdown.\" ANZ Senior Economist, Catherine Birch said. \"Weekly numbers did not fall steeply in the second half of the...",
          "links": [
               "https://media.anz.com/posts/2021/august/anz-job-ads_signaling_sharply_lower_unemployment"
          ],
          "image": "https://media.anz.com/content/dam/mediacentre/images/jobads/2020/May/Job%20ads%20april.jpg",
          "content": "\n            \"There was only a slight decline in ANZ Job Ads in July, the first full month of NSW’s lockdown.\" ANZ Senior Economist, Catherine Birch said.\n\"Weekly numbers did not fall steeply in the second half of the month either, when NSW tightened restrictions (on construction, retail and more broadly) and Victoria and SA also went into lockdown. There were certainly no signs of a repeat of last year, when ANZ Job Ads dropped 12.9 per cent in March and a further 53.1 per cent in April 2020.\"\n\"This reinforces our expectation that the impact of NSW’s extended lockdown on employment and the unemployment rate will be limited; hours worked and underemployment will again bear the brunt.\"\n\"We think two key factors will mitigate state and national effects on employment and unemployment. First, policy support, including for JobSaver, which requires businesses to maintain their headcount. Second, many businesses are “hoarding” labour to avoid the costs and delays of rehiring once restrictions ease, particularly given reported difficulty finding labour and the record high job vacancy rate.\"\n\"We maintain our positive longer-term labour market outlook and forecast unemployment to fall to 4.5 per cent by Q4 2021 and 4.2 per cent by end-2022. A longer NSW lockdown and outbreaks elsewhere are significant risks though.\"\nDOWNLOAD PDF\n    ",
          "author": "Emma Myers@/content/mediacentre/en/authors/emma-myers",
          "favicon": "https://media.anz.com/etc/designs/mediacentre/favicon.ico",
          "source": "media.anz.com",
          "published": "",
          "ttr": 43
     }
}