{
     "Date": "29/10/2021",
     "Open": "1.73",
     "High": "1.73",
     "Low": "1.71",
     "Close": "1.73",
     "Adj Close": "1.598319",
     "Volume": "359966",
     "headLine": "ANZ provides relief package for storm-affected Victorian customers",
     "link": "https://media.anz.com/posts/2021/october/anz-provides-relief-package-for-storm-affected-victorian-custome",
     "article": {
          "url": "https://media.anz.com/posts/2021/october/anz-provides-relief-package-for-storm-affected-victorian-custome",
          "title": "ANZ provides relief package for storm-affected Victorian customers",
          "description": "ANZ today announced a financial assistance package for storm-affected customers in Victoria after severe winds swept across the state, damaging homes and felling trees.",
          "links": [
               "https://media.anz.com/posts/2021/october/anz-provides-relief-package-for-storm-affected-victorian-custome"
          ],
          "image": "https://media.anz.com/content/dam/mediacentre/pdfs/mediareleases/2021/October/Fallen%20trees%20Vic.jpg",
          "content": "\n            Many homes and businesses were also left without power in the wake of the storm and debris was strewn across the state as people began to assess the damage.\nStorm-affected Victorian customers may find they need some of the support available in ANZ’s financial relief measures, including:\n\nShort-term payment relief on home loans, credit cards, personal loans and some business loans (we may still charge you interest during that period)   \nWaiving fees for restructuring business loans\nWaiving fees for accessing term deposits early\n\nANZ General Manager Victoria, Cameron Home said: “The storms have already damaged many homes and businesses with some people still recovering and without power.\n“When our customers are ready, I encourage them to get in touch with us to see if our financial relief measures can help them in some way after this challenging time.\n“I would also like to thank all the emergency services members and volunteers who have helped hundreds of Victorians overnight and into the weekend as they deal with the storm’s impacts.”\nANZ customers in storm-affected areas are encouraged to visit their local branch if they are able, or to contact their relationship manager to discuss the impact on their business or personal circumstances.\nCustomers can also contact ANZ’s dedicated financial hardship team on 1800 149 549 or at anz.com.au/support/natural-disaster-support/\nCustomers with ANZ Home and Contents Insurance may be eligible for emergency funds and temporary accommodation.\nTo lodge an insurance claim, customers can call 13 16 14 or visit anz.com/insuranceclaims\nDownload PDF\n    ",
          "author": "Nick Higginbottom@/content/mediacentre/en/authors/nick-higginbottom",
          "favicon": "https://media.anz.com/etc/designs/mediacentre/favicon.ico",
          "source": "media.anz.com",
          "published": "",
          "ttr": 50
     }
}