{
     "Date": "5/01/2018",
     "Open": "1.12",
     "High": "1.13",
     "Low": "1.12",
     "Close": "1.13",
     "Adj Close": "0.882124",
     "Volume": "97471",
     "headLine": "ANZ Half Year Results 2018",
     "link": "https://media.anz.com/posts/2018/05/anz-half-year-results-2018-",
     "article": {
          "url": "https://media.anz.com/posts/2018/05/anz-half-year-results-2018-",
          "title": "ANZ Half Year Results 2018 ",
          "description": "CEO Commentary  ANZ Chief Executive Officer Shayne Elliott said: “This result demonstrates our strategy to build a better balanced, better capitalised and simpler bank is delivering results for customers and...",
          "links": [
               "https://media.anz.com/posts/2018/05/anz-half-year-results-2018-"
          ],
          "image": "https://media.anz.com/content/dam/mediacentre/images/mediareleases/2018/March/ANZ%20logo.jpg",
          "content": "\n            \nCEO Commentary \nANZ Chief Executive Officer Shayne Elliott said: “This result demonstrates our strategy to build a better balanced, better capitalised and simpler bank is delivering results for customers and shareholders despite continued headwinds for the sector.\n“We have increased the allocation of capital to our higher performing businesses, delivered on our simplification promise by divesting non-core assets, reduced product complexity and continued to reshape our workforce so we can better respond to changing market dynamics.\n“We are now benefiting from a more focused organisation with sector-leading capital and improving returns. While we expect this trend to continue, we have needed to manage additional regulatory costs, softer industry revenue growth and the impact of the bank tax. We must also respond comprehensively to the very real concerns that the Royal Commission identifies.\n“Our business efficiency has improved, with expenses reducing in absolute terms for each of the past four halves. This discipline allowed us to increase investment in our digital capability in Australia, which is already delivering results in terms of better customer experience.\n“Our retail markets of Australia and New Zealand performed well with solid growth in both lending and deposits, increasing market share in our targeted segments, particularly owner-occupier principal and interest (P&amp;I) home loans.\n“Customers also continue to benefit from our focus on building a superior banking experience. We extended our leadership in the mobile payments space with the addition of Fitbit Pay (Australia), Garmin Pay and eftpos on Apple Pay and Android Pay. We also introduced a new mobile banking app that is currently the top rated banking app in the Australian Apple store, with daily registrations the highest on record for ANZ. The launch of our unique voice biometrics capability has contributed to five-fold growth in the value of payments using mobile devices from November 2017 to March 2018.\n“A highlight of the half was finalising the sale of our six Asian retail and wealth businesses. This was a significant execution task involving hundreds of ANZ staff transferring around two million customers, 40 branches, 69 systems and 2,700 employees on schedule and under budget. The sale allows us to further strengthen our focus on Institutional, which continues to have a strong regional footprint across 15 markets in Asia and was again named a top four corporate bank in Asia and number one for overall quality3.\n“In a fast changing and unpredictable environment, ANZ’s experienced team is committed to building a business that is both nimble and focused on execution. The progress of our multi-year transformation demonstrates we have the right team in place to manage difficult conditions and deliver for our customers and our shareholders.\nView PDF for complete 2018 half year results information \nDownload infographic \nDownload news grabs of ANZ Chief Executive Officer Shayne Elliott\nPlease find video news grabs of ANZ Chief Executive Officer Shayne Elliott talking about the bank’s 2018 Half Year Results, the banking Royal Commission and APRA available for download from vimeo: \nOverlay footage - https://vimeo.com/267352126\nPlease email media.relations@anz.com for a copy of any of the photos of Shayne Elliott below. \n    \n    For media enquiries contact\n        \n        +61 403 130 207\n        Nick Higginbottom\n        +61 403 936 262\n        \n",
          "author": "Liz Rudall@/content/mediacentre/en/authors/liz-ruddall,Nick Higginbottom@/content/mediacentre/en/authors/nick-higginbottom",
          "favicon": "https://media.anz.com/etc/designs/mediacentre/favicon.ico",
          "source": "media.anz.com",
          "published": "",
          "ttr": 105
     }
}