{
     "Date": "4/11/2020",
     "Open": "1.73",
     "High": "1.74",
     "Low": "1.72",
     "Close": "1.72",
     "Adj Close": "1.538285",
     "Volume": "148884",
     "headLine": "Consumer confidence lifts again - just",
     "link": "https://media.anz.com/posts/2020/11/consumer-confidence-lifts-again-just",
     "article": {
          "url": "https://media.anz.com/posts/2020/11/consumer-confidence-lifts-again-just",
          "title": "Consumer confidence lifts again - just",
          "description": "\"Confidence gained for the ninth straight week and is now close to neutral, its highest level since the pandemic induced collapse in confidence in mid-March.,\" ANZ Head of Australian Economics, David Plank...",
          "links": [
               "https://media.anz.com/posts/2020/11/consumer-confidence-lifts-again-just"
          ],
          "image": "https://media.anz.com/content/dam/mediacentre/images/consumerconfidence/2018/August/Consumer%20Confidence%20Aug.JPG",
          "content": "\n            \"Confidence gained for the ninth straight week and is now close to neutral, its highest level since the pandemic induced collapse in confidence in mid-March.,\" ANZ Head of Australian Economics, David Plank said.\n\"The details suggest some caution about the result, however. ‘Current financial conditions’ fell by more than 6 per cent – its biggest weekly decline since the extreme weakness seen in March.\" \n\"This may be a sign that the cutbacks in the JobKeeper and JobSeeker payments are starting to be felt. The sub-indices can be volatile from week-to-week, as evidenced by the jump in inflation expectations after the plunge the week before, so we need to be cautious about reading too much into the drop.\"\n\"And consumers are quite confident about their future financial outlook. Still, we will be looking at other data (such as ANZ observed card spending) for any confirmation that household financial conditions are tightening.\"\nDownload PDF\n    ",
          "author": "Phoebe O’Sullivan@/content/mediacentre/en/authors/phoebe-o_sullivan",
          "favicon": "https://media.anz.com/etc/designs/mediacentre/favicon.ico",
          "source": "media.anz.com",
          "published": "",
          "ttr": 31
     }
}