{
     "Date": "15/04/2020",
     "Open": "1.25",
     "High": "1.28",
     "Low": "1.24",
     "Close": "1.26",
     "Adj Close": "1.106762",
     "Volume": "149603",
     "headLine": "Consumer confidence lifts again",
     "link": "https://media.anz.com/posts/2020/04/consumer-confidence-lifts-again",
     "article": {
          "url": "https://media.anz.com/posts/2020/04/consumer-confidence-lifts-again",
          "title": "Consumer confidence lifts again",
          "description": "Confidence strengthened for a second week, with a close to 9 per cent gain coming after the prior week’s jump of more than 10 per cent. Strength was broad based. ‘Current financial conditions’ gained 8.7 per...",
          "links": [
               "https://media.anz.com/posts/2020/04/consumer-confidence-lifts-again"
          ],
          "image": "https://media.anz.com/content/dam/mediacentre/images/consumerconfidence/2018/August/Consumer%20Confidence%20Aug.JPG",
          "content": "\n    \n            Confidence strengthened for a second week, with a close to 9 per cent gain coming after the prior week’s jump of more than 10 per cent. Strength was broad based.\n‘Current financial conditions’ gained 8.7 per cent, while ‘future financial conditions’ rose 7.9 per cent.\n‘Current economic conditions’ gained 6.3 per cent, building on the massive gain of 24.6 per cent in the previous reading. ‘Future financial conditions’ gained 11.8 per cent after being the only subcomponent that fell in the previous reading.\n'Time to buy a major household item’ gained 8 per cent and the four-week moving average for ‘inflation expectations’ fell 0.1 percentage point to 4 per cent. The weekly reading dipped to 3.8 per cent from 4.1 per cent.\n    \n    \n\n    \n            \"The government’s fiscal packages and the flattening of the pandemic curve are helping consumer confidence make further gains.,\" ANZ Head of Australian Economics David Plank said. \n\"Confidence is now up close to 20 per cent from the historic low reached over the last weekend in March. Despite this, it is still some way below the levels seen during the global financial crisis.\"\n\"The challenge for sentiment over the next few months is likely to be a deluge of poor economic data. We’ve already seen a taste of it this week, with the plunge in business confidence and conditions.\" \n\"March employment data, due out later this week, may deliver more bad news, though the fact the survey week for the report was in early March means it is likely to be some way short of the disastrous labour market data we unfortunately expect to see in coming months.\"\nDownload PDF\n    \n\t\t\t\t\t\t",
          "author": "Phoebe O’Sullivan@/content/mediacentre/en/authors/phoebe-o_sullivan",
          "favicon": "https://media.anz.com/etc/designs/mediacentre/favicon.ico",
          "source": "media.anz.com",
          "published": "",
          "ttr": 55
     }
}