{
     "Date": "9/10/2019",
     "Open": "1.27",
     "High": "1.28",
     "Low": "1.26",
     "Close": "1.28",
     "Adj Close": "1.098974",
     "Volume": "86231",
     "headLine": "Consumer confidence falters",
     "link": "https://media.anz.com/posts/2019/09/consumer-confidence-falters",
     "article": {
          "url": "https://media.anz.com/posts/2019/09/consumer-confidence-falters",
          "title": "Consumer confidence falters",
          "description": "ANZ-Roy Morgan Australian Consumer Confidence fell 1.0 per cent last week. The fall was accentuated by a sharp decline of 7.1 per cent seen in the ‘time to buy a major household item’ sub-index. Current...",
          "links": [
               "https://media.anz.com/posts/2019/09/consumer-confidence-falters"
          ],
          "image": "https://media.anz.com/content/dam/celebratewomeninit/GettyImages-470975462.jpg",
          "content": "\n    \n            ANZ-Roy Morgan Australian Consumer Confidence fell 1.0 per cent last week. The fall was accentuated by a sharp decline of 7.1 per cent seen in the ‘time to buy a major household item’ sub-index.\nCurrent finances fell by 1.2 per cent, the second decline in a row, while future finances gained 1.7 per cent. Both the indices are well above their long-term averages.\nCurrent economic conditions gained 1.4 per cent after five straight declines. Future economic conditions gained 1.8 per cent for its third consecutive increase.\nAustralians are still wary of the economic outlook considering both the subindices are below their long terms averages.\nInflation expectations were stable at 4 1.4 per cent on the four-week moving average.\n    \n    \n\n    \n    \n            “A steep fall in the ‘time to buy a major household item’ led to a decline in the overall confidence index to just above its long-run average,\" ANZ Head of Australian Economics, David Plank said. \"This sub-index fell to its lowest level since April and is well below average.\"\n\"It seems tax cuts, lower interest rates and the associated turn in the housing market are not yet motivating people to consider a major household purchase.\"\n\"Interestingly, sentiment toward the economic outlook improved despite the weak second-quarter gross domestic product report.\"\n\"In saying this, we need to be mindful that sentiment toward the current economic outlook had declined for five consecutive weeks to its lowest level in more than two years. So the bounce in this sub-index is only modest.”\nDOWNLOAD PDF\n    \n    \n    For media enquiries contact\n        \n        +852-9535-7919\n        Brittannie Edwards\n        +61 466 720 996\n        \n\n\t\t\t\t\t\t\n\t\t\t\t\t\t",
          "author": "Phoebe O’Sullivan@/content/mediacentre/en/authors/phoebe-o_sullivan,Brittannie Edwards@/content/mediacentre/en/authors/brittannie-edwards",
          "favicon": "https://media.anz.com/etc/designs/mediacentre/favicon.ico",
          "source": "media.anz.com",
          "published": "",
          "ttr": 52
     }
}