{
     "Date": "22/06/2021",
     "Open": "2.05",
     "High": "2.06",
     "Low": "2.01",
     "Close": "2.06",
     "Adj Close": "1.872049",
     "Volume": "303663",
     "headLine": "Pacific workers increase financial skills in quarantine",
     "link": "https://media.anz.com/posts/2021/June/pacific-workers-increase-financial-skills-in-quarantine-",
     "article": {
          "url": "https://media.anz.com/posts/2021/June/pacific-workers-increase-financial-skills-in-quarantine-",
          "title": "Pacific workers increase financial skills in quarantine ",
          "description": "Workers arriving from the Pacific Islands to fill labour shortages in Australia are putting their time in quarantine to good use, completing ANZ’s award winning MoneyMinded program during their mandatory 14 day stay in Queensland facilities. ",
          "links": [
               "https://media.anz.com/posts/2021/June/pacific-workers-increase-financial-skills-in-quarantine-"
          ],
          "image": "https://media.anz.com/content/dam/mediacentre/images/mediareleases/2021/June/Pacific%20Workers%20MoneyMinded.jpg",
          "content": "\n            As many as 500 Pacific Island workers, who will earn up to 10 times as much working in Australia as they would back home, will complete MoneyMinded this year.\nThe financial education program is designed to help participants make more informed decisions about their money, including ways to budget, save and send money back to their families and communities while working in Australia.\nANZ will deliver the program in partnership with Powerpac, a provider of the Australian Federal Government’s Pacific Labour Scheme. The Scheme has been designed to fill labour gaps in regional areas that struggle to attract and retain workers.\nANZ Head of Agribusiness Mark Bennett said: “Our Agricultural industry, particularly our fresh produce sector, has a heavy seasonal labour requirement that’s filled by a balance of domestic, backpacker and overseas work programs.\n“The Pacific Labour Scheme and Seasonal Worker Programme have played a key role in addressing labour shortages, as travel restrictions continue to limit our access to international workers and make it difficult for Australian workers to move freely between states.\n“The relationship and protocols with our Pacific neighbours is seen as a win-win; our critical food crops are being harvested and processed by diligent skilled labour, while providing an opportunity for these workers to earn incomes to support their communities back home.\n“While we expect technology and automation will lessen the Agriculture industry’s reliance on labour requirements over time, physical labour will continue to be a mainstay requirement,” Mr Bennett said.\nMoney sent back to the Pacific from overseas, known as remittances, can make up around 25 per cent of a household's disposable income.\nANZ recently waived online International Money Transfer fees for ANZ customers in Australia and New Zealand sending money back home.\nAs part of ANZ’s partnership with Powerpac and the Pacific Labour Scheme we also support businesses that pay and treat their workers fairly in line with our commitments. \nView PDF\n    ",
          "author": "Karly Dwyer@/content/mediacentre/en/authors/karly-dwyer",
          "favicon": "https://media.anz.com/etc/designs/mediacentre/favicon.ico",
          "source": "media.anz.com",
          "published": "",
          "ttr": 64
     }
}