{
     "Date": "7/10/2018",
     "Open": "",
     "High": "",
     "Low": "",
     "Close": "",
     "Adj Close": "",
     "Volume": "",
     "headLine": "Consumer confidence: cooldown continues",
     "link": "https://media.anz.com/posts/2018/07/consumer-confidence--cooldown-continues",
     "article": {
          "url": "https://media.anz.com/posts/2018/07/consumer-confidence--cooldown-continues",
          "title": "Consumer confidence: cooldown continues",
          "description": "Headline ANZ-Roy Morgan Australian Consumer Confidence fell for the fourth straight week, down 0.2% to 120.1. The details were mixed – three out of five subindices posted gains, but the headline was weighed down by falls in sentiment around current financial conditions and ‘time to buy a household item’.",
          "links": [
               "https://media.anz.com/posts/2018/07/consumer-confidence--cooldown-continues"
          ],
          "image": "https://media.anz.com/content/dam/mediacentre/images/consumerconfidence/consumer%20confidence.jpg",
          "content": "\n            ANZ SENIOR ECONOMIST, FELICITY EMMETT, COMMENTED\n“Despite its fourth consecutive weekly fall, confidence remains well above its long term average.\nNotably, last week’s deterioration in sentiment was driven by a fall in current financial conditions and the ‘time to buy a household item’ subindex. Though they sit above their long term averages at the moment, we will be closely watching these indexes as they are well correlated with retail sales and spending more broadly. Retail sales reports for April and May surprised on the upside, but further deterioration of these subindices could indicate weakness in spending going forward.\nStepping back from the weekly volatility, aggregate financial conditions have tracked sideways in June, while aggregate economic conditions have edged up slightly despite renewed concerns about global trade. Overall, consumers remain quite optimistic despite high levels of debt and falling house prices.”\nPlease see the attached document for further details.\n    \n    \n                Insights\n        \n        \n                ANZ-Roy Morgan Consumer Confidence\n        \n    \n\n    For media enquiries contact\n        \n        +61 2 8037 0571\n        Mustafa Arif\n        +91 80 6795 3801\n        \n",
          "author": "Felicity Emmett@/content/mediacentre/en/authors/felicity-emmett,Mustafa Arif@/content/mediacentre/en/authors/mustafa-arif",
          "favicon": "https://media.anz.com/etc/designs/mediacentre/favicon.ico",
          "source": "media.anz.com",
          "published": "",
          "ttr": 34
     }
}