{
     "Date": "22/12/2020",
     "Open": "1.99",
     "High": "2",
     "Low": "1.96",
     "Close": "1.97",
     "Adj Close": "1.761873",
     "Volume": "436405",
     "headLine": "Senior management changes at ANZ",
     "link": "https://media.anz.com/posts/2020/12/senior-management-changes-at-anz",
     "article": {
          "url": "https://media.anz.com/posts/2020/12/senior-management-changes-at-anz",
          "title": "Senior management changes at ANZ",
          "description": "Since joining ANZ in July 2016, Ms Jablko has been Chief Financial Officer as well as a member of ANZ’s Executive Committee. She was appointed a director of ANZ New Zealand Limited in March 2018 and is a...",
          "links": [
               "https://media.anz.com/posts/2020/12/senior-management-changes-at-anz"
          ],
          "image": "https://media.anz.com/content/dam/mediacentre/images/mediareleases/2020/December/PIC_036.jpg",
          "content": "\n            Since joining ANZ in July 2016, Ms Jablko has been Chief Financial Officer as well as a member of ANZ’s Executive Committee. She was appointed a director of ANZ New Zealand Limited in March 2018 and is a passionate supporter of diversity and inclusion having served as Executive Sponsor for ANZ’s Pride Network.\nANZ Chief Executive Officer Shayne Elliott said: “While we are disappointed Michelle is leaving, we respect her decision and wish her the best in her new role.\n“Michelle can be incredibly proud of all she has achieved at ANZ. As a highly strategic CFO, she has transformed our finance function while also being instrumental in the simplification and strengthening of the organisation. She will always remain a good friend of the bank and I personally thank her for her considerable contribution over the past four and a half years,” Mr Elliott said.\nMs Jablko said: “It was an incredibly tough decision to leave ANZ, however I am looking forward to putting my experiences to use in another industry. I’ve thoroughly enjoyed working with Shayne and the broader team as well as playing a role in the bank’s continued success. I’m particularly proud of the work we have done to strengthen and simplify the bank as well as the highly capable finance function we have built over the last few years. I know the team will continue to do a great job for ANZ’s shareholders and customers.”\nANZ will conduct an internal and external search for a replacement with Ms Jablko to transition her duties over the coming months to current Group General Manager Internal Audit Shane Buggle who will be appointed Acting Chief Financial Officer. Mr Buggle has spent more than 20 years at ANZ in senior finance roles and was Deputy Chief Financial Officer from 2012 until 2018.\nMs Jablko will also step off the board of ANZ Bank New Zealand Limited with a replacement to be announced early next year.\nDOWNLOAD PDF\n    ",
          "author": "Stephen Ries@/content/mediacentre/en/authors/stephen-ries",
          "favicon": "https://media.anz.com/etc/designs/mediacentre/favicon.ico",
          "source": "media.anz.com",
          "published": "",
          "ttr": 66
     }
}