{
     "Date": "29/06/2021",
     "Open": "2",
     "High": "2.01",
     "Low": "2",
     "Close": "2",
     "Adj Close": "1.817524",
     "Volume": "1106386",
     "headLine": "Australians' financial wellbeing increases in line with nation’s COVID recovery",
     "link": "https://media.anz.com/posts/2021/march/australians--financial-wellbeing-increases",
     "article": {
          "url": "https://media.anz.com/posts/2021/march/australians--financial-wellbeing-increases",
          "title": "Australians' financial wellbeing increases in line with nation’s COVID recovery ",
          "description": "Other insights from the ANZ Roy Morgan Financial Wellbeing Indicator, Post Covid-19, covering the nine months from April 2020 to Dec 2020, include:  The changes to financial wellbeing have led to an increase...",
          "links": [
               "https://media.anz.com/posts/2021/march/australians--financial-wellbeing-increases"
          ],
          "image": "https://media.anz.com/content/dam/mediacentre/images/mediareleases/2021/March/FWB%20Indicator_March%2029_iStock-1288665720.jpg",
          "content": "\n            Other insights from the ANZ Roy Morgan Financial Wellbeing Indicator, Post Covid-19, covering the nine months from April 2020 to Dec 2020, include:\n\nThe changes to financial wellbeing have led to an increase in the size of both the ‘Struggling’ and ‘Getting By’ segments, with the ’No Worries’ segment shrinking.\nThe impact of COVID-19 resulted in all states and territories recording lower scores in overall financial wellbeing.\n\nThe ANZ Roy Morgan Financial Wellbeing Indicator is based on the Roy Morgan Single Source survey of 50,000 Australians annually that assesses financial behaviours as well as the psychological, social and economic factors that contribute to financial wellbeing. ANZ releases the Indicator quarterly.\n \nFuture ANZ Roy Morgan Financial Indicator releases will continue to monitor the effects of COVID-19 on financial wellbeing which are anticipated to continue for some time, particularly for those segments of the community disproportionately impacted, such as small and micro business owners and occupations in exposed industries.\nYou can read the full Financial Wellbeing Indicator report on bluenotes.\n    \n    \n                Media Release\n        \n        \n                Economic reports\n        \n    \n",
          "author": "Francesca Rizzo@/content/mediacentre/en/authors/Francesca-Rizzo",
          "favicon": "https://media.anz.com/etc/designs/mediacentre/favicon.ico",
          "source": "media.anz.com",
          "published": "",
          "ttr": 35
     }
}