{
     "Date": "17/07/2019",
     "Open": "1.18",
     "High": "1.19",
     "Low": "1.17",
     "Close": "1.17",
     "Adj Close": "0.981409",
     "Volume": "980989",
     "headLine": "Fitch Ratings Outlook Revision",
     "link": "https://media.anz.com/posts/2019/07/fitch-ratings-outlook-revision",
     "article": {
          "url": "https://media.anz.com/posts/2019/07/fitch-ratings-outlook-revision",
          "title": "Fitch Ratings Outlook Revision",
          "description": "Fitch Ratings (Fitch) today announced that it has revised the outlook for Australia and New Zealand Banking Group Limited’s (ANZBGL) Long-Term Issuer Default Rating (IDR) to Negative from Stable. ANZBGL’s IDR was reaffirmed at AA- with all other ratings unchanged. The outlook is consistent with the other three major Australian banks.",
          "links": [
               "https://media.anz.com/posts/2019/07/fitch-ratings-outlook-revision"
          ],
          "image": "https://media.anz.com/content/dam/mediacentre/images/mediareleases/2018/March/ANZ%20logo%20outdoors.jpg",
          "content": "\n            Fitch stated that the main driver for the rating action was the Australian Prudential Regulation Authority’s announcement on 11 July 2019 that it was applying additional operational-risk capital requirements to three major Australian banks including ANZBGL.\nAs a result, Fitch has also revised the outlook for ANZ Bank New Zealand Limited’s (ANZ NZ) IDR to Negative from Stable. Fitch has reaffirmed ANZ NZ’s IDR at AA- with all other ratings unchanged.\nFitch also stated that they believe ANZBGL “continues to have robust risk and reporting controls around other risks, including credit, market and liquidity risk, as reflected by its conservative underwriting standards and very high degree of asset quality stability.”\nDownload PDF\n    ",
          "author": "Stephen Ries@/content/mediacentre/en/authors/stephen-ries",
          "favicon": "https://media.anz.com/etc/designs/mediacentre/favicon.ico",
          "source": "media.anz.com",
          "published": "",
          "ttr": 23
     }
}