{
     "Date": "3/08/2020",
     "Open": "1.46",
     "High": "1.47",
     "Low": "1.45",
     "Close": "1.45",
     "Adj Close": "1.273655",
     "Volume": "315029",
     "headLine": "Job Ads recovery slows",
     "link": "https://media.anz.com/posts/2020/08/job-ads-recovery-slows",
     "article": {
          "url": "https://media.anz.com/posts/2020/08/job-ads-recovery-slows",
          "title": "Job Ads recovery slows",
          "description": "ANZ Senior Economist, Catherine Birch, commented: Building on June’s 41% rebound, ANZ Job Ads rose a further 17% in July. But the pace of gains slowed, particularly in the second half of the month. The second...",
          "links": [
               "https://media.anz.com/posts/2020/08/job-ads-recovery-slows"
          ],
          "image": "https://media.anz.com/content/dam/mediacentre/images/jobads/2020/August/job%20ads.jpg",
          "content": "\n            ANZ Senior Economist, Catherine Birch, commented:\nBuilding on June’s 41% rebound, ANZ Job Ads rose a further 17% in July. But the pace of gains slowed, particularly in the second half of the month. The second wave of COVID-19 cases and return to Stage 3 restrictions in Melbourne and the Mitchell Shire have undoubtedly weighed on the recovery in labour demand so far. SEEK has noted a divergence between Victoria and most other states and territories in recent SEEK job ads.\nThere have been other worrying signs. Payroll jobs turned down in early July and some industries that were less affected earlier in the pandemic, such as construction and professional services, may now be suffering lagged impacts.\nAnd in an ABS survey conducted in mid-July, when asked what they would do when government support measures were no longer available, 10% of businesses reported they would close and 13% would reduce their workforce.\nIn our forecast update released last week, we had factored in a four-week extension to Stage 3 restrictions and thought the labour market – both in Victoria and elsewhere – would recover more slowly than previously expected.\nBut the move to Stage 4 restrictions in Melbourne and Stage 3 in regional Victoria announced on Sunday worsens the outlook. We think additional fiscal measures will be needed sooner rather than later to support households, workers and businesses through this very tough period.\nDOWNLOAD PDF\n    ",
          "author": "Phoebe O’Sullivan@/content/mediacentre/en/authors/phoebe-o_sullivan",
          "favicon": "https://media.anz.com/etc/designs/mediacentre/favicon.ico",
          "source": "media.anz.com",
          "published": "",
          "ttr": 47
     }
}