{
     "Date": "30/10/2018",
     "Open": "1.03",
     "High": "1.06",
     "Low": "1.03",
     "Close": "1.06",
     "Adj Close": "0.862601",
     "Volume": "360512",
     "headLine": "Consumer Confidence: consumer sentiment recovers",
     "link": "https://media.anz.com/posts/2018/10/consumer-confidence--consumer-sentiment-recovers",
     "article": {
          "url": "https://media.anz.com/posts/2018/10/consumer-confidence--consumer-sentiment-recovers",
          "title": "Consumer Confidence: consumer sentiment recovers",
          "description": "After last week’s sharp fall, ANZ-Roy Morgan Australian Consumer Confidence recovered by 2%, regaining a third of last week’s decline. Four of the five subindices were positive.",
          "links": [
               "https://media.anz.com/posts/2018/10/consumer-confidence--consumer-sentiment-recovers"
          ],
          "image": "https://media.anz.com/content/dam/mediacentre/images/consumerconfidence/2018/August/Consumer%20Confidence%20Atm.JPG",
          "content": "\n            ANZ’s Head of Australian Economics, David Plank, commented\n“There was welcome respite in the confidence index after the 6% fall the previous week. Confidence rose 2%, with four of the five sub-indices positive. The rise took the headline index back above its long-run average. Given the weakness in equity markets during the week, which saw the ASX 200 index fall more than 10% from its recent peak, the bounce in confidence was encouraging even if it was modest in the context of the prior week’s fall. The weekly read on inflation expectations more than reversed last week’s jump, suggesting that fears about rising petrol prices have subsided somewhat.\nThe 'time to buy a household item' was the only confidence subindex registering negative growth, falling to its lowest level since May 2014. The weakness of this category is not surprising given the state of the housing market. There are a number of data releases this week that could impact sentiment, not least the Q3 CPI. The performance of equity markets may also drive sentiment.’\nPlease see the attached document for further details.\n    \n    \n                ANZ-Roy Morgan Consumer Confidence\n        \n    \n\n    For media enquiries contact\n        \n        +61 2 8037 0029\n        Shaurya Mishra\n        +91 80 6795 3801\n        Francesca Rizzo\n        +61 481-014224\n        \n",
          "author": "David Plank@/content/mediacentre/en/authors/david-plank,Shaurya Mishra@/content/mediacentre/en/authors/shaurya-mishra,Francesca Rizzo@/content/mediacentre/en/authors/Francesca-Rizzo",
          "favicon": "https://media.anz.com/etc/designs/mediacentre/favicon.ico",
          "source": "media.anz.com",
          "published": "",
          "ttr": 41
     }
}