{
     "Date": "4/03/2018",
     "Open": "",
     "High": "",
     "Low": "",
     "Close": "",
     "Adj Close": "",
     "Volume": "",
     "headLine": "ANZ job ads pause after a strong run",
     "link": "https://media.anz.com/posts/2018/04/anz-job-ads-pause-after-a-strong-run",
     "article": {
          "url": "https://media.anz.com/posts/2018/04/anz-job-ads-pause-after-a-strong-run",
          "title": "ANZ job ads pause after a strong run",
          "description": "KEY POINTS   ANZ Australian Job Advertisements was flat (0.0% m/m) in March, after easing slightly (-0.4%) in February. The number of job ads currently sits 11.5% higher than a year ago. In trend terms, job...",
          "links": [
               "https://media.anz.com/posts/2018/04/anz-job-ads-pause-after-a-strong-run"
          ],
          "image": "https://media.anz.com/content/dam/mediacentre/images/jobads/job%20ads.jpg",
          "content": "\n            KEY POINTS \n\nANZ Australian Job Advertisements was flat (0.0% m/m) in March, after easing slightly (-0.4%) in February. The number of job ads currently sits 11.5% higher than a year ago.\nIn trend terms, job ads were up 0.8% m/m in March, edging down from a 0.9% rise in the previous month. The annual trend rate slowed from 12.2% in February to 11.8% last month.\n\nANZ’S HEAD OF AUSTRALIAN ECONOMICS, DAVID PLANK, COMMENTED:\n“Despite ANZ Job Ads easing slightly in the past two months, the strong January result means that job ads are up 4.4% q/q in Q1. Interestingly, after a period of employment growth overshooting growth in job ads, the two series appear to be converging once more.\nDespite the recent stability in ANZ Job Ads, the labour market remains robust. The level of job ads is consistent with continued strength in employment growth, though we do expect some slowdown in the pace in which jobs are added. Businesses reported record conditions in February and the uptrend in capacity utilisation suggests that the unemployment rate will slowly grind lower through the year. The recent uptick in the unemployment and underemployment rate, however, shows that spare capacity is reducing only gradually indicating that wage growth is likely to remain muted for some time yet.”\n    \n    \n                Job Advertisements\n        \n        \n                Insights\n        \n    \n\n    For media enquiries contact\n        \n        +61 2 8037 0029\n        Mustafa Arif\n        +91 80 6795 3801\n        Francesca Rizzo\n        +61 481-014224\n        \n",
          "author": "David Plank@/content/mediacentre/en/authors/david-plank,Mustafa Arif@/content/mediacentre/en/authors/mustafa-arif,Francesca Rizzo@/content/mediacentre/en/authors/Francesca-Rizzo",
          "favicon": "https://media.anz.com/etc/designs/mediacentre/favicon.ico",
          "source": "media.anz.com",
          "published": "",
          "ttr": 47
     }
}