{
     "Date": "24/04/2019",
     "Open": "1",
     "High": "1.01",
     "Low": "1",
     "Close": "1.01",
     "Adj Close": "0.8472",
     "Volume": "240799",
     "headLine": "Confidence jumps to its highest for 2019",
     "link": "https://media.anz.com/posts/2019/04/confidence-jumps-to-its-highest-for-2019",
     "article": {
          "url": "https://media.anz.com/posts/2019/04/confidence-jumps-to-its-highest-for-2019",
          "title": "Confidence jumps to its highest for 2019",
          "description": "• Confidence jumped by a healthy margin of 3.6% last week, taking the index to its highest level since December 2018. • Current finances were also up 3.6% to 109.2, which is an eight-month high. Future...",
          "links": [
               "https://media.anz.com/posts/2019/04/confidence-jumps-to-its-highest-for-2019"
          ],
          "image": "https://media.anz.com/content/dam/mediacentre/images/consumerconfidence/2019/April/david-marcu-441-unsplash.jpg",
          "content": "\n            • Confidence jumped by a healthy margin of 3.6% last week, taking the index to its highest level since December 2018. \n• Current finances were also up 3.6% to 109.2, which is an eight-month high. Future financial conditions were up by 5.2%, its fourth straight weekly gain.\n• Current economic conditions rose by 2%, while future economic conditions jumped by 7.7%. Future economic conditions are now the highest since 2013. \n• The ‘time to buy a household item’ was flat. Four-week moving average inflation expectations were stable at 4.0%. The weekly reading rose by 4.2%, however, reversing much of the prior week’s decline.\n    ",
          "author": "Phoebe O’Sullivan@/content/mediacentre/en/authors/phoebe-o_sullivan",
          "favicon": "https://media.anz.com/etc/designs/mediacentre/favicon.ico",
          "source": "media.anz.com",
          "published": "",
          "ttr": 21
     }
}