{
     "Date": "6/10/2020",
     "Open": "1.61",
     "High": "1.61",
     "Low": "1.59",
     "Close": "1.6",
     "Adj Close": "1.430963",
     "Volume": "453440",
     "headLine": "Confidence strengthens further",
     "link": "https://media.anz.com/posts/2020/10/confidence-strengthens-further-",
     "article": {
          "url": "https://media.anz.com/posts/2020/10/confidence-strengthens-further-",
          "title": "Confidence strengthens further ",
          "description": "The confidence winning streak continues for the fifth straight week, with a gain of 0.7%. Confidence is up 6.1% over this period and is up more than 10% since the second weekend of August when it fell to its...",
          "links": [
               "https://media.anz.com/posts/2020/10/confidence-strengthens-further-"
          ],
          "image": "https://media.anz.com/content/dam/mediacentre/images/mediareleases/2018/September/ANZ%20Apple%20Pay.JPG",
          "content": "\n            The confidence winning streak continues for the fifth straight week, with a gain of 0.7%. Confidence is up 6.1% over this period and is up more than 10% since the second weekend of August when it fell to its lowest level since April.\n‘Current financial conditions’ gained 3.3%, while ‘future financial conditions’ gained 0.3% for its fourth straight weekly gain. \nRunning in the other direction, however, ‘current economic conditions’ declined 1.1%. This did come off the back of a gain of 10.3% in the previous reading. ‘Future economic conditions’ gained 1.6%, its third straight weekly increase.\n ‘Time to buy a household item’ fell 0.5%, its third straight weekly decline. The four-week moving average of ‘Inflation expectations’ gained 0.1 ppt to 3.4%.\n    ",
          "author": "Phoebe O’Sullivan@/content/mediacentre/en/authors/phoebe-o_sullivan",
          "favicon": "https://media.anz.com/etc/designs/mediacentre/favicon.ico",
          "source": "media.anz.com",
          "published": "",
          "ttr": 25
     }
}