{
     "Date": "9/03/2021",
     "Open": "1.97",
     "High": "1.98",
     "Low": "1.91",
     "Close": "1.91",
     "Adj Close": "1.708212",
     "Volume": "82483",
     "headLine": "Consumer confidence softens further",
     "link": "https://media.anz.com/posts/2021/march/Consumer-confidence-softens-further",
     "article": {
          "url": "https://media.anz.com/posts/2021/march/Consumer-confidence-softens-further",
          "title": "Consumer confidence softens further",
          "description": "Confidence fell 0.5 per cent, adding to last week’s 0.9 per cent fall, despite unemployment falling sharply to 5.8 per cent. The subindices registered mixed results. ‘Current financial conditions’ gained 2.2...",
          "links": [
               "https://media.anz.com/posts/2021/march/Consumer-confidence-softens-further"
          ],
          "image": "https://media.anz.com/content/dam/mediacentre/images/consumerconfidence/2018/August/Consumer%20Confidence%20Aug.JPG",
          "content": "\n    \n            Confidence fell 0.5 per cent, adding to last week’s 0.9 per cent fall, despite unemployment falling sharply to 5.8 per cent. The subindices registered mixed results.\n‘Current financial conditions’ gained 2.2 per cent, while ‘future financial conditions’ fell 2.6 per cent. ‘Current economic conditions’ weakened 2.0 per cent and ‘future economic conditions’ fell 0.8 per cent.\n‘Time to buy a major household item’ gained 1.6 per cent. ‘Weekly inflation expectations’ remained at 3.8 per cent, keeping the four-week moving average steady at 3.8 per cent.\n    \n    \n\n    \n            \"The very positive news about the labour market in February, with a strong gain in jobs and the much bigger than expected drop in the unemployment rate have not boosted consumer confidence,\" ANZ Head of Australian Economics David Plank said.\n\"The torrential downpours and overflowing dams causing flash floods along parts of the east coast possibly dampened sentiment,\nas evident from the index falling 5.9 per cent in Brisbane and 2.6 per cent in Sydney.\"\n\"Along with the harsh weather conditions, the JobKeeper program approaching its end may also be causing some apprehension.\"\nDownload PDF\n    \n\t\t\t\t\t\t",
          "author": "Emma Mellow@/content/mediacentre/en/authors/emma-mellow",
          "favicon": "https://media.anz.com/etc/designs/mediacentre/favicon.ico",
          "source": "media.anz.com",
          "published": "",
          "ttr": 36
     }
}