{
     "Date": "9/09/2019",
     "Open": "1.29",
     "High": "1.3",
     "Low": "1.28",
     "Close": "1.28",
     "Adj Close": "1.098974",
     "Volume": "365437",
     "headLine": "ANZ provides bushfire relief package for south east QLD and northern NSW",
     "link": "https://media.anz.com/posts/2019/09/anz-provides-bushfire-relief-package-for-south-east-queensland-a",
     "article": {
          "url": "https://media.anz.com/posts/2019/09/anz-provides-bushfire-relief-package-for-south-east-queensland-a",
          "title": "ANZ provides bushfire relief package for south east QLD and northern NSW",
          "description": "ANZ today made a financial relief package available for customers affected by catastrophic bushfires that continue to burn across parts of Queensland and New South Wales.",
          "links": [
               "https://media.anz.com/posts/2019/09/anz-provides-bushfire-relief-package-for-south-east-queensland-a"
          ],
          "image": "https://media.anz.com/content/dam/mediacentre/images/mediareleases/2019/September/bushfires_Sept19.jpg",
          "content": "\n            ANZ encouraged customers affected by the fires to contact the bank so they could discuss their ability to access measures in the financial relief package, including:\n\nThe ability to suspend repayments on loans, including credit cards, for up to three months (which may include interest capitalisation)\nTemporary interest rate relief on lending for customers experiencing extreme financial distress in areas impacted by the fires\nWaiving of fees associated with restructuring business loans considered necessary due to bushfire impacts\nAccess to term deposits early without incurring any fees\nAssistance for affected customers with ANZ Home and Contents insurance as they may be eligible for measures such as emergency funds and temporary accommodation\n\nANZ General Manager Retail Banking Southern Queensland, Nathalie Hesse said: “More than 100 fires are still burning across southern Queensland and northern New South Wales with firefighters facings difficult conditions.\n“We hope these relief measures help our customers with this challenging experience when they turn their minds to recovery and, in some unfortunate cases, rebuilding,” Ms Hesse said.\nANZ’s customers affected by the bushfires are encouraged to visit their local branch if they are able, or to contact their relationship manager to discuss the impact on their business or personal circumstances.\nCustomers can also contact ANZ’s dedicated financial hardship team on 1800 149 549 or anz.com/hardship.\nTo lodge an insurance claim, customers can call 13 16 14 or visit anz.com/insuranceclaims\nDownload PDF\n    ",
          "author": "Nick Higginbottom@/content/mediacentre/en/authors/nick-higginbottom",
          "favicon": "https://media.anz.com/etc/designs/mediacentre/favicon.ico",
          "source": "media.anz.com",
          "published": "",
          "ttr": 47
     }
}