{
     "Date": "18/10/2018",
     "Open": "1.05",
     "High": "1.07",
     "Low": "1.05",
     "Close": "1.07",
     "Adj Close": "0.870739",
     "Volume": "261274",
     "headLine": "Mitchell Mason appointed ANZ CEO Japan",
     "link": "https://media.anz.com/posts/2018/10/mitchell-mason-appointed-anz-ceo-japan",
     "article": {
          "url": "https://media.anz.com/posts/2018/10/mitchell-mason-appointed-anz-ceo-japan",
          "title": "Mitchell Mason appointed ANZ CEO Japan",
          "description": "ANZ today announced the appointment of Mitchell Mason as CEO Japan, reporting to Farhan Faruqui, Group Executive, International.",
          "links": [
               "https://media.anz.com/posts/2018/10/mitchell-mason-appointed-anz-ceo-japan"
          ],
          "image": "https://media.anz.com/content/dam/mediacentre/images/mediareleases/2018/October/Japan.jpg",
          "content": "\n            Mr Mason brings 18 years of banking experience to ANZ, having worked previously at Bank of America Merrill Lynch and Deutsche Bank.\nPrior to joining ANZ, he was Managing Director, Japan Chief Operating Officer, and Member of the Board of Directors of Merrill Lynch Japan Securities, supporting front-line business, operations and strategy for its corporate and investment banking and financial markets businesses. \nFarhan Faruqui, Group Executive, International, said: “Japan is a key trading partner to Australia, and we are committed to growing our footprint in this important market while connecting trade and capital flows in the region for our Institutional customers. Mitch’s extensive experience in Japan and the region will help further strengthen our well-established business in Japan.”\nIn May this year, ANZ announced it has received approval for a securities license from the Financial Services Agency (FSA) in Japan to commence ANZ Securities (Japan) Ltd, a securities franchise that allows it to sell Australian, New Zealand and Asian bonds, as well as structured notes, repurchase agreements (repos), and other securities products to Japanese investors.\nMr Mason will be based in Tokyo, and his appointment is subject to regulatory approval.\nDownload PDF\n    ",
          "author": "Noel Cheung@/content/mediacentre/en/authors/noel-cheung",
          "favicon": "https://media.anz.com/etc/designs/mediacentre/favicon.ico",
          "source": "media.anz.com",
          "published": "",
          "ttr": 39
     }
}