{
     "Date": "20/08/2019",
     "Open": "1.2",
     "High": "1.22",
     "Low": "1.2",
     "Close": "1.22",
     "Adj Close": "1.02335",
     "Volume": "157157",
     "headLine": "APRA confirms reduction in limits on ADIsâ€™ related entities exposures",
     "link": "https://media.anz.com/posts/2019/08/apra-confirms-reduction-in-limits-on-adis-related-entities-expos",
     "article": {
          "url": "https://media.anz.com/posts/2019/08/apra-confirms-reduction-in-limits-on-adis-related-entities-expos",
          "title": "APRA confirms reduction in limits on ADIs’ related entities exposures",
          "description": "ANZ’s only exposure to a related entity large enough to be impacted by this change is ANZ Bank New Zealand Limited (ANZ NZ). APRA’s announcement today means, all else being equal, ANZ could have limited...",
          "links": [
               "https://media.anz.com/posts/2019/08/apra-confirms-reduction-in-limits-on-adis-related-entities-expos"
          ],
          "image": "https://media.anz.com/content/dam/mediacentre/images/mediareleases/2018/March/ANZ%20logo%20outdoors.jpg",
          "content": "\n            ANZ’s only exposure to a related entity large enough to be impacted by this change is ANZ Bank New Zealand Limited (ANZ NZ).\nAPRA’s announcement today means, all else being equal, ANZ could have limited capacity to inject capital into ANZ NZ. As a result, ANZ NZ may be required to retain a higher proportion of its earnings to meet any potential increased capital requirements and any future capital required in New Zealand may also need to be held at a Group level.\nHowever, the final impact on the Group remains dependent on a number of factors, including the outcome of APRA’s and the Reserve Bank of New Zealand’s (RBNZ) consultations on required capital as well as the size and composition of ANZ’s balance sheet at the time of implementation. ANZ also has a strong capital position and notes its ongoing capital generation capacity as well as the RBNZ’s proposed transition period in relation to meeting its capital needs.\nWhile the changes announced today are effective January 2021, ANZ notes APRA’s statement that they are open to providing entity-specific transitional arrangements or flexibility on a case by case basis.  ANZ expects this flexibility could include the timeframe available and the circumstances under which an exemption may be available such as periods of funding market disruption.\nTo assist analysts and investors there are two slides available on the ANZ website in the shareholder centre at shareholder.anz.com\n[1] APRA’s Discussion Paper entitled “Revisions to the related entities framework for ADIs” issued in July 2018 together with a draft Prudential Standard APS222 (Associations with related entities).\nDOWNLOAD PDF\nDOWNLOAD CAPITAL MANAGEMENT OVERVIEW\n    ",
          "author": "Stephen Ries@/content/mediacentre/en/authors/stephen-ries",
          "favicon": "https://media.anz.com/etc/designs/mediacentre/favicon.ico",
          "source": "media.anz.com",
          "published": "",
          "ttr": 54
     }
}