{
     "Date": "9/03/2018",
     "Open": "1.08",
     "High": "1.09",
     "Low": "1.08",
     "Close": "1.09",
     "Adj Close": "0.875348",
     "Volume": "131511",
     "headLine": "ANZ job ads: treading water",
     "link": "https://media.anz.com/posts/2018/09/job-ads--treading-water",
     "article": {
          "url": "https://media.anz.com/posts/2018/09/job-ads--treading-water",
          "title": "ANZ job ads: treading water",
          "description": "On a seasonally adjusted basis, ANZ Australian Job Advertisements eased 0.6% in August, partially retracing the 1.4% bounce recorded in the prior month.",
          "links": [
               "https://media.anz.com/posts/2018/09/job-ads--treading-water"
          ],
          "image": "https://media.anz.com/content/dam/mediacentre/images/jobads/job%20ads.jpg",
          "content": "\n            ANZ Head of Australian Economics, David Plank, commented: \n“After a strong rise in January, ANZ Job Ads have followed a sawtooth pattern, in seasonally adjusted terms, leaving the level little different from the start of the year. The monthly trend has also softened – average monthly growth was 1.0% in 2017, compared to 0.4% year to date (with the lion’s share occurring in Q1 2018).\nThe level of ANZ Job Ads is still consistent with further growth in employment. Job ads are no longer pointing to a further decline in the unemployment rate, however (Figure 2). This is at odds with other indicators of the labour market, such as capacity utilisation, which point to further declines in the unemployment rate. If we bring all the different indicators together then our conclusion is that a lower unemployment rate is more likely than not, but the improvement from this point will be gradual. On a more negative note, the loss of momentum makes the economy more vulnerable to negative developments, with heightened political uncertainty one of the possible candidates.”\n    \n    \n                Job Advertisements\n        \n        \n                Insights\n        \n    \n\n    For media enquiries contact\n        \n        +61 2 8037 0029\n        Mustafa Arif\n        +91 80 6795 3801\n        Francesca Rizzo\n        +61 481-014224\n        \n",
          "author": "David Plank@/content/mediacentre/en/authors/david-plank,Mustafa Arif@/content/mediacentre/en/authors/mustafa-arif,Francesca Rizzo@/content/mediacentre/en/authors/Francesca-Rizzo",
          "favicon": "https://media.anz.com/etc/designs/mediacentre/favicon.ico",
          "source": "media.anz.com",
          "published": "",
          "ttr": 40
     }
}