{
     "Date": "31/05/2018",
     "Open": "",
     "High": "",
     "Low": "",
     "Close": "",
     "Adj Close": "",
     "Volume": "",
     "headLine": "ANZ receives approval for Japan Securities License",
     "link": "https://media.anz.com/posts/2018/05/anz-receives-approval-for-japan-securities-license-",
     "article": {
          "url": "https://media.anz.com/posts/2018/05/anz-receives-approval-for-japan-securities-license-",
          "title": "ANZ receives approval for Japan Securities License ",
          "description": "ANZ today announced it has received approval for a securities license in Japan from the Financial Services Agency (FSA), further strengthening the bank’s Institutional business in Japan. ",
          "links": [
               "https://media.anz.com/posts/2018/05/anz-receives-approval-for-japan-securities-license-"
          ],
          "image": "https://media.anz.com/content/dam/mediacentre/images/mediareleases/2018/May/180531%20-%20JAPAN_SOCIAL_1200x627px.png",
          "content": "\n            ANZ is the only Australian bank with the securities license, which will allow it to sell Australian, New Zealand and Asian bonds, as well as structured notes, repurchase agreements (repos), and other securities products to Japanese investors.\nThe license will operate under the name of ANZ Securities (Japan) Ltd, and commencement of business is subject to approval of its membership with the Japan Securities Dealers Association (JSDA). Yuichiro Imaizumi, currently the Head of Markets, Japan, will take on the role of CEO of ANZ Securities (Japan) Ltd.\nFarhan Faruqui, Group Executive International, said: \"This new license will allow us to significantly broaden our offering to local and global clients in Japan, where we’ve operated for almost 50 years – longer than any other market in Asia.\n”As Australia’s second largest trading partner, Japan is an important market for our customers and key to our ambitions to be the best bank for trade and capital flows in the region.”\nANZ Japan currently operates under a banking license, which allows the bank to offer FX spot, forward, rates derivatives and commodities-related products.\nView PDF\n    \n    For media enquiries contact\n        \n        +852-9535-7919\n        Noel Cheung\n        +852-39182841\n        \n",
          "author": "Phoebe O’Sullivan@/content/mediacentre/en/authors/phoebe-o_sullivan,Noel Cheung@/content/mediacentre/en/authors/noel-cheung",
          "favicon": "https://media.anz.com/etc/designs/mediacentre/favicon.ico",
          "source": "media.anz.com",
          "published": "",
          "ttr": 38
     }
}