{
     "Date": "7/02/2019",
     "Open": "1.02",
     "High": "1.02",
     "Low": "0.98",
     "Close": "0.99",
     "Adj Close": "0.805637",
     "Volume": "62856",
     "headLine": "ANZ decreases variable home loan rates",
     "link": "https://media.anz.com/posts/2019/07/anz-decreases-variable-home-loan-rates",
     "article": {
          "url": "https://media.anz.com/posts/2019/07/anz-decreases-variable-home-loan-rates",
          "title": "ANZ decreases variable home loan rates",
          "description": "ANZ today announced it will decrease variable interest home loan rates in Australia by 0.25%pa, following the Reserve Bank of Australia’s decision to reduce the official cash rate. ",
          "links": [
               "https://media.anz.com/posts/2019/07/anz-decreases-variable-home-loan-rates"
          ],
          "image": "https://media.anz.com/content/dam/mediacentre/images/mediareleases/2018/March/ANZ%20logo.jpg",
          "content": "\n            \nDecrease all variable interest rates for Australian home and residential investment loans by 0.25%pa.\nFor Standard Variable Rate Owner Occupiers paying principal and interest this reduces the Index Rate to 4.93%pa, from 5.18%pa.\nFor Standard Variable Rate Owner Occupiers paying interest only the Index Rate reduces to 5.48%pa, from 5.73%pa. \nAll variable rate reductions are effective from Friday 12 July, 2019.\n\nANZ Group Executive, Australia Retail &amp; Commercial, Mark Hand said: “Today we have decided we will reduce variable interest rates for our home loan customers by 0.25%pa. Importantly, we will apply this reduction across all our variable rate home loans.\n“We looked at a number of factors before reaching this decision, including business performance, market conditions and the impact on our customers.\n“On balance, we believe this is the right decision for our home loan customers and for our business,” Mr Hand said.\nDownload PDF\n    ",
          "author": "Nick Higginbottom@/content/mediacentre/en/authors/nick-higginbottom",
          "favicon": "https://media.anz.com/etc/designs/mediacentre/favicon.ico",
          "source": "media.anz.com",
          "published": "",
          "ttr": 30
     }
}