{
     "Date": "26/02/2019",
     "Open": "1.03",
     "High": "1.03",
     "Low": "1",
     "Close": "1",
     "Adj Close": "0.813775",
     "Volume": "122170",
     "headLine": "Consumer confidence: in a holding pattern",
     "link": "https://media.anz.com/posts/2019/02/consumer-confidence-in-holding-pattern",
     "article": {
          "url": "https://media.anz.com/posts/2019/02/consumer-confidence-in-holding-pattern",
          "title": "Consumer confidence: in a holding pattern",
          "description": "• ANZ-Roy Morgan Australian Consumer Confidence retraced last week’s gain, declining 1.0% but remaining above the long-run average by some margin. • Financial conditions subindices were down with current...",
          "links": [
               "https://media.anz.com/posts/2019/02/consumer-confidence-in-holding-pattern"
          ],
          "image": "https://media.anz.com/content/dam/bluenotes/images/articles/2019/January/CarnegieReview_thumb.jpg",
          "content": "\n            • ANZ-Roy Morgan Australian Consumer Confidence retraced last week’s gain, declining 1.0% but remaining above the long-run average by some margin.\n• Financial conditions subindices were down with current financial conditions declining 0.9% and future financial conditions taking a bigger hit of 5.3%. This only took future financial conditions down to around the long-run average, however.\n• Economic conditions were mixed, with current economic conditions falling 1.6% while future economic conditions gained 0.5%.\n• The ‘time to buy a household item’ moved higher for the second week, gaining 2.9%. Four week moving average inflation expectations were stable at 4%.\n    ",
          "author": "Phoebe O’Sullivan@/content/mediacentre/en/authors/phoebe-o_sullivan",
          "favicon": "https://media.anz.com/etc/designs/mediacentre/favicon.ico",
          "source": "media.anz.com",
          "published": "",
          "ttr": 20
     }
}