{
     "Date": "11/12/2019",
     "Open": "1.28",
     "High": "1.28",
     "Low": "1.28",
     "Close": "1.28",
     "Adj Close": "1.098974",
     "Volume": "32913",
     "headLine": "Confidence reverses; back below average",
     "link": "https://media.anz.com/posts/2019/11/confidence-reverses--back-below-average",
     "article": {
          "url": "https://media.anz.com/posts/2019/11/confidence-reverses--back-below-average",
          "title": "Confidence reverses; back below average",
          "description": "The ANZ-Roy Morgan Consumer Confidence index made a U-turn last week, falling 2.1%. All the subindices were in the negative, except future economic conditions. After two weeks of strength, the financial...",
          "links": [
               "https://media.anz.com/posts/2019/11/confidence-reverses--back-below-average"
          ],
          "image": "https://media.anz.com/content/dam/mediacentre/images/consumerconfidence/2019/November/man%20shopping.jpg",
          "content": "\n            The ANZ-Roy Morgan Consumer Confidence index made a U-turn last week, falling 2.1%. All the subindices were in the negative, except future economic conditions. \nAfter two weeks of strength, the financial conditions subindices faltered. Current finances fell 3.2%, while future finances declined 1.6%. \nEconomic conditions subindices were mixed, with current economic conditions declining 1.6%, while future economic conditions rose a marginal 0.3%. \nThe ‘time to buy a household item’ continued with its see-saw pattern, falling 3.9% after a gain of 1.3% last week. The four-week moving average of inflation expectations (IE) remained stable at 4.0%, though the weekly reading saw an increase to back above 4%. \n    ",
          "author": "Phoebe O’Sullivan@/content/mediacentre/en/authors/phoebe-o_sullivan",
          "favicon": "https://media.anz.com/etc/designs/mediacentre/favicon.ico",
          "source": "media.anz.com",
          "published": "",
          "ttr": 22
     }
}