{
     "Date": "7/11/2019",
     "Open": "1.29",
     "High": "1.3",
     "Low": "1.28",
     "Close": "1.3",
     "Adj Close": "1.116145",
     "Volume": "81633",
     "headLine": "APRA to apply additional operational risk capital requirement",
     "link": "https://media.anz.com/posts/2019/07/apra-to-apply-additional-operational-risk-capital-requirement",
     "article": {
          "url": "https://media.anz.com/posts/2019/07/apra-to-apply-additional-operational-risk-capital-requirement",
          "title": "APRA to apply additional operational risk capital requirement",
          "description": "This represents an 18 basis point impact on ANZ’s Common Equity Tier 1 (CET1) capital ratio 2]. The increased capital requirement is effective from 30 September 2019. APRA notes that the overlay will apply...",
          "links": [
               "https://media.anz.com/posts/2019/07/apra-to-apply-additional-operational-risk-capital-requirement"
          ],
          "image": "https://media.anz.com/content/dam/mediacentre/images/mediareleases/2019/July/ANZ%20Pitt%20street%20logo.jpg",
          "content": "\n            This represents an 18 basis point impact on ANZ’s Common Equity Tier 1 (CET1) capital ratio 2].  The increased capital requirement is effective from 30 September 2019.\nAPRA notes that the overlay will apply until ANZ has effectively completed the planned uplift in non-financial risk management as outlined in ANZ’s Self-Assessment Roadmap.\nSeparately, as previously announced by APRA, the revisions to the measurement of counterparty credit risk (SA-CCR) commenced on 1 July 2019.  ANZ estimates that these changes will result in an increase in risk weighted assets, equivalent to approximately 15 basis points of CET1 capital.\n[1] The impact on risk weighted assets is $500 million multiplied by 12.5 as per APRA’s prudential standards.  Consequently, the actual impact on capital will vary depending on ANZ’s capital ratio at the time.\n[2] Based on ANZ’s capital position as at 31 March 2019.\nDOWNLOAD PDF \n    ",
          "author": "Stephen Ries@/content/mediacentre/en/authors/stephen-ries",
          "favicon": "https://media.anz.com/etc/designs/mediacentre/favicon.ico",
          "source": "media.anz.com",
          "published": "",
          "ttr": 29
     }
}