{
     "Date": "23/09/2019",
     "Open": "1.28",
     "High": "1.28",
     "Low": "1.26",
     "Close": "1.27",
     "Adj Close": "1.090388",
     "Volume": "47439",
     "headLine": "ANZ to focus on Institutional and Large Corporate banking in PNG",
     "link": "https://media.anz.com/posts/2019/09/anz-to-focus-on-institutional-and-large-corporate-banking-in-png",
     "article": {
          "url": "https://media.anz.com/posts/2019/09/anz-to-focus-on-institutional-and-large-corporate-banking-in-png",
          "title": "ANZ to focus on Institutional and Large Corporate banking in PNG",
          "description": "ANZ today announced it has completed the sale of its Retail, Commercial and Small-Medium Sized Enterprise (SME) banking businesses in Papua New Guinea to Kina Bank, allowing it to focus solely on its Institutional and Large Corporate banking business in country.",
          "links": [
               "https://media.anz.com/posts/2019/09/anz-to-focus-on-institutional-and-large-corporate-banking-in-png"
          ],
          "image": "https://media.anz.com/content/dam/mediacentre/images/mediareleases/2019/September/PNG_thumb.jpg",
          "content": "\n            Kina Bank is a wholly-owned subsidiary of Kina Securities Limited, a PNG company listed on the Australian and Port Moresby securities exchanges.\nANZ Managing Director, Institutional Australia and PNG, Graham Turley said: “ANZ is committed to running a world-class Institutional bank across our International network, in line with our strategy of simplifying our business and focusing on customers driven by trade and capital flows.\n“We have been in PNG for 109 years and we continue to see significant opportunities for business and economic growth through long-term investment and support of the resources, energy, infrastructure and agriculture sectors,” Mr Turley said. \nANZ has previously announced the sale of its retail and wealth businesses in Singapore, Hong Kong, China, Taiwan, Indonesia and Vietnam, as well as its Joint Venture stakes in ANZ Royal in Cambodia and Metrobank Card Corporation in the Philippines.\nANZ has a presence in 33 markets around the world.\nDownload PDF\n    \n    For media enquiries contact\n        \n        +61 409 655 551\n        Phoebe O’Sullivan\n        +852-9535-7919\n        \n",
          "author": "Stephen Ries@/content/mediacentre/en/authors/stephen-ries,Phoebe O’Sullivan@/content/mediacentre/en/authors/phoebe-o_sullivan",
          "favicon": "https://media.anz.com/etc/designs/mediacentre/favicon.ico",
          "source": "media.anz.com",
          "published": "",
          "ttr": 33
     }
}