{
     "Date": "6/05/2019",
     "Open": "1.03",
     "High": "1.05",
     "Low": "1.02",
     "Close": "1.05",
     "Adj Close": "0.880752",
     "Volume": "191648",
     "headLine": "ANZ increases Term Deposit rate to help savers",
     "link": "https://media.anz.com/posts/2019/06/anz-increases-term-deposit-rate-to-help-savers",
     "article": {
          "url": "https://media.anz.com/posts/2019/06/anz-increases-term-deposit-rate-to-help-savers",
          "title": "ANZ increases Term Deposit rate to help savers",
          "description": "ANZ today announced it will increase 11-month Term Deposit to 2.35%pa to offer a highly competitive savings rate in the current record-low rate environment.",
          "links": [
               "https://media.anz.com/posts/2019/06/anz-increases-term-deposit-rate-to-help-savers"
          ],
          "image": "https://media.anz.com/content/dam/mediacentre/images/mediareleases/2018/March/ANZ%20logo.jpg",
          "content": "\n            The new 11-month Advance Notice Term Deposit rate will be effective from Friday 7 June, 2019.\nANZ Group Executive, Australia Retail &amp; Commercial, Mark Hand said: “We recognise it has not been an easy environment for customers who are trying hard to save their money and get a decent return.\n“In making this decision we have sought to get the balance right to provide a highly competitive rate for savers over an 11-month term on the back of yesterday’s announcement to cut home loan rates.\n“We’re making an effort to provide an attractive option for savers and retirees who rely on interest income.”\nDownload PDF\n    ",
          "author": "Nick Higginbottom@/content/mediacentre/en/authors/nick-higginbottom",
          "favicon": "https://media.anz.com/etc/designs/mediacentre/favicon.ico",
          "source": "media.anz.com",
          "published": "",
          "ttr": 21
     }
}