{
     "Date": "27/08/2020",
     "Open": "1.68",
     "High": "1.69",
     "Low": "1.68",
     "Close": "1.69",
     "Adj Close": "1.484467",
     "Volume": "74437",
     "headLine": "ANZ launches digital lending platform for small business",
     "link": "https://media.anz.com/posts/2020/08/anz-launches-digital-lending-platform-for-small-business",
     "article": {
          "url": "https://media.anz.com/posts/2020/08/anz-launches-digital-lending-platform-for-small-business",
          "title": "ANZ launches digital lending platform for small business",
          "description": "ANZ today launched a new online lending platform to provide small businesses with conditional approval for up to $200,000 in unsecured lending in as little as 20 minutes.",
          "links": [
               "https://media.anz.com/posts/2020/08/anz-launches-digital-lending-platform-for-small-business"
          ],
          "image": "https://media.anz.com/content/dam/bluenotes/images/articles/2020/July/DwyerIndustryBeans_thumb.jpg",
          "content": "\n            Developed in partnership with DemystData, ANZ Online Business Lending syncs with Accounting Software Platforms (ASPs) Xero, QuickBooks and MYOB.\nBusinesses connect their ASPs to the bank’s credit platform to share historical financial information, allowing ANZ to provide a decision on conditional lending in less than 20 minutes and full approval within two days.\nANZ Group Executive Australia Retail and Commercial Banking Mark Hand said: “While the current economic crisis will be devastating for some businesses, there has also been a great deal of resilience and some will be able to come out the other side even stronger. We’re also starting to see new businesses being created to meet emerging customer needs.\n“This sophisticated new technology is deeply integrated with ANZ’s existing platforms to provide our customers with a quick, simple and secure lending experience so they can spend more time running and growing their business,” Mr Hand said.\nCustomers using ANZ’s online business lending application will have access to fixed and variable-term loans as well as overdraft facilities.\nAlso in July ANZ provided an update for businesses still needing to access support packages. Since the original program was announced in March, ANZ has provided repayment deferrals on more than 100,000 home, personal, small business and commercial accounts.\nSmall businesses will also be able to use the new digital lending platform to borrow under Phase 2 of the Government Guarantee Scheme.\nMore information on COVID-19 support packages, including dedicated telephone numbers, can be found at our COVID-19 site on anz.com.\nDownload PDF\n    \n    For media enquiries contact\n        \n        +61 403 936 262\n        Karly Dwyer\n        +61 437 988 626\n        \n",
          "author": "Nick Higginbottom@/content/mediacentre/en/authors/nick-higginbottom,Karly Dwyer@/content/mediacentre/en/authors/karly-dwyer",
          "favicon": "https://media.anz.com/etc/designs/mediacentre/favicon.ico",
          "source": "media.anz.com",
          "published": "",
          "ttr": 53
     }
}