{
     "Date": "30/12/2019",
     "Open": "1.35",
     "High": "1.36",
     "Low": "1.32",
     "Close": "1.34",
     "Adj Close": "1.150488",
     "Volume": "41129",
     "headLine": "ANZ receives highest possible Foreign Currency rating in Vietnam",
     "link": "https://media.anz.com/posts/2019/12/anz-receives-highest-possible-foreign-currency-rating-in-vietnam",
     "article": {
          "url": "https://media.anz.com/posts/2019/12/anz-receives-highest-possible-foreign-currency-rating-in-vietnam",
          "title": "ANZ receives highest possible Foreign Currency rating in Vietnam",
          "description": "ANZ Bank (Vietnam) Limited (ANZVL) today announced that it has received the highest possible Foreign Currency rating outcome of “BB” from Fitch, and a “BBB-” Local Currency rating.",
          "links": [
               "https://media.anz.com/posts/2019/12/anz-receives-highest-possible-foreign-currency-rating-in-vietnam"
          ],
          "image": "https://media.anz.com/content/dam/mediacentre/images/mediareleases/2019/December/Vietnam%20-%20Ha%20Long%20Bay.jpg",
          "content": "\n            Jodi West, Country Head Vietnam, said the Foreign Currency rating is capped at Vietnam’s sovereign rating of BB.\n“Vietnam is an important part of ANZ’s International network and today’s positive rating outcome is a strong affirmation of our well-established business in the country,” Ms West said. “We look forward to continuing to serve our Institutional customers in Vietnam and supporting their trade and capital requirements.”\nANZVL operates in Vietnam as a locally incorporated subsidiary of Australia and New Zealand Banking Group Limited (ANZ). Fitch Ratings is a leading provider of credit ratings, commentary and research.\nDownload PDF\n    ",
          "author": "Brenda Chai@/content/mediacentre/en/authors/brenda-chai",
          "favicon": "https://media.anz.com/etc/designs/mediacentre/favicon.ico",
          "source": "media.anz.com",
          "published": "",
          "ttr": 20
     }
}