{
     "Date": "15/01/2019",
     "Open": "0.98",
     "High": "0.99",
     "Low": "0.98",
     "Close": "0.98",
     "Adj Close": "0.797499",
     "Volume": "59995",
     "headLine": "Consumer confidence: confidence rebounds",
     "link": "https://media.anz.com/posts/2019/01/consumer-confidence--confidence-rebounds",
     "article": {
          "url": "https://media.anz.com/posts/2019/01/consumer-confidence--confidence-rebounds",
          "title": "Consumer confidence: confidence rebounds",
          "description": "ANZ’s Head of Australian Economics, David Plank, commented: “Consumer confidence was up 1.4% last week thanks to a good showing from the ‘financial conditions’ and ‘time to buy a household item’ indices. This...",
          "links": [
               "https://media.anz.com/posts/2019/01/consumer-confidence--confidence-rebounds"
          ],
          "image": "https://media.anz.com/content/dam/mediacentre/images/consumerconfidence/2018/August/Consumer%20Confidence%20Atm.JPG",
          "content": "\n    \n            ANZ’s Head of Australian Economics, David Plank, commented:\n“Consumer confidence was up 1.4% last week thanks to a good showing from the ‘financial conditions’ and ‘time to buy a household item’ indices. This increase reverses a good portion of the decline captured in the first survey of 2019 and consolidates consumer confidence at a level comfortably above the long-run average. The resilience shown by Australian households amidst weak global and domestic cues is encouraging. Robust job vacancies data may have played a role.”\nDownload PDF\n    \n    \n    For media enquiries contact\n        \n        +61 2 8037 0029\n        Francesca Rizzo\n        +61 481-014224\n        \n\n\t\t\t\t\t\t",
          "author": "David Plank@/content/mediacentre/en/authors/david-plank,Francesca Rizzo@/content/mediacentre/en/authors/Francesca-Rizzo",
          "favicon": "https://media.anz.com/etc/designs/mediacentre/favicon.ico",
          "source": "media.anz.com",
          "published": "",
          "ttr": 20
     }
}