{
     "Date": "5/10/2021",
     "Open": "1.73",
     "High": "1.73",
     "Low": "1.72",
     "Close": "1.73",
     "Adj Close": "1.598319",
     "Volume": "43955",
     "headLine": "Consumer confidence gradually improving",
     "link": "https://media.anz.com/posts/2021/october/Consumer-confidence-gradually-improving",
     "article": {
          "url": "https://media.anz.com/posts/2021/october/Consumer-confidence-gradually-improving",
          "title": "Consumer confidence gradually improving",
          "description": "Consumer confidence rose 0.9 per cent last week, the fourth consecutive week of small gains. Confidence increased in Sydney, Melbourne and regional South Australia, while it fell in Adelaide, Brisbane and...",
          "links": [
               "https://media.anz.com/posts/2021/october/Consumer-confidence-gradually-improving"
          ],
          "image": "https://media.anz.com/content/dam/mediacentre/images/consumerconfidence/2018/August/Consumer%20Confidence%20Aug.JPG",
          "content": "\n            Consumer confidence rose 0.9 per cent last week, the fourth consecutive week of small gains. Confidence increased in Sydney, Melbourne and regional South Australia, while it fell in Adelaide, Brisbane and Perth.\nThree of the five confidence subindices improved. ‘Current financial conditions’ gained 2.2 per cent, while ‘future financial conditions’ softened 0.3 per cent.\n‘Current economic conditions’ rose 2.1 per cent and ‘future economic conditions’ were up 4.2 per cent.\n‘Time to buy a major household item’ declined 3.2 per cent. ‘Weekly inflation expectations’ remained at the pandemic-high of 4.8 per cent. The four-week moving average was also steady at 4.7 per cent.\n    ",
          "author": "Emma Mellow@/content/mediacentre/en/authors/emma-mellow",
          "favicon": "https://media.anz.com/etc/designs/mediacentre/favicon.ico",
          "source": "media.anz.com",
          "published": "",
          "ttr": 21
     }
}