{
     "Date": "19/02/2020",
     "Open": "1.47",
     "High": "1.48",
     "Low": "1.46",
     "Close": "1.48",
     "Adj Close": "1.270689",
     "Volume": "132338",
     "headLine": "Paul Goodwin appointed US Country Head",
     "link": "https://media.anz.com/posts/2020/02/paul-goodwin-appointed-us-country-head",
     "article": {
          "url": "https://media.anz.com/posts/2020/02/paul-goodwin-appointed-us-country-head",
          "title": "Paul Goodwin appointed US Country Head",
          "description": "Based in New York, Mr Goodwin will report to Farhan Faruqui, Group Executive International. He is expected to commence his new role upon regulatory approval. Mr Goodwin has been with ANZ for 16 years, and is...",
          "links": [
               "https://media.anz.com/posts/2020/02/paul-goodwin-appointed-us-country-head"
          ],
          "image": "https://media.anz.com/content/dam/mediacentre/images/mediareleases/2020/February/Paul%20Goodwin.jpg",
          "content": "\n            Based in New York, Mr Goodwin will report to Farhan Faruqui, Group Executive International. He is expected to commence his new role upon regulatory approval.\nMr Goodwin has been with ANZ for 16 years, and is currently the Managing Director, Institutional for New Zealand. Before joining ANZ, he held senior corporate finance roles at Credit Suisse in the UK and the National Bank of New Zealand.\nFarhan Faruqui, Group Executive International said: “Under Paul’s leadership our New Zealand Institutional business has consolidated a leading market position, topping league tables across nearly all products.\n“I am confident his strong leadership and deep experience managing complex customer relationships will be a great contributor to the strength of our US business,” Mr Faruqui said.\n“The US is an important market in ANZ’s global network and remains key to our strategy of facilitating trade and capital flows across our home markets and Asia Pacific.”\nANZ has had a presence in the US for more than 50 years, and during that time has built a strong client base and a leading market share of the US corporate market in Australia.\nMr Goodwin replaces Grant Knuckey, who recently took on the role of Chief Risk Officer for ANZ New Zealand and Pacific.\nThe process of replacing Mr Goodwin in New Zealand is currently underway and an announcement will be made in due course, following local regulatory approval.\nDownload PDF\n    \n    For media enquiries contact\n        \n        +852-39182841\n        Nick Higginbottom\n        +61 403 936 262\n        \n",
          "author": "Noel Cheung@/content/mediacentre/en/authors/noel-cheung,Nick Higginbottom@/content/mediacentre/en/authors/nick-higginbottom",
          "favicon": "https://media.anz.com/etc/designs/mediacentre/favicon.ico",
          "source": "media.anz.com",
          "published": "",
          "ttr": 49
     }
}