{
     "Date": "22/03/2019",
     "Open": "0.99",
     "High": "0.99",
     "Low": "0.99",
     "Close": "0.99",
     "Adj Close": "0.830423",
     "Volume": "174811",
     "headLine": "ANZ completes its $3 billion share buy-back",
     "link": "https://media.anz.com/posts/2019/03/anz-completes-its--3-billion-share-buy-back-",
     "article": {
          "url": "https://media.anz.com/posts/2019/03/anz-completes-its--3-billion-share-buy-back-",
          "title": "ANZ completes its $3 billion share buy-back ",
          "description": "ANZ today announced it has completed its $3 billion on-market share buy-back with 108.7 million ordinary shares purchased under the program that commenced in January 2018.  This equates to approximately a 3.7% reduction in ordinary shares on issue. ",
          "links": [
               "https://media.anz.com/posts/2019/03/anz-completes-its--3-billion-share-buy-back-"
          ],
          "image": "https://media.anz.com/content/dam/mediacentre/images/mediareleases/2018/April/ANZ%20logo%20branch.jpg",
          "content": "\n            ANZ’s reported Level 2 Common Equity Tier 1 capital (CET1) ratio as at 31 December 2018 was 11.3%, well in excess of APRA’s stated unquestionably strong capital requirement of 10.5%.\nThe previously announced sale of the Australian Life Insurance business to Zurich remains scheduled to complete in late May.\nANZ Chief Financial Officer Michelle Jablko said: “Capital efficiency and a strong balance sheet have been key areas of focus in recent years. Since 2016 we have built the Group’s CET1 from 9.4%[3] to 11.3% and have been the only major bank to reduce shares on issue.\n“Once the funds are received from the Life Insurance sale, any further capital management will take into account several factors including actual and potential regulatory capital requirements as well as ongoing business needs,” Ms Jablko said.\nRetail shareholders can contact Computershare for further information on 1800 11 33 99 or +613 9415 4010.\nDownload PDF\n[1]  ANZ announced a $1.5 billion on-market share buy-back on 18 December 2017 following completion of the sale of its 20% stake in Shanghai Rural Commercial Bank. On 22 June 2018, ANZ announced an increase in the buy-back by a further $1.5 billion to $3 billion following receipt by ANZ of around $1 billion of reinsurance proceeds as part of the first tranche of the sale of its Australian Life Insurance Business.\n[2] Following final cancellation of the ordinary shares purchased under the share buy-back, ANZ will have 2,833,175,579 ordinary shares on issue.\n[3]Level 2 CET1 ratio as at 31 December 2015.\n    ",
          "author": "Stephen Ries@/content/mediacentre/en/authors/stephen-ries",
          "favicon": "https://media.anz.com/etc/designs/mediacentre/favicon.ico",
          "source": "media.anz.com",
          "published": "",
          "ttr": 51
     }
}