{
     "Date": "11/06/2019",
     "Open": "1.06",
     "High": "1.08",
     "Low": "1.06",
     "Close": "1.06",
     "Adj Close": "0.88914",
     "Volume": "83315",
     "headLine": "Consumer confidence moves back above average",
     "link": "https://media.anz.com/posts/2019/11/consumer-confidence-moves-back-above-average",
     "article": {
          "url": "https://media.anz.com/posts/2019/11/consumer-confidence-moves-back-above-average",
          "title": "Consumer confidence moves back above average",
          "description": "The ANZ-Roy Morgan index made a strong recovery last week, rising 2.8 per cent after the prior week’s 1.1 per cent drop. Financial conditions were positive, with current finances up 1.6 per cent, while future...",
          "links": [
               "https://media.anz.com/posts/2019/11/consumer-confidence-moves-back-above-average"
          ],
          "image": "https://media.anz.com/content/dam/bluenotes/images/articles/2018/September/IsaacSME_thumb.jpg",
          "content": "\n            The ANZ-Roy Morgan index made a strong recovery last week, rising 2.8 per cent after the prior week’s 1.1 per cent drop.\nFinancial conditions were positive, with current finances up 1.6 per cent, while future finances rose for the fourth consecutive week in gaining 2.6 per cent.\nEconomic conditions finally recovered with substantial gains compared to weak performance for the last few weeks. Current economic conditions gained 2.6 per cent, while future finances were up significantly by 6.8 per cent.\nThe rise in future economic conditions is pleasing, as this particular sub-index has been in a downtrend for the last four weeks.\nThe ‘time to buy a household item’ also strengthened, increasing 1.3 per cent. The four-week moving average of inflation expectations declined by 0.1 percentage point to 4.0 per cent.\n    ",
          "author": "Phoebe O’Sullivan@/content/mediacentre/en/authors/phoebe-o_sullivan",
          "favicon": "https://media.anz.com/etc/designs/mediacentre/favicon.ico",
          "source": "media.anz.com",
          "published": "",
          "ttr": 27
     }
}