{
     "Date": "13/08/2019",
     "Open": "1.2",
     "High": "1.2",
     "Low": "1.19",
     "Close": "1.2",
     "Adj Close": "1.006574",
     "Volume": "235382",
     "headLine": "Consumer confidence: confidence down a notch",
     "link": "https://media.anz.com/posts/2019/08/consumer-confidence--confidence-down-a-notch",
     "article": {
          "url": "https://media.anz.com/posts/2019/08/consumer-confidence--confidence-down-a-notch",
          "title": "Consumer confidence: confidence down a notch",
          "description": "ANZ Head of Australian Economics, David Plank, commented: “Confidence was down marginally last week, essentially consolidating after the previous week’s decline. The RBA Board’s statement on Tuesday was...",
          "links": [
               "https://media.anz.com/posts/2019/08/consumer-confidence--confidence-down-a-notch"
          ],
          "image": "https://media.anz.com/content/dam/mediacentre/images/consumerconfidence/2019/May/ANZ%20Apple%20Pay.JPG",
          "content": "\n            ANZ Head of Australian Economics, David Plank, commented:\n“Confidence was down marginally last week, essentially consolidating after the previous week’s decline. The RBA Board’s statement on Tuesday was cautious on the outlook, with the RBA’s forecasts on Friday showing a downward revision to the near-term outlook but still a recovery after the weakness in the second half of 2018 and the first half of 2019. Continued volatility in equity markets likely had an impact on sentiment, as likely did the news that Australian bond yields have fallen to record lows. The impact of tax cuts appears to be showing up in the financial conditions subindices, with more people saying they are better off financially.” \nDOWNLOAD PDF\n    ",
          "author": "Phoebe O’Sullivan@/content/mediacentre/en/authors/phoebe-o_sullivan",
          "favicon": "https://media.anz.com/etc/designs/mediacentre/favicon.ico",
          "source": "media.anz.com",
          "published": "",
          "ttr": 24
     }
}