{
     "Date": "20/07/2021",
     "Open": "1.85",
     "High": "1.86",
     "Low": "1.82",
     "Close": "1.82",
     "Adj Close": "1.653947",
     "Volume": "313191",
     "headLine": "Transcript: Shayne Elliott with Mark Burrows - Nine News",
     "link": "https://media.anz.com/posts/2021/july/transcript--shayne-elliott-with-mark-burrows---nine-news",
     "article": {
          "url": "https://media.anz.com/posts/2021/july/transcript--shayne-elliott-with-mark-burrows---nine-news",
          "title": "Transcript: Shayne Elliott with Mark Burrows - Nine News",
          "description": "Shayne Elliott: Yeah, we're a people business. We have to deal with real people out in the community. In particular, at the moment a lot of those people are going through difficult times because of COVID etc....",
          "links": [
               "https://media.anz.com/posts/2021/july/transcript--shayne-elliott-with-mark-burrows---nine-news"
          ],
          "image": "https://media.anz.com/content/dam/mediacentre/images/gallery/Executives/Shayne%20today.jpg",
          "content": "\n            Shayne Elliott: Yeah, we're a people business. We have to deal with real people out in the community. In particular, at the moment a lot of those people are going through difficult times because of COVID etc. We want to boost our frontline and those are people who talk to customers every day and people with life experience, a little bit older, are actually perfect for those roles.\nMark Burrows: Shayne, are older people easy to recruit? Are they aware how to make the applications and all those different things you have got to go through?\nShayne Elliott: No, they are not actually. Look, that’s a broad statement. But as a general rule, no. Because today a lot of recruitment is done online, it’s done through social media sites, things like LinkedIn and Glassdoor and various other sites. And of course, older people are not necessarily familiar with those tools. So yeah, they are a little bit harder to find to be perfectly honest. That’s why we work with various providers, including government agencies, to see how we can get the word out that if you’ve got an interesting background and are prepared to talk to people, and do a bit of learning, we may have a role for you.\nMark Burrows: I believe they can actually contact you personally?\nShayne Elliott: Yeah, sure. There’s always the most efficient way, to come straight to me. So my email address is Shayne.Elliott@anz.com. I’m pretty easy to find online and actually already today I’ve had quite a few people send me in their CVs and we’re grateful for that.\nMark Burrows: I suspect you might regret that but anyway. Shayne there’s a lot of people out of work across the nation at the moment. In a few hours three states will be in lockdown. What is ANZ doing to help customers who are struggling?\nShayne Elliott: It’s a good question. So right throughout the banking industry, including ANZ, I think has really tried to do their bit. If people are struggling whether they are running a small business or just with their own home, the best thing is to call your bank. The banks can offer deferrals – so we put your loan on hold, we can talk about waiving fees, we can do all sorts of things really depending on the circumstances that you are in. We’ve got the financial wherewithal to do it and we’ve got the will and we’re able to do it. There’s really nothing that’s off the table in terms of what banks can do to help.\nMark Burrows: Shayne, we’re out of time but thanks for talking to us.\nShayne Elliott: Thank you. \nDownload PDF\n    ",
          "author": "Nick Higginbottom@/content/mediacentre/en/authors/nick-higginbottom",
          "favicon": "https://media.anz.com/etc/designs/mediacentre/favicon.ico",
          "source": "media.anz.com",
          "published": "",
          "ttr": 90
     }
}