{
     "Date": "2/04/2020",
     "Open": "1.09",
     "High": "1.12",
     "Low": "1.07",
     "Close": "1.1",
     "Adj Close": "0.966221",
     "Volume": "118760",
     "headLine": "Consumer confidence edges up",
     "link": "https://media.anz.com/posts/2020/02/consumer-confidence-edges-up",
     "article": {
          "url": "https://media.anz.com/posts/2020/02/consumer-confidence-edges-up",
          "title": "Consumer confidence edges up",
          "description": "Cosumer confidence edged up a touch last week, reversing the prior week’s decline. It remains well below average. Overall financial conditions were little changed, with offsetting moves in ‘current’ and...",
          "links": [
               "https://media.anz.com/posts/2020/02/consumer-confidence-edges-up"
          ],
          "image": "https://media.anz.com/content/dam/mediacentre/images/consumerconfidence/2019/November/man%20shopping.jpg",
          "content": "\n            Cosumer confidence edged up a touch last week, reversing the prior week’s decline. It remains well below average.\nOverall financial conditions were little changed, with offsetting moves in ‘current’ and ‘future’ finances.\nWe also saw offsetting moves in economic conditions. ‘Current economic conditions’ gained 2.1 per cent, while ‘future economic conditions’ declined 2.5 per cent lastweek.\n‘Time to buy a major household item’ gained 2.7 per cent compared to a decline of 2.4 per cent previously. The four-week moving average of ‘inflation expectations’ was up by 0.1 percentage points to 4.0 per cent. \nThe weekly reading rose to 4.2 per cent, its highest level since early September, perhaps reflecting the lift in headline inflation reported in the December 2019 CPI report.\n    ",
          "author": "Phoebe O’Sullivan@/content/mediacentre/en/authors/phoebe-o_sullivan",
          "favicon": "https://media.anz.com/etc/designs/mediacentre/favicon.ico",
          "source": "media.anz.com",
          "published": "",
          "ttr": 25
     }
}