{
     "Date": "16/07/2019",
     "Open": "1.17",
     "High": "1.18",
     "Low": "1.17",
     "Close": "1.17",
     "Adj Close": "0.981409",
     "Volume": "363955",
     "headLine": "Modest decline in confidence",
     "link": "https://media.anz.com/posts/2019/07/modest-decline-in-confidence",
     "article": {
          "url": "https://media.anz.com/posts/2019/07/modest-decline-in-confidence",
          "title": "Modest decline in confidence",
          "description": "Confidence was down 1.4 per cent last week following a decline of 1.1 per cent the previous week. All of the confidence sub-indices were down, with the exception of a flat ‘time-to-buy’ reading. Current...",
          "links": [
               "https://media.anz.com/posts/2019/07/modest-decline-in-confidence"
          ],
          "image": "https://media.anz.com/content/dam/bluenotes/images/articles/2019/July/PullarColdStorage_banner.JPG",
          "content": "\n    \n            Confidence was down 1.4 per cent last week following a decline of 1.1 per cent the previous week. All of the confidence sub-indices were down, with the exception of a flat ‘time-to-buy’ reading.\nCurrent finances declined by 2.7 per cent, while future finances dropped by 1.5 per cent. This compares to up-ticks of 3.7 per cent and 1.3 per cent respectively for the previous week.\nThe economic conditions sub-indices were also down; with current economic conditions falling 1 per cent and future economic conditions dropping by 2.6 per cent. This week’s moderation comes on the back of falls of 3.6 per cent and 1.7 per cent respectively last week.\nThe ‘time to buy a major household item’ index was unchanged and the four-week moving average for inflation expectations was flat at 4 per cent.\n    \n    \n\n    \n            “Confidence was down modestly for a second week,\" ANZ Head of Australian Economics David Plank said. \"The developments in the week were mixed. The NAB monthly business survey remained soft, though some of the details on the labour market were better.\"\n\"The strong bounce in ANZ Job Ads was not reflected in consumer sentiment. On a lighter note, the disappointing (for Australians) outcome of the England-Australia cricket world cup match could have dented the confidence of some respondents.\"\n\"More seriously, it is pleasing that overall confidence remains above average with respondents still reasonably positive about their own financial circumstances.”\nDOWNLOAD PDF\n    \n\t\t\t\t\t\t",
          "author": "Phoebe O’Sullivan@/content/mediacentre/en/authors/phoebe-o_sullivan",
          "favicon": "https://media.anz.com/etc/designs/mediacentre/favicon.ico",
          "source": "media.anz.com",
          "published": "",
          "ttr": 47
     }
}