{
     "Date": "12/11/2018",
     "Open": "1.05",
     "High": "1.05",
     "Low": "1.04",
     "Close": "1.04",
     "Adj Close": "0.846325",
     "Volume": "58061",
     "headLine": "Consumer confidence: consumer sentiment down 1.5%",
     "link": "https://media.anz.com/posts/2018/12/consumer-confidence--consumer-sentiment-down-1-5-",
     "article": {
          "url": "https://media.anz.com/posts/2018/12/consumer-confidence--consumer-sentiment-down-1-5-",
          "title": "Consumer confidence: consumer sentiment down 1.5%",
          "description": "ANZ-Roy Morgan Australian Consumer Confidence fell 1.5%, reversing the gains seen over the previous two weeks. Consumer sentiment remains well above its long-run average, however.",
          "links": [
               "https://media.anz.com/posts/2018/12/consumer-confidence--consumer-sentiment-down-1-5-"
          ],
          "image": "https://media.anz.com/content/dam/mediacentre/images/consumerconfidence/2018/August/Consumer%20Confidence%20Aug.JPG",
          "content": "\n            ANZ’s Head of Australian Economics, David Plank, commented:\n \n“Consumer sentiment ended up in negative territory last week amidst a spate of data releases. A more cautious RBA statement on Tuesday and then the soft Q3 GDP figures Wednesday may have impacted consumer views on current\neconomic conditions, which fell a sharp 6%. Global equity volatility may also have impacted sentiment. On the other hand, current financial conditions were only down a touch after a very strong gain the previous week and future financial conditions were up. This suggests consumers are still feeling good about their own circumstances, which is somewhat at odds with the weak wage data in the Q3 GDP report.”\nDonwload the report \n    \n    For media enquiries contact\n        \n        +91 80 6795 3801\n        David Plank\n        +61 2 8037 0029\n        Francesca Rizzo\n        +61 481-014224\n        \n",
          "author": "Shaurya Mishra@/content/mediacentre/en/authors/shaurya-mishra,David Plank@/content/mediacentre/en/authors/david-plank,Francesca Rizzo@/content/mediacentre/en/authors/Francesca-Rizzo",
          "favicon": "https://media.anz.com/etc/designs/mediacentre/favicon.ico",
          "source": "media.anz.com",
          "published": "",
          "ttr": 27
     }
}