{
     "Date": "3/03/2020",
     "Open": "1.32",
     "High": "1.37",
     "Low": "1.32",
     "Close": "1.35",
     "Adj Close": "1.159074",
     "Volume": "179707",
     "headLine": "Consumer confidence falls on virus concerns",
     "link": "https://media.anz.com/posts/2020/03/consumer-confidence-falls-on-virus-concerns",
     "article": {
          "url": "https://media.anz.com/posts/2020/03/consumer-confidence-falls-on-virus-concerns",
          "title": "Consumer confidence falls on virus concerns",
          "description": "Consumer confidence fell 3.2 per cent last week, driven by weakness in ‘economic conditions’. The index is now at a five-and-a-half year low. ‘Current economic conditions’ saw a significant decline of 16.6...",
          "links": [
               "https://media.anz.com/posts/2020/03/consumer-confidence-falls-on-virus-concerns"
          ],
          "image": "https://media.anz.com/content/dam/mediacentre/images/consumerconfidence/2019/November/man%20shopping.jpg",
          "content": "\n    \n            Consumer confidence fell 3.2 per cent last week, driven by weakness in ‘economic conditions’. The index is now at a five-and-a-half year low.\n‘Current economic conditions’ saw a significant decline of 16.6 per cent. In percentage terms, the downturn was the largest since January 2009. ‘Future economic conditions’ declined by 2.9 per cent. Both the subcomponents are well below long-term averages.\nIn contrast to the weakness in economic conditions, confidence in financial conditions rose. ‘Current financial conditions’ gained 3.8 per cent, while ‘future finances’ gained 0.9 per cent.\n‘Time to buy a major household item’ fell by 3.8 per cent. The four-week moving average for ‘inflation expectations’ was stable at 4 per cent.\n    \n    \n\n    \n            \"The coronavirus impacted consumer confidence in a big way last week, with overall sentiment falling to its lowest level in more than five years,\" ANZ Head of Australian Economics David Plank said.\n\"The virus-induced sell-off in the local and global stock markets and the big drop in theChinese PMI likely contributed to the weakness.\" \n\"The fall seen in ‘current economic conditions’ shows Australians are getting skittish about the wellbeing of the economy, though still quite content about their personal financial circumstances.\" \n\"This divergence remains the most-notable aspect of the confidence survey. So far the negative economic outlook has been a better guide to household spending than more positive financial sentiment.\"\nDownload PDF\n    \n\t\t\t\t\t\t",
          "author": "Phoebe O’Sullivan@/content/mediacentre/en/authors/phoebe-o_sullivan",
          "favicon": "https://media.anz.com/etc/designs/mediacentre/favicon.ico",
          "source": "media.anz.com",
          "published": "",
          "ttr": 45
     }
}