{
     "Date": "20/04/2021",
     "Open": "2.08",
     "High": "2.1",
     "Low": "2.06",
     "Close": "2.06",
     "Adj Close": "1.872049",
     "Volume": "102987",
     "headLine": "Consumer confidence steady",
     "link": "https://media.anz.com/posts/2021/april/consumer-confidence-steady",
     "article": {
          "url": "https://media.anz.com/posts/2021/april/consumer-confidence-steady",
          "title": "Consumer confidence steady",
          "description": "Headline consumer confidence remained practically unchanged at 114.0 last weekend. This is 35.4 per cent higher than confidence in the same weekend a year ago (18 to 19 April, 2020). The details were mixed....",
          "links": [
               "https://media.anz.com/posts/2021/april/consumer-confidence-steady"
          ],
          "image": "https://media.anz.com/content/dam/mediacentre/images/consumerconfidence/2018/August/Consumer%20Confidence%20Aug.JPG",
          "content": "\n    \n            Headline consumer confidence remained practically unchanged at 114.0 last weekend. This is 35.4 per cent higher than confidence in the same weekend a year ago (18 to 19 April, 2020).\nThe details were mixed. ‘Current financial conditions’ softened 3.4 per cent, while ‘future financial conditions’ fell 1.6 per cent. In contrast, ‘current economic conditions’ gained 2.0 per cent and ‘future economic conditions’ rose 1.2 per cent.\n‘Time to buy a major household item’ improved 1.4 per cent. ‘Weekly inflation expectations’ fell 0.2 percentage points to 3.7 per cent, but the four-week moving average remained steady at 3.8 per cent.\n    \n    \n\n    \n            \"The strong labour market report released last week, with a drop of unemployment rate to 5.6 per cent and underemployment below 8 per cent, didn’t provide the boost to sentiment we might have expected,\" ANZ Head of Australian Economics, David Plank said.\n\"Confidence did, however, remain above its long-run average, and perhaps the good news on employment offset any fallout from the vaccine disappointment.\"\n\"The opening of the trans-Tasman travel bubble this week has also most likely helped maintain a positive sentiment.\"\nDownload PDF\n    \n\t\t\t\t\t\t",
          "author": "Emma Mellow@/content/mediacentre/en/authors/emma-mellow",
          "favicon": "https://media.anz.com/etc/designs/mediacentre/favicon.ico",
          "source": "media.anz.com",
          "published": "",
          "ttr": 37
     }
}