{
     "Date": "23/03/2020",
     "Open": "1.02",
     "High": "1.03",
     "Low": "0.95",
     "Close": "0.95",
     "Adj Close": "0.834463",
     "Volume": "635416",
     "headLine": "ANZ supports Governmentâ€™s latest stimulus package",
     "link": "https://media.anz.com/posts/2020/03/anz-supports-governments-latest-stimulus-package",
     "article": {
          "url": "https://media.anz.com/posts/2020/03/anz-supports-governments-latest-stimulus-package",
          "title": "ANZ supports Government’s latest stimulus package",
          "description": "ANZ today announced its support for the Federal Government’s new stimulus package to help businesses and everyday Australians as they face challenges from the COVID-19 pandemic.",
          "links": [
               "https://media.anz.com/posts/2020/03/anz-supports-governments-latest-stimulus-package"
          ],
          "image": "https://media.anz.com/content/dam/mediacentre/images/mediareleases/2018/May/ANZ%20logo%20rural.jpg",
          "content": "\n            ANZ Group Executive Australia Retail and Commercial, Mark Hand said: “This package will provide much-needed support for a range of Australians facing the challenges from this pandemic.\n“We are supportive of the announced guarantees for small and medium enterprise loans and are now working through how we can provide this to our customers,” Mr Hand said.\nThe government’s new stimulus package comes after ANZ recently announced an unprecedented support package for small business and home loan customers, including a six-month payment deferral on loans.\nMore information, including dedicated contact telephone numbers can be found at our dedicated site on anz.com.\nDownload PDF\n    ",
          "author": "Nick Higginbottom@/content/mediacentre/en/authors/nick-higginbottom",
          "favicon": "https://media.anz.com/etc/designs/mediacentre/favicon.ico",
          "source": "media.anz.com",
          "published": "",
          "ttr": 21
     }
}