{
     "Date": "24/11/2020",
     "Open": "1.84",
     "High": "1.89",
     "Low": "1.82",
     "Close": "1.82",
     "Adj Close": "1.62772",
     "Volume": "182296",
     "headLine": "Consumer confidence pulls back",
     "link": "https://media.anz.com/posts/2020/11/consumer-confidence-pulls-back",
     "article": {
          "url": "https://media.anz.com/posts/2020/11/consumer-confidence-pulls-back",
          "title": "Consumer confidence pulls back",
          "description": "Consumer confidence pulled back after a record run of 11 straight weeks of gains. The headline index was down by 2 per cent, with most subindices falling as the lockdown of South Australia reminded consumers...",
          "links": [
               "https://media.anz.com/posts/2020/11/consumer-confidence-pulls-back"
          ],
          "image": "https://media.anz.com/content/dam/mediacentre/images/consumerconfidence/2018/August/Consumer%20Confidence%20Atm.JPG",
          "content": "\n    \n            Consumer confidence pulled back after a record run of 11 straight weeks of gains. The headline index was down by 2 per cent, with most subindices falling as the lockdown of South Australia reminded consumers that COVID-19 is an ongoing risk.\n‘Current financial conditions’ declined by 4.5 per cent. ‘Future financial conditions’ was unchanged from the previous week. ‘Current economic conditions’ declined by 3.2 per cent, while ‘future economic conditions’ dropped by 1.1 per cent.\n‘Time to buy a major household item’ fell by 1.6 per cent, its second week of weakness. The four-week moving average of ‘inflation expectations’ inched up to 3.5 per cent.\n    \n    \n\n    \n            \"Consumer confidence broke its record 11 week winning streak and slipped 2 per cent as South Australia went into a short and sharp lockdown,\" ANZ Head of Australian Economics David Plank said.\n\"The nationwide index remains above the neutral level, but South Australia’s index dropped below the 100 level. New South Wales and Queensland gave up some recent gains, while Victoria saw a very modest decline.\"\n\"With South Australia reopening earlier than expected and restrictions in Victoria and New South Wales relaxed the impact on sentiment may be short lived.\"\nDOWNLOAD PDF\n    \n\t\t\t\t\t\t",
          "author": "Phoebe O’Sullivan@/content/mediacentre/en/authors/phoebe-o_sullivan",
          "favicon": "https://media.anz.com/etc/designs/mediacentre/favicon.ico",
          "source": "media.anz.com",
          "published": "",
          "ttr": 40
     }
}