{
     "Date": "13/04/2021",
     "Open": "2.08",
     "High": "2.08",
     "Low": "2.06",
     "Close": "2.08",
     "Adj Close": "1.890225",
     "Volume": "58741",
     "headLine": "Consumer confidence leaps",
     "link": "https://media.anz.com/posts/2021/april/consumer-confidence-leaps",
     "article": {
          "url": "https://media.anz.com/posts/2021/april/consumer-confidence-leaps",
          "title": "Consumer confidence leaps",
          "description": "Consumer confidence rose sharply amid the receding Brisbane lockdown and announcment of the Trans-Tasman travel bubble. Headline consumer confidence shot past its long-run average value to 114.1 with a gain...",
          "links": [
               "https://media.anz.com/posts/2021/april/consumer-confidence-leaps"
          ],
          "image": "https://media.anz.com/content/dam/mediacentre/images/consumerconfidence/2019/November/man%20shopping.jpg",
          "content": "\n            Consumer confidence rose sharply amid the receding Brisbane lockdown and announcment of the Trans-Tasman travel bubble.\nHeadline consumer confidence shot past its long-run average value to 114.1 with a gain of 5.9 per cent, reaching its highest value since September 2019.\n‘Current financial conditions’ took a huge leap of 8.3 per cent, while ‘future financial conditions’ rose 4.8 per cent. ‘Current economic conditions’ gained 7.1 per cent and ‘future economic conditions’ jumped 4.5 per cent. All of these four indices more than made up for the points lost last week.\n‘Time to buy a major household item’ improved 5.7 per cent. ‘Weekly inflation expectations’ rose 0.2 per cent to 3.9 per cent, its highest level since the early stages of the pandemic, but the four-week moving average remained steady at 3.8 per cent.\n    ",
          "author": "Emma Mellow@/content/mediacentre/en/authors/emma-mellow",
          "favicon": "https://media.anz.com/etc/designs/mediacentre/favicon.ico",
          "source": "media.anz.com",
          "published": "",
          "ttr": 27
     }
}