{
     "Date": "7/11/2018",
     "Open": "1.06",
     "High": "1.06",
     "Low": "1.05",
     "Close": "1.05",
     "Adj Close": "0.854463",
     "Volume": "52858",
     "headLine": "ANZ provides drought support for Australian farmers",
     "link": "https://media.anz.com/posts/2018/07/anz-provides-drought-support-for-australian-farmers",
     "article": {
          "url": "https://media.anz.com/posts/2018/07/anz-provides-drought-support-for-australian-farmers",
          "title": "ANZ provides drought support for Australian farmers",
          "description": "ANZ today announced it would provide a drought support package for customers in all drought-declared areas of Australia until 31 July 2019. ",
          "links": [
               "https://media.anz.com/posts/2018/07/anz-provides-drought-support-for-australian-farmers"
          ],
          "image": "https://media.anz.com/content/dam/bluenotes/images/articles/2016/June/bennetagribrexit_thumb.jpg",
          "content": "\n            Commenting on the support package, ANZ State Director Agribusiness, Ben Barrett said: “While customers in NSW and Queensland are doing it particularly tough at the moment, we know there are farmers across the country that have been adversely impacted by drought.\n“We hope these measures help provide some certainty over the next 12 months and we encourage all customers to contact us in times of difficulty so we can provide support to help ease the financial burden,” Mr Barrett said.\nThe support package includes:\n\nSuspension of loan repayments, including credit cards for up to three months (which may include interest capitalisation).\nCommitment not to increase interest rates on distressed customers and interest rate relief in cases of extreme distress for customers in drought declared areas\nWaiving fees associated with restructuring business loans considered necessary due to the impact of drought\nProviding early access to term deposits without incurring any fees for impacted customers\nProviding access to hardship support services\nFinancial assistance package to support farmers choosing to relocate off the land\nIncreasing funding for rural counselling focussed on towns hardest hit by drought declared areas\n\nANZ encourages customers impacted by drought to visit their local branch or contact their Agribusiness Manager. Customers can also contact ANZ’s dedicated hardship team on 1800 351 548 or visit www.anz.com/hardship\nView PDF\n    ",
          "author": "Nick Higginbottom@/content/mediacentre/en/authors/nick-higginbottom",
          "favicon": "https://media.anz.com/etc/designs/mediacentre/favicon.ico",
          "source": "media.anz.com",
          "published": "",
          "ttr": 44
     }
}