{
     "Date": "15/10/2018",
     "Open": "1.06",
     "High": "1.08",
     "Low": "1.05",
     "Close": "1.05",
     "Adj Close": "0.854463",
     "Volume": "235212",
     "headLine": "Update on Australia Post discussions",
     "link": "https://media.anz.com/posts/2018/10/update-on-australia-post-discussions",
     "article": {
          "url": "https://media.anz.com/posts/2018/10/update-on-australia-post-discussions",
          "title": "Update on Australia Post discussions",
          "description": "ANZ today advised that Australia Post has issued a notice to terminate an agreement that has allowed ANZ customers to conduct basic banking transactions in post offices since 2015. ",
          "links": [
               "https://media.anz.com/posts/2018/10/update-on-australia-post-discussions"
          ],
          "image": "https://media.anz.com/content/dam/mediacentre/images/mediareleases/2018/March/ANZ%20logo%20outdoors.jpg",
          "content": "\n            Under the existing contract, ANZ customers will continue to have access to Bank@Post for the next three months. ANZ currently has about 900 small business customers nationally who use the Bank@Post service on a regular basis and do not have a branch within 20km of their local post office[1].\nANZ General Manager Retail Distribution Network Paul Presland said: “While we are disappointed by Australia Post’s decision, there is currently no change for our customers using Australia Post to conduct basic banking transactions.\n“We have been committed to fair and proportionate compensation for the service and will continue discussions with the hope of resolving the matter quickly.\n“At this stage we have unfortunately been unable to come to a new agreement that is reasonable for both organisations.\n“We will also assess options to look after our relatively small number of customers who frequently use the service where ANZ does not have a branch nearby,” Mr Presland said.\n[1] At least weekly\nView PDF\n    ",
          "author": "Stephen Ries@/content/mediacentre/en/authors/stephen-ries",
          "favicon": "https://media.anz.com/etc/designs/mediacentre/favicon.ico",
          "source": "media.anz.com",
          "published": "",
          "ttr": 33
     }
}