{
     "Date": "27/11/2019",
     "Open": "1.24",
     "High": "1.24",
     "Low": "1.23",
     "Close": "1.24",
     "Adj Close": "1.064631",
     "Volume": "31123",
     "headLine": "ANZ commits $100 million to the new Australian Business Growth Fund",
     "link": "https://media.anz.com/posts/2019/11/anz-commits--100-million-to-the-new-australian-business-growth-f",
     "article": {
          "url": "https://media.anz.com/posts/2019/11/anz-commits--100-million-to-the-new-australian-business-growth-f",
          "title": "ANZ commits $100 million to the new Australian Business Growth Fund",
          "description": "ANZ today announced it would commit $100 million to the Australian Government’s new Australian Business Growth Fund to provide further support for an economically important sector.",
          "links": [
               "https://media.anz.com/posts/2019/11/anz-commits--100-million-to-the-new-australian-business-growth-f"
          ],
          "image": "https://media.anz.com/content/dam/mediacentre/images/mediareleases/2018/March/ANZ%20logo%20outdoors.jpg",
          "content": "\n    \n    ANZ today announced it would commit $100 million to the Australian Government’s new Australian Business Growth Fund to provide further support for an economically important sector.\n\n    \n            The funding will be provided over a five-year period with the Australian Government also contributing $100 million over the same time, along with the other financial institutions.\nANZ Chief Executive Officer Shayne Elliott said: “ANZ is a strong supporter of small business in Australia. This fund will add to the options Australian businesses have to obtain the capital they need to grow and prosper for the good of the country.”\nDownload PDF\n    \n\t\t\t\t\t\t",
          "author": "Nick Higginbottom@/content/mediacentre/en/authors/nick-higginbottom",
          "favicon": "https://media.anz.com/etc/designs/mediacentre/favicon.ico",
          "source": "media.anz.com",
          "published": "",
          "ttr": 20
     }
}