{
     "Date": "25/06/2019",
     "Open": "1.1",
     "High": "1.1",
     "Low": "1.08",
     "Close": "1.1",
     "Adj Close": "0.922693",
     "Volume": "93222",
     "headLine": "Consumer confidence jumps",
     "link": "https://media.anz.com/posts/2019/07/consumer-confidence-jumps",
     "article": {
          "url": "https://media.anz.com/posts/2019/07/consumer-confidence-jumps",
          "title": "Consumer confidence jumps",
          "description": "Confidence jumped by 4 per cent in one of the largest increases in a year. On an absolute level, the index is at a two-month high. Financial conditions indices were mixed with current finances down 2.2 per...",
          "links": [
               "https://media.anz.com/posts/2019/07/consumer-confidence-jumps"
          ],
          "image": "https://media.anz.com/content/dam/mediacentre/images/consumerconfidence/2018/August/Consumer%20Confidence%20Aug.JPG",
          "content": "\n            Confidence jumped by 4 per cent in one of the largest increases in a year. On an absolute level, the index is at a two-month high.\nFinancial conditions indices were mixed with current finances down 2.2 per cent, while future financial conditions rose 1.0 per cent.\nEconomic conditions were up by a healthy margin. Current economic conditions gained 13.3 per cent after falling for three consecutive weeks. Future economic conditions also showed strength, gaining 7.0 per cent, a rise that came after four straight weekly losses.\nThe ‘time to buy a major household item’ was up 3.2 per cent, taking it close to the levels seen last July. The four-week moving average for inflation expectations was stable at 3.9 per cent, although the weekly reading fell to 3.7 per cent.\n    ",
          "author": "Phoebe O’Sullivan@/content/mediacentre/en/authors/phoebe-o_sullivan",
          "favicon": "https://media.anz.com/etc/designs/mediacentre/favicon.ico",
          "source": "media.anz.com",
          "published": "",
          "ttr": 26
     }
}