{
     "Date": "5/07/2019",
     "Open": "1.13",
     "High": "1.13",
     "Low": "1.11",
     "Close": "1.12",
     "Adj Close": "0.939469",
     "Volume": "639125",
     "headLine": "Consumer confidence consolidates",
     "link": "https://media.anz.com/posts/2019/05/consumer-confidence-consolidates",
     "article": {
          "url": "https://media.anz.com/posts/2019/05/consumer-confidence-consolidates",
          "title": "Consumer confidence consolidates",
          "description": "• Confidence fell marginally by 0.3% last week, consolidating at an above average level. • Financial conditions were mixed with current finances up by 0.2%, while future financial conditions fell 1.2%. •...",
          "links": [
               "https://media.anz.com/posts/2019/05/consumer-confidence-consolidates"
          ],
          "image": "https://media.anz.com/content/dam/mediacentre/images/consumerconfidence/2019/May/daniel-von-appen-482680-unsplash.jpg",
          "content": "\n    \n            • Confidence fell marginally by 0.3% last week, consolidating at an above average level. \n• Financial conditions were mixed with current finances up by 0.2%, while future financial conditions fell 1.2%.\n• Economic conditions were also mixed. Current economic conditions rose 4.1%, largely reversing the prior week’s fall of 5.5%, while future economic conditions were down 3.6%. Both the sub-indices were well above their long term averages. \n• The ‘time to buy a household item’ fell 0.3% compared to a rise of 4% last week. The four-week moving average for inflation expectations fell by 0.1ppt to 4.0%.  \n    \n    \n\n    \n            ANZ Head of Australian Economics, David Plank, commented: \n“Confidence was marginally down last week, though it is still well above average levels. There was not much in the way of local economic news to react to last week. It seems consumer sentiment is in a holding pattern for now. This pattern is likely to be disrupted on Tuesday afternoon, with the RBA expected to either cut the cash rate for the first time since August 2016 or clearly signal that a rate cut is on the cards.” \nDOWNLOAD PDF\n    \n\t\t\t\t\t\t",
          "author": "Phoebe O’Sullivan@/content/mediacentre/en/authors/phoebe-o_sullivan",
          "favicon": "https://media.anz.com/etc/designs/mediacentre/favicon.ico",
          "source": "media.anz.com",
          "published": "",
          "ttr": 38
     }
}