{
     "Date": "10/12/2018",
     "Open": "1.03",
     "High": "1.03",
     "Low": "1",
     "Close": "1.02",
     "Adj Close": "0.83005",
     "Volume": "118788",
     "headLine": "Appearance before House of Representatives Standing Committee",
     "link": "https://media.anz.com/posts/2018/10/appearance-before-house-of-representatives-standing-committee-",
     "article": {
          "url": "https://media.anz.com/posts/2018/10/appearance-before-house-of-representatives-standing-committee-",
          "title": "Appearance before House of Representatives Standing Committee ",
          "description": "The Royal Commission’s Interim Report lays out conduct of a standard below what the community expects and, at times, what the law requires. These observations have rightly dismayed and disappointed Australians.  ",
          "links": [
               "https://media.anz.com/posts/2018/10/appearance-before-house-of-representatives-standing-committee-"
          ],
          "image": "https://media.anz.com/content/dam/mediacentre/images/mediareleases/2018/October/Shayne%20Parliament.jpg",
          "content": "\n            Shayne Elliott opening remarks: \nThe Royal Commission’s Interim Report lays out conduct of a standard below what the community expects and, at times, what the law requires. These observations have rightly dismayed and disappointed Australians. \nWe have acknowledged to the Commission that ANZ has engaged in misconduct and conduct falling below community standards and expectations.\nThe Commissioner has also observed that ANZ may have other cases to answer.\nIt is completely unacceptable that we have caused financial harm and emotional stress to our customers.  \nAs CEO since 2016, I’m ultimately accountable for this.\nI understand that you, and the community, will want to know who has been, and who will be, held accountable for the bank’s failings.\nIn truth, accountability for the misconduct examined by the Commission has been limited.\nIn the past, ANZ has not focused sufficiently on formally holding executives to account for failures that harm customers.\nWhere there have been consequences, they have often involved pay cuts and people leaving the bank.\nDirect and documented links between specific failures and consequences have been limited and insufficient.\nThis is particularly true for events, including those studied by the Commission, which have unfolded over time or occurred under a number of executives.\nI recognise that this needs to change, and it is.\nIf customers are harmed, those responsible can lose their jobs, their pay or their prospects within the company. This is due, in part, to the introduction of the BEAR regime, itself a result of this Committee’s work.\nFailings acknowledged to the Commission and the lack of satisfactory progress on remediation will have a material impact on executive remuneration this year.\nFurther, since I was appointed as CEO, I have been working to make our bank simpler and better able to serve our customers.\nWhile no excuse for customer harm, complexity makes it harder to identify and fix problems. \nBy focusing on what we are good at, we can better avoid failures.\nThere is more to do but our changes so far are already making ANZ easier to manage and better for customers. The Commission’s Interim Report strengthens our resolve to fast track these, and other, reforms.\nImportantly, we are improving our remediation process so we get refunds into the hands of our customers quicker, learn from our mistakes and fix things so they are not repeated. Earlier this week, we announced a charge of $374 million related to further customer refunds and remediation costs.\nWe acknowledge that the Commission has questioned how we pay our frontline bankers, whether our scorecards are truly balanced and the role of incentive payments in driving poor behaviour.\nRemuneration clearly plays a role in culture and we have further work to do.\nI agree that it’s critical we listen to customers.\nI have made it a priority to meet with customers in their businesses, on their farms and in their towns.\nIn fact, I’m meeting with individual customers after this hearing who have made submissions to the Royal Commission.\nLast month, I went to Beaudesert to explain why we were shutting our branch there and to listen to concerns.\nAlexis George and I also held a forum in Cairns and then visited farms in Queensland to see the impact of the drought.\nThis influenced our decision to reduce interest rates by 1% for farmers in drought declared Australia, as well as excluding these towns from a recent interest rate increase. \nCustomers email me daily.\nI respond to each one personally.\nIf any customer wants to contact me, my email address is public and is Shayne.Elliott@anz.com.\nThank you.\nDownload PDF\n    ",
          "author": "Stephen Ries@/content/mediacentre/en/authors/stephen-ries",
          "favicon": "https://media.anz.com/etc/designs/mediacentre/favicon.ico",
          "source": "media.anz.com",
          "published": "",
          "ttr": 120
     }
}