{
     "Date": "20/08/2019",
     "Open": "1.2",
     "High": "1.22",
     "Low": "1.2",
     "Close": "1.22",
     "Adj Close": "1.02335",
     "Volume": "157157",
     "headLine": "Consumer confidence falls on global news",
     "link": "https://media.anz.com/posts/2019/08/consumer-confidence-falls-on-global-news",
     "article": {
          "url": "https://media.anz.com/posts/2019/08/consumer-confidence-falls-on-global-news",
          "title": "Consumer confidence falls on global news",
          "description": "ANZ-Roy Morgan Australian Consumer Confidence fell 2.3 per cent last week, closing below the long-term average. The fall was driven by weakness in economic conditions, with current falling 3.8 per cent and...",
          "links": [
               "https://media.anz.com/posts/2019/08/consumer-confidence-falls-on-global-news"
          ],
          "image": "https://media.anz.com/content/dam/mediacentre/images/consumerconfidence/2018/August/Consumer%20Confidence%20Aug.JPG",
          "content": "\n    \n            ANZ-Roy Morgan Australian Consumer Confidence fell 2.3 per cent last week, closing below the long-term average. The fall was driven by weakness in economic conditions, with current falling 3.8 per cent and future losing a massive 7.9 per cent. \nBoth economic subindices are below their respective long-term average. In contrast, measures relating to personal finances rose modestly. Current finances were up by 0.2 per cent for the week, while future finances gained 0.6 per cent. \nThe ‘Time-to-buy-a-major-household-item’ index fell 1.4 per cent - its third-consecutive decline. The four-week moving average for inflation expectations fell by 0.1 percentage points to 3.9 per cent. \nReadings of inflation expectations have shown signs of softness over the last few weeks\n    \n    \n\n    \n            “Australian households appear to be troubled by negative global economic developments and the related equity market weakness, with sentiment toward current and future economic conditions down sharply,\" ANZ Head of Australian Economics, David Plank, said.\n\"Views about current economic conditions have fallen materially for three weeks in a row, while those for future economic conditions are at their weakest since October/November last year.\"\n\"The relative buoyancy of sentiment about personal financial conditions indicates that the tax cuts and lower interest rates are having a positive impact on households. But this hasn’t been sufficient to offset the global news flow.\"\n\"The negative view on the economic outlook is impacting inflation expectations. The past three weeks have seen weekly readings of less than 4 per cent.”\nDOWNLOAD PDF\n    \n\t\t\t\t\t\t",
          "author": "Phoebe O’Sullivan@/content/mediacentre/en/authors/phoebe-o_sullivan",
          "favicon": "https://media.anz.com/etc/designs/mediacentre/favicon.ico",
          "source": "media.anz.com",
          "published": "",
          "ttr": 49
     }
}