{
     "Date": "4/05/2021",
     "Open": "2.07",
     "High": "2.08",
     "Low": "2.04",
     "Close": "2.05",
     "Adj Close": "1.862962",
     "Volume": "230715",
     "headLine": "Consumer confidence inches higher",
     "link": "https://media.anz.com/posts/2021/may/consumer-confidence-inches-higher",
     "article": {
          "url": "https://media.anz.com/posts/2021/may/consumer-confidence-inches-higher",
          "title": "Consumer confidence inches higher",
          "description": "Confidence rose just 0.3 per cent last weekend despite the end of the Perth lockdown, failing to show the sort of rebound often (but not always) seen after other lockdowns. The emergence of new infections in...",
          "links": [
               "https://media.anz.com/posts/2021/may/consumer-confidence-inches-higher"
          ],
          "image": "https://media.anz.com/content/dam/mediacentre/images/consumerconfidence/2018/August/Consumer%20Confidence%20Aug.JPG",
          "content": "\n            Confidence rose just 0.3 per cent last weekend despite the end of the Perth lockdown, failing to show the sort of rebound often (but not always) seen after other lockdowns. The emergence of new infections in Perth and the terrible news out of India may have kept the continued threat posed by COVID front of mind.\nFour out of the five subindices gained. ‘Current financial conditions’ gained most with a rise of 2.2 per cent, while ‘future financial conditions’ improved 0.3 per cent. \n‘Current economic conditions’ grew 0.8 per cent, while ‘future economic conditions’ declined 2.3 per cent.\n‘Time to buy a major household item’ rose, for the fourth week in a row, by 0.2 per cent. ‘Weekly inflation expectations’ remained steady at 3.7 per cent, keeping the four-week moving average unchanged at 3.8 per cent.\n    ",
          "author": "Emma Mellow@/content/mediacentre/en/authors/emma-mellow",
          "favicon": "https://media.anz.com/etc/designs/mediacentre/favicon.ico",
          "source": "media.anz.com",
          "published": "",
          "ttr": 28
     }
}