{
     "Date": "30/04/2021",
     "Open": "2.08",
     "High": "2.09",
     "Low": "2.05",
     "Close": "2.07",
     "Adj Close": "1.881137",
     "Volume": "59225",
     "headLine": "ANZ donates $1 million to World Vision Australia’s India COVID-19 Appeal",
     "link": "https://media.anz.com/posts/2021/april/anz-donates--1-million-to-world-vision-australias-india-covid-19",
     "article": {
          "url": "https://media.anz.com/posts/2021/april/anz-donates--1-million-to-world-vision-australias-india-covid-19",
          "title": "ANZ donates $1 million to World Vision Australia’s India COVID-19 Appeal",
          "description": "ANZ today announced it was donating $1 million to World Vision Australia’s India COVID-19 Appeal to help with the unfolding health crisis in the subcontinent.",
          "links": [
               "https://media.anz.com/posts/2021/april/anz-donates--1-million-to-world-vision-australias-india-covid-19"
          ],
          "image": "https://media.anz.com/content/dam/mediacentre/images/mediareleases/2018/March/ANZ%20logo%20outdoors.jpg",
          "content": "\n            The donation will go towards the immense effort already underway in India and provide funding for more beds, oxygen machines and hospital medical supplies in some of the worst hit districts.\nJust yesterday, India recorded 379,257 new infections and suffered 3,645 new deaths – the highest number of fatalities in a single day since the start of the pandemic.\nIn addition to its donation, ANZ will match customer and employee donations to the India COVID-19 Appeal on a dollar-for-dollar basis for up to a further $1 million.\nANZ Group Executive Talent and Culture, Kathryn van der Merwe said: “Right now we are seeing tragic circumstances in India where COVID-19 is spreading at a frightening rate and ruining far too many lives.\n“As a company with employees in India as well as customers and connections to the community, we are particularly shaken by what is unfolding there during this health crisis.\n“We hope our donation and the efforts of our generous employees and customers can help in some way as that community strives to overcome this significant threat to their way of life.”\nWorld Vision Australia CEO Daniel Wordsworth said ANZ's donation was an overwhelming gesture of kindness that was testimony to both the generosity of Australians and the close ties between the two nations.\n“India and its people hold a special place in the hearts of Australians, and ANZ's incredible gesture has confirmed that,\" Mr Wordsworth said.\n\"I am appealing to the rest of corporate Australia to show similar solidarity, and to the generosity of Australians to show their support in what has become a grave humanitarian crisis.\"\nANZ employees or customers wishing to donate to the fund can find more information here. Note: Donations made outside of Australia may incur International or foreign exchange fees.\nDownload PDF\n    ",
          "author": "Nick Higginbottom@/content/mediacentre/en/authors/nick-higginbottom",
          "favicon": "https://media.anz.com/etc/designs/mediacentre/favicon.ico",
          "source": "media.anz.com",
          "published": "",
          "ttr": 60
     }
}