{
     "Date": "12/02/2019",
     "Open": "0.98",
     "High": "0.99",
     "Low": "0.98",
     "Close": "0.99",
     "Adj Close": "0.805637",
     "Volume": "22350",
     "headLine": "Job Ads slide further in November",
     "link": "https://media.anz.com/posts/2019/12/job-ads-slide-further-in-november",
     "article": {
          "url": "https://media.anz.com/posts/2019/12/job-ads-slide-further-in-november",
          "title": "Job Ads slide further in November",
          "description": "ANZ Senior Economist, Catherine Birch, commented: ANZ Job Ads slid a further 1.7% m/m in November and are now down almost 15% from their cyclical peak in May 2018. Although there has been a longer lag than...",
          "links": [
               "https://media.anz.com/posts/2019/12/job-ads-slide-further-in-november"
          ],
          "image": "https://media.anz.com/content/dam/mediacentre/images/jobads/2019/October/andrew-neel-cckf4TsHAuw-unsplash.jpg",
          "content": "\n            ANZ Senior Economist, Catherine Birch, commented:\nANZ Job Ads slid a further 1.7% m/m in November and are now down almost 15% from their cyclical peak in May 2018. Although there has been a longer lag than usual, the downturn in the number of advertisements may be starting to filter through to the labour market.\nIn October, we saw the first substantial fall (-19k) in employment in three years (a small 1k employment drop was recorded in May 2018). We expect employment growth to decline into 2020, lagging the deterioration in GDP growth over the past year.\nWhile we expect the Q3 GDP data (Wednesday 4 December) to show growth starting to gradually pick up from its low, the fact that the ANZ Job Ads figure is still falling suggests that the softness in the labour market has a way to run.\nDownload PDF\n    ",
          "author": "Phoebe O’Sullivan@/content/mediacentre/en/authors/phoebe-o_sullivan",
          "favicon": "https://media.anz.com/etc/designs/mediacentre/favicon.ico",
          "source": "media.anz.com",
          "published": "",
          "ttr": 29
     }
}