{
     "Date": "3/04/2019",
     "Open": "1",
     "High": "1.01",
     "Low": "0.99",
     "Close": "1",
     "Adj Close": "0.838811",
     "Volume": "402966",
     "headLine": "ANZ welcomes trade agreement between Australia and Indonesia",
     "link": "https://media.anz.com/posts/2019/03/anz-welcomes-trade-agreement-between-australia-and-indonesia",
     "article": {
          "url": "https://media.anz.com/posts/2019/03/anz-welcomes-trade-agreement-between-australia-and-indonesia",
          "title": "ANZ welcomes trade agreement between Australia and Indonesia",
          "description": "ANZ today welcomed the trade agreement signed by Australian and Indonesia as a historic development that will boost trade and economic growth in both countries.",
          "links": [
               "https://media.anz.com/posts/2019/03/anz-welcomes-trade-agreement-between-australia-and-indonesia"
          ],
          "image": "https://media.anz.com/content/dam/bluenotes/images/articles/2018/January/Indonesia_iStock_000002143948Medium.jpg",
          "content": "\n    \n    ANZ today welcomed the trade agreement signed by Australian and Indonesia as a historic development that will boost trade and economic growth in both countries.\n\n    \n            The Indonesia Australia Comprehensive Economic Partnership Agreement (IACEPA), which was signed today in Jakarta by Australian Trade Minister Simon Birmingham, will create closer economic engagement between the two countries and boost the $16.8 billion two-way trade relationship.\nANZ Indonesia Chief Executive Officer Vishnu Shahaney said: “This agreement will open new markets and opportunities for businesses, primary producers, service providers and investors in both countries. ANZ is well-placed to take advantage of this growth and help connect customers in Indonesia with our home market in Australia. We look forward to the agreement being formally ratified in Parliament.”\n\nANZ first established its presence in Indonesia in 1973. The business continues to play an important role in the bank’s Institutional strategy, combining a global network with local insights to support our customers’ domestic requirements while also connecting them to the region’s expanding trade and capital flows.\n\nDownload PDF\n    \n\t\t\t\t\t\t",
          "author": "Brett Foley @/content/mediacentre/en/authors/brett-foley",
          "favicon": "https://media.anz.com/etc/designs/mediacentre/favicon.ico",
          "source": "media.anz.com",
          "published": "",
          "ttr": 34
     }
}