{
     "Date": "6/10/2020",
     "Open": "1.61",
     "High": "1.61",
     "Low": "1.59",
     "Close": "1.6",
     "Adj Close": "1.430963",
     "Volume": "453440",
     "headLine": "Job Ads recovery picking up pace again",
     "link": "https://media.anz.com/posts/2020/10/job-ads-recovery-picking-up-pace-again",
     "article": {
          "url": "https://media.anz.com/posts/2020/10/job-ads-recovery-picking-up-pace-again",
          "title": "Job Ads recovery picking up pace again",
          "description": "ANZ Senior Economist, Catherine Birch, commented: After only minimal improvement in August, ANZ Job Ads growth accelerated to 7.8% m/m in September. There were week-to-week gains throughout the month, which...",
          "links": [
               "https://media.anz.com/posts/2020/10/job-ads-recovery-picking-up-pace-again"
          ],
          "image": "https://media.anz.com/content/dam/mediacentre/images/jobads/2020/August/job%20ads.jpg",
          "content": "\n            ANZ Senior Economist, Catherine Birch, commented:\nAfter only minimal improvement in August, ANZ Job Ads growth accelerated to 7.8% m/m in September. There were week-to-week gains throughout the month, which was positive news given the ongoing restrictions in Victoria. But Job Ads were still down 21% on their February level (pre-COVID-19). The question now is whether a return to pre-pandemic levels of job ads and vacancies would be enough to entrench a solid labour market recovery.\nThose previous levels reflected churn (ie workers changing jobs), skills and labour mismatches, and rising labour demand as the economy expanded. Yet right now, we need to get a huge volume of people – who were until recently employed – back into the workforce, along with new entrants and those wanting to re-enter the workforce. This suggests that job ads and vacancies may need to sustain materially higher levels for some time.\nWith this in mind, it is encouraging that job ads and/or vacancies are above pre-pandemic levels for all states/territories bar Vic, NSW and the ACT on at least one of three measures: the DESE’s Internet Vacancy Index, SEEK job ads and ABS job vacancies. But Vic in particular, along with NSW and the ACT, still have a way to go.\nDOWNLOAD PDF\n    ",
          "author": "Brittannie Edwards@/content/mediacentre/en/authors/brittannie-edwards",
          "favicon": "https://media.anz.com/etc/designs/mediacentre/favicon.ico",
          "source": "media.anz.com",
          "published": "",
          "ttr": 42
     }
}