{
     "Date": "19/05/2020",
     "Open": "",
     "High": "",
     "Low": "",
     "Close": "",
     "Adj Close": "",
     "Volume": "",
     "headLine": "Consumer confidence marches ahead",
     "link": "https://media.anz.com/posts/2020/05/consumer-confidence-marche-ahead",
     "article": {
          "url": "https://media.anz.com/posts/2020/05/consumer-confidence-marche-ahead",
          "title": "Consumer confidence marches ahead",
          "description": "Consumer confidence lifted for the seventh straight week, rising 2.2 per cent. The financial conditions indices gained, with ‘current finances’ up 8.8 per cent and ‘future finances’ rose 0.2 per cent. In...",
          "links": [
               "https://media.anz.com/posts/2020/05/consumer-confidence-marche-ahead"
          ],
          "image": "https://media.anz.com/content/dam/mediacentre/images/consumerconfidence/2018/August/Consumer%20Confidence%20Atm.JPG",
          "content": "\n    \n            Consumer confidence lifted for the seventh straight week, rising 2.2 per cent. The financial conditions indices gained, with ‘current finances’ up 8.8 per cent and ‘future finances’ rose 0.2 per cent.\nIn contrast, economic conditions were mixed. ‘Current economic conditions’ fell 3.6 per cent after six straight weekly gains, while ‘future economic conditions’ gained 1.5 per cent.\n‘Time to buy a major household item’ strengthened again, up 3.6 per cent. The four-week moving average for ‘inflation expectations’ was stable at 3.4 per cent, though the weekly reading slipped to 3.3 per cent.\n    \n    \n\n    \n            \"Confidence gained further last week despite the shocking news that almost 600,000 Australians lost employment in April,\" ANZ Head of Australian Economics David Plank said.\n\"Massive fiscal stimulus and continued easing of pandemic induced restrictions are providing an important offset to all the COVID-19 related gloom.\"\n\"As a result, ‘future financial conditions’ is now only around 5 per cent below the long run average, though overall sentiment is closer to 20 per cent below average.\"\n\"With more good news about the easing of restrictions likely, it seems reasonable to expect further gains in sentiment. Consistent with this, ANZ-observed card-spending data shows household spending is holding up.\"\nDOWNLOAD PDF\n    \n\t\t\t\t\t\t",
          "author": "Phoebe O’Sullivan@/content/mediacentre/en/authors/phoebe-o_sullivan",
          "favicon": "https://media.anz.com/etc/designs/mediacentre/favicon.ico",
          "source": "media.anz.com",
          "published": "",
          "ttr": 40
     }
}