{
     "Date": "21/04/2020",
     "Open": "1.3",
     "High": "1.31",
     "Low": "1.27",
     "Close": "1.28",
     "Adj Close": "1.124329",
     "Volume": "50414",
     "headLine": "Consumer confidence rises for third week",
     "link": "https://media.anz.com/posts/2020/04/consumer-confidence-rises-for-third-week",
     "article": {
          "url": "https://media.anz.com/posts/2020/04/consumer-confidence-rises-for-third-week",
          "title": "Consumer confidence rises for third week",
          "description": "Consumer confidence has strengthened for a third-straight week, rising 7.7 per cent. The gain was broadly based, except ‘current finances’ which declined 2.6 per cent. ‘Future financial conditions’ gained 6.6...",
          "links": [
               "https://media.anz.com/posts/2020/04/consumer-confidence-rises-for-third-week"
          ],
          "image": "https://media.anz.com/content/dam/mediacentre/images/consumerconfidence/2018/August/Consumer%20Confidence%20Atm.JPG",
          "content": "\n    \n            Consumer confidence has strengthened for a third-straight week, rising 7.7 per cent. The gain was broadly based, except ‘current finances’ which declined 2.6 per cent.\n‘Future financial conditions’ gained 6.6 per cent, in contrast to the fall in ‘current finances’. The subindex has been in a positive territory for the last four weeks.\n‘Current economic conditions’ gained 9.6 per cent, for the third week straight, while 'future economic conditions’ rose 6.7 per cent.\n‘Time to buy a major household item’ saw a big gain of 21.5 per cent, while the four-week moving average for ‘inflation expectations’ fell 0.2 percentage poimt to 3.8 per cent. The weekly reading dipped to 3.1 per cent, the lowest in the history of the survey.\n    \n    \n\n    \n            \"The flattening in the pandemic curve and the recovery in equity markets may be helping to lift consumer confidence,\" ANZ Head of Australian Economics David Plank said.\n\"Better-than-expected news on the labour market may also have boosted sentiment. Confidence is now close to 30 per cent above\nthe historic low reached on the last weekend of March.\"\n\"While the recovery has been solid, sentiment is still well below average. Inflation expectations have dropped, with the weekly reading of 3.1 per cent the lowest since the survey began measuring inflation expectations in 2010.\"\n\"The dramatic drop in petrol prices over recent weeks may be a major contributor to the fall.\"\nDOWNLOAD PDF\n    \n\t\t\t\t\t\t",
          "author": "Phoebe O’Sullivan@/content/mediacentre/en/authors/phoebe-o_sullivan",
          "favicon": "https://media.anz.com/etc/designs/mediacentre/favicon.ico",
          "source": "media.anz.com",
          "published": "",
          "ttr": 47
     }
}