{
     "Date": "2/12/2019",
     "Open": "1.24",
     "High": "1.24",
     "Low": "1.23",
     "Close": "1.24",
     "Adj Close": "1.064631",
     "Volume": "202231",
     "headLine": "Consumer confidence: Confidence tumbles on RBA downgrade",
     "link": "https://media.anz.com/posts/2019/02/consumer-confidence--confidence-tumbles-on-rba-downgrade",
     "article": {
          "url": "https://media.anz.com/posts/2019/02/consumer-confidence--confidence-tumbles-on-rba-downgrade",
          "title": "Consumer confidence: Confidence tumbles on RBA downgrade",
          "description": "ANZ’s Head of Australian Economics, David Plank, commented: “Consumer confidence took a beating last week, most likely on the back of the RBA’s downgrade to its economic outlook. The fall reversed all the...",
          "links": [
               "https://media.anz.com/posts/2019/02/consumer-confidence--confidence-tumbles-on-rba-downgrade"
          ],
          "image": "https://media.anz.com/content/dam/mediacentre/images/consumerconfidence/2018/August/Consumer%20Confidence%20Atm.JPG",
          "content": "\n    \n            ANZ’s Head of Australian Economics, David Plank, commented:\n“Consumer confidence took a beating last week, most likely on the back of the RBA’s downgrade to its economic outlook. The fall reversed all the gains and then some since the weak reading seen at the start of this year. Weak retail sales and building approvals data may also have negatively impacted sentiment. Confidence still remains above the long-run average, however, as does the key current financial conditions sub-index. So we aren’t giving up on the consumer just yet.”\nDownload PDF\n    \n    \n    \n                ANZ-Roy Morgan Consumer Confidence\n        \n    \n\n    \n    For media enquiries contact\n        \n        +91 80 6795 3801\n        David Plank\n        +61 2 8037 0029\n        \n\n\t\t\t\t\t\t",
          "author": "Shaurya Mishra@/content/mediacentre/en/authors/shaurya-mishra,David Plank@/content/mediacentre/en/authors/david-plank",
          "favicon": "https://media.anz.com/etc/designs/mediacentre/favicon.ico",
          "source": "media.anz.com",
          "published": "",
          "ttr": 22
     }
}