{
     "Date": "14/01/2019",
     "Open": "0.99",
     "High": "0.99",
     "Low": "0.98",
     "Close": "0.98",
     "Adj Close": "0.797499",
     "Volume": "48935",
     "headLine": "ANZ to serve up more financial wellbeing at the Australian Open",
     "link": "https://media.anz.com/posts/2019/01/anz-to-serve-up-more-financial-wellbeing-at-the-australian-open",
     "article": {
          "url": "https://media.anz.com/posts/2019/01/anz-to-serve-up-more-financial-wellbeing-at-the-australian-open",
          "title": "ANZ to serve up more financial wellbeing at the Australian Open",
          "description": "ANZ today announced it would donate $10 for every ace served at the 2019 Australian Open to help improve Australians’ financial wellbeing.",
          "links": [
               "https://media.anz.com/posts/2019/01/anz-to-serve-up-more-financial-wellbeing-at-the-australian-open"
          ],
          "image": "https://media.anz.com/content/dam/mediacentre/images/mediareleases/2019/January/Australian%20Open%202019.jpg",
          "content": "\n            Each ace will help improve the financial wellbeing of one more Australian through ANZ’s partnerships with The Benevolent Society, Berry Street, Brotherhood of St Laurence and The Smith Family.\nANZ Head of Financial Inclusion Michelle Commandeur said: “ANZ wants to help more people get on top of their money and financial wellbeing is a big contributor to this.\n“Financial wellbeing is just as important as mental, physical and emotional health and it allows people to fully participate in their community. We’re proud of what we are able to deliver through our MoneyMinded program to help Australians make informed decisions about how to manage their money.”\n    \nSingle mum Danielle was living week to week prior to participating in MoneyMinded and said the program helped improve her financial wellbeing: “It has turned my relationship with money around and spurred me to save for my family for the very first time.\n“Since completing the program I finally have the motivation to get out of debt and start saving. I no longer dread the thought of managing my money, and feel more in control of my finances.”\nAce the Open will recognise every ace served by every player across all courts at the Australian Open including singles, doubles, mixed, wheelchair and juniors.\nANZ will also extend Ace the Open with pop-up courts stationed in Melbourne, Sydney and Brisbane for members of the public to get involved with $1 from every ace they serve added to the overall tally.\nANZ will donate a minimum of $100,000 through its Ace the Open program to help improve the financial wellbeing of the nation.\nTo learn more about ANZ’s MoneyMinded program visit https://www.anz.com.au/ moneyminded/\nDownload PDF\n    ",
          "author": "Francesca Rizzo@/content/mediacentre/en/authors/Francesca-Rizzo",
          "favicon": "https://media.anz.com/etc/designs/mediacentre/favicon.ico",
          "source": "media.anz.com",
          "published": "",
          "ttr": 56
     }
}