{
     "Date": "17/11/2020",
     "Open": "1.81",
     "High": "1.85",
     "Low": "1.8",
     "Close": "1.83",
     "Adj Close": "1.636664",
     "Volume": "104721",
     "headLine": "ANZ Seeds of Renewal program helps 26 community groups in regional Australia",
     "link": "https://media.anz.com/posts/2020/11/anz-seeds-of-renewal-program-helps-26-community-groups-in-region",
     "article": {
          "url": "https://media.anz.com/posts/2020/11/anz-seeds-of-renewal-program-helps-26-community-groups-in-region",
          "title": "ANZ Seeds of Renewal program helps 26 community groups in regional Australia ",
          "description": "ANZ and the Foundation for Rural & Regional Renewal (FRRR) today announced 26 community groups across regional Australia will share $250,000 in grants.",
          "links": [
               "https://media.anz.com/posts/2020/11/anz-seeds-of-renewal-program-helps-26-community-groups-in-region"
          ],
          "image": "https://media.anz.com/content/dam/mediacentre/images/mediareleases/2020/November/markus-spiske-vrbZVyX2k4I-unsplash.jpg",
          "content": "\n            The ANZ Seeds of Renewal program has been running since 2003 and in 2020 the program specifically focussed on supporting groups running projects to address environmental sustainability, financial wellbeing and accessible housing initiatives in remote, rural and regional Australia.\nANZ’s technology partner Lenovo contributed more than $18,000 in IT equipment to five community groups, which was in addition to the money ANZ provided.\nThis year special consideration was given to projects that were in bushfire affected areas, with eight of the 26 grants awarded to groups in those regions.\nANZ General Manager Business Banking Jenefer Stewart said: “Australia’s regional, remote and rural communities have been hit particularly hard this year with the pandemic and the bushfires and we are proud of our track record in supporting them with these grants.\n“The applicants show a real passion for their local communities and we are honoured to play a small part in helping these important projects come to fruition and make a positive impact to people’s lives,” Ms Stewart said.\nFRRR CEO Natalie Egleton said it was inspiring to see so many groups finding innovative ways of practicing environmental sustainability in their communities and offering support to more vulnerable groups.\n\"The environment, housing equity and financial wellbeing, are national priority issues and are all critical to maintaining the social and economic vitality of rural Australia. It’s wonderful to partner with ANZ to provide this targeted support for local groups as they seek better ways for their communities to live,\" Ms Egleton said.\nSome of the locally-led projects funded this round include:\n\nCommunity Maker Space - Plastics rePurposed - Berry Springs, NT - $15,000: Build community capability to recycle and repurpose plastic to address the environmental issues\nGunbower &amp; District Development Group Inc - Gunbower Lions Park Wetlands Project – Gunbower, VIC - $12,700: Improve the environmental sustainability of community facilities by enhancing the native vegetation and habitat\nPambula Beach Surf Life Saving Club Inc Environmental assessment for a healthy sustainable environment, and a fire-ready club and community – Pambula, NSW - $3,390: Support community preparedness and environmental sustainability with review of habitat and use\nGunida Gunyah Aboriginal Corporation- Responsive Emergency Accommodation Service – Gunnedah, NSW - $15,000: Provide additional crisis accommodation support that enables the organisation to support those most in need and bring them back into systems for more permanent housing\nSisterworks Inc – Remote Activities Project – Bendigo, VIC - $10,800: Support the economic empowerment of migrant, refugee and asylum seeking women in regional centres by addressing isolation issues\n\nA full list of recipients can be found on FRRR website.\nView PDF\n    ",
          "author": "Karly Dwyer@/content/mediacentre/en/authors/karly-dwyer",
          "favicon": "https://media.anz.com/etc/designs/mediacentre/favicon.ico",
          "source": "media.anz.com",
          "published": "",
          "ttr": 87
     }
}