{
     "Date": "28/05/2018",
     "Open": "1.13",
     "High": "1.14",
     "Low": "1.13",
     "Close": "1.13",
     "Adj Close": "0.907471",
     "Volume": "39835",
     "headLine": "Shane Buggle appointed Group General Manager Internal Audit",
     "link": "https://media.anz.com/posts/2018/05/shane-buggle-appointed-group-general-manager-internal-audit",
     "article": {
          "url": "https://media.anz.com/posts/2018/05/shane-buggle-appointed-group-general-manager-internal-audit",
          "title": "Shane Buggle appointed Group General Manager Internal Audit",
          "description": "ANZ today announced the appointment of Shane Buggle as Group General Manager Internal Audit, reporting to the Chairman of the Audit Committee Paula Dwyer.",
          "links": [
               "https://media.anz.com/posts/2018/05/shane-buggle-appointed-group-general-manager-internal-audit"
          ],
          "image": "https://media.anz.com/content/dam/mediacentre/images/mediareleases/2018/May/Shane%20Buggle.jpeg",
          "content": "\n            Mr Buggle has spent more than 20 years in senior finance roles at ANZ and has been Deputy Chief Financial Officer since 2012. He succeeds Kevin Corbally who was recently appointed Chief Risk Officer.\nANZ Chief Executive Officer Shayne Elliott said: “I’m pleased to appoint a highly regarded executive with significant finance, business and audit experience to a critical role responsible for providing the Board and Executive Committee with independent assurance on our operations.”\nPrior to re-joining ANZ in 2003, Mr Buggle was Head of Finance for Zurich Financial Services in Ireland. He is also a member of the Council of Monash University and has been Deputy Chancellor since 2015.\nThe appointment is effective 1 July 2018.\nView PDF\nDownload photo of Shane Buggle (2MB) \n    \n    For media enquiries contact\n        \n        +61 403 936 262\n        Francesca Rizzo\n        +61 481-014224\n        \n",
          "author": "Nick Higginbottom@/content/mediacentre/en/authors/nick-higginbottom,Francesca Rizzo@/content/mediacentre/en/authors/Francesca-Rizzo",
          "favicon": "https://media.anz.com/etc/designs/mediacentre/favicon.ico",
          "source": "media.anz.com",
          "published": "",
          "ttr": 28
     }
}