{
     "Date": "2/03/2020",
     "Open": "1.33",
     "High": "1.33",
     "Low": "1.26",
     "Close": "1.3",
     "Adj Close": "1.116145",
     "Volume": "515426",
     "headLine": "Job ads recover some ground",
     "link": "https://media.anz.com/posts/2020/02/job-ads-recover-some-ground",
     "article": {
          "url": "https://media.anz.com/posts/2020/02/job-ads-recover-some-ground",
          "title": "Job ads recover some ground",
          "description": "\"Job ads recovered some ground in January but not enough to fully offset the upwardly-revised 5.7 per cent drop in December,\" ANZ Senior Economist, Catherine Birch said. \"There have been some positive signs...",
          "links": [
               "https://media.anz.com/posts/2020/02/job-ads-recover-some-ground"
          ],
          "image": "https://media.anz.com/content/dam/mediacentre/images/jobads/2019/October/andrew-neel-cckf4TsHAuw-unsplash.jpg",
          "content": "\n            \"Job ads recovered some ground in January but not enough to fully offset the upwardly-revised 5.7 per cent drop in December,\" ANZ Senior Economist, Catherine Birch said.\n\"There have been some positive signs for labour demand recently. ABS Job Vacancies rose in November following two quarters of decline and the employment index in NAB’s monthly business survey has stabilised above the long-run average.\" \n\"The unemployment rate has fallen to 5.1 per cent in December from 5.3 per cent in October while participation has been stable. However, the bushfires and coronavirus will likely have a negative effect on the labour market, along with economic activity, over the coming months, particularly for tourism-related industries.\"\nDownload PDF\n    ",
          "author": "Phoebe O’Sullivan@/content/mediacentre/en/authors/phoebe-o_sullivan",
          "favicon": "https://media.anz.com/etc/designs/mediacentre/favicon.ico",
          "source": "media.anz.com",
          "published": "",
          "ttr": 23
     }
}