{
     "Date": "7/09/2020",
     "Open": "1.63",
     "High": "1.65",
     "Low": "1.62",
     "Close": "1.63",
     "Adj Close": "1.457793",
     "Volume": "128039",
     "headLine": "Job Ads recovery stalls",
     "link": "https://media.anz.com/posts/2020/09/job-ads-recovery-stalls",
     "article": {
          "url": "https://media.anz.com/posts/2020/09/job-ads-recovery-stalls",
          "title": "Job Ads recovery stalls",
          "description": "ANZ Senior Economist, Catherine Birch, commented: The solid rebound in ANZ Job Ads in June and July – which saw more than half the pandemic losses recovered – did not continue into August, with just a 1.6%...",
          "links": [
               "https://media.anz.com/posts/2020/09/job-ads-recovery-stalls"
          ],
          "image": "https://media.anz.com/content/dam/mediacentre/images/jobads/2020/May/Job%20ads%20april.jpg",
          "content": "\n            ANZ Senior Economist, Catherine Birch, commented: \nThe solid rebound in ANZ Job Ads in June and July – which saw more than half the pandemic losses recovered – did not continue into August, with just a 1.6% m/m rise. \nWith Victoria accounting for more than 26% of the nation’s pre-pandemic employment, the Stage 4 restrictions in Melbourne and Stage 3 in regional Victoria have undoubtedly put the brakes on. Predictably, new SEEK job ads in Victoria have fallen; but SEEK also notes that the improvement in New South Wales ads has been sluggish compared with other parts of the country. This is consistent with weekly payroll data, which show Victorian jobs falling and New South Wales jobs coming to a standstill. \nWe expect outright falls in national employment in August and September. Q4 is also looking worrying, given the amount of fiscal support to workers, businesses and households scheduled to be withdrawn, particularly with Victoria only gradually emerging from lockdowns. Over the longer-term, we think that governments’ key focus for the economic recovery will be employment growth. This will require tens of billions of dollars of additional spending. \nDOWNLOAD PDF\n    ",
          "author": "Brittannie Edwards@/content/mediacentre/en/authors/brittannie-edwards",
          "favicon": "https://media.anz.com/etc/designs/mediacentre/favicon.ico",
          "source": "media.anz.com",
          "published": "",
          "ttr": 38
     }
}