{
     "Date": "30/03/2020",
     "Open": "",
     "High": "",
     "Low": "",
     "Close": "",
     "Adj Close": "",
     "Volume": "",
     "headLine": "ANZ welcomes additional industry support for businesses impacted by COVID-19",
     "link": "https://media.anz.com/posts/2020/03/anz-welcomes-additional-industry-support-for-businesses-impacted",
     "article": {
          "url": "https://media.anz.com/posts/2020/03/anz-welcomes-additional-industry-support-for-businesses-impacted",
          "title": "ANZ welcomes additional industry support for businesses impacted by COVID-19",
          "description": "ANZ today welcomed the introduction of additional industry-wide measures to help businesses impacted by the ongoing COVID-19 pandemic.",
          "links": [
               "https://media.anz.com/posts/2020/03/anz-welcomes-additional-industry-support-for-businesses-impacted"
          ],
          "image": "https://media.anz.com/content/dam/mediacentre/images/mediareleases/2018/March/ANZ%20logo%20outdoors.jpg",
          "content": "\n            The additional measures include the expansion of six month repayment deferrals to businesses with loans of up to $10 million, up from $3 million, covering 98% of Australian businesses.\nANZ Managing Director Commercial Banking, Isaac Rankin said this was another industry led initiative that would provide some relief to businesses, as well as their employees and tenants.\n“While ANZ’s original COVID-19 relief package already covered these larger businesses, we welcome this industry-wide initiative and hope it provides vital relief for these businesses and the Australians they employ in these challenging times. It will also provide a reprieve for the vast majority of commercial tenants.”\nImportantly, the measures also cover almost 90% of Australian commercial landlords, provided they undertake not to terminate leases or evict current tenants for rent arrears as a result of COVID19.\nThis will help thousands of small and medium businesses hibernate through this crisis. \nThe industry-wide measures announced today are subject to approval from the Australian Competition and Consumer Commission.\nDownload PDF\n    ",
          "author": "Nick Higginbottom@/content/mediacentre/en/authors/nick-higginbottom",
          "favicon": "https://media.anz.com/etc/designs/mediacentre/favicon.ico",
          "source": "media.anz.com",
          "published": "",
          "ttr": 33
     }
}