{
     "Date": "11/08/2019",
     "Open": "",
     "High": "",
     "Low": "",
     "Close": "",
     "Adj Close": "",
     "Volume": "",
     "headLine": "ANZ provides bushfire relief package for New South Wales",
     "link": "https://media.anz.com/posts/2019/11/anz-provides-bushfire-relief-package-for-new-south-wales",
     "article": {
          "url": "https://media.anz.com/posts/2019/11/anz-provides-bushfire-relief-package-for-new-south-wales",
          "title": "ANZ provides bushfire relief package for New South Wales",
          "description": "ANZ today made a financial relief package available for customers affected by fast-moving bushfires across central and northern New South Wales (NSW).",
          "links": [
               "https://media.anz.com/posts/2019/11/anz-provides-bushfire-relief-package-for-new-south-wales"
          ],
          "image": "https://media.anz.com/content/dam/mediacentre/images/mediareleases/2018/November/Bushfire.jpg",
          "content": "\n            It comes after ANZ in September made a relief package available for customers in northern NSW and southern Queensland that faced fierce bushfires. That relief package is still available.\nWhile the immediate focus should be on their safety, ANZ encouraged customers affected by the fires to contact the bank once they were able to so they could discuss how to access measures in the financial relief package, including:\n\nThe ability to suspend repayments on loans, including credit cards, for up to three months (which may include interest capitalisation)\nTemporary interest rate relief on lending for customers experiencing extreme financial distress in areas impacted by the fires\nWaiving of fees associated with restructuring business loans considered necessary due to bushfire impacts\nAccess to term deposits early without incurring any fees\nAssistance for affected customers with ANZ Home and Contents insurance as they may be eligible for measures such as emergency funds and temporary accommodation\n\nANZ General Manager Retail Banking Greater Sydney and ACT, Amanda Heath-Ogden said: “Dozens of fires remain uncontained at this stage and several areas have been advised to evacuate so these are extremely dangerous conditions for the residents and the firefighters.\n“We hope these relief measures help our customers with this confronting experience when the time is right for them to assess any damage and plan their recovery,” Ms Heath-Ogden said.\nWhen appropriate, ANZ’s customers affected by the bushfires are encouraged to visit their local branch if they are able, or to contact their relationship manager to discuss the impact on their business or personal circumstances.\nCustomers can also contact ANZ’s dedicated financial hardship team on 1800 149 549 or anz.com/hardship.\nTo lodge an insurance claim, customers can call 13 16 14 or visit anz.com/insuranceclaims\nDownload PDF\n    ",
          "author": "Nick Higginbottom@/content/mediacentre/en/authors/nick-higginbottom",
          "favicon": "https://media.anz.com/etc/designs/mediacentre/favicon.ico",
          "source": "media.anz.com",
          "published": "",
          "ttr": 58
     }
}