{
     "Date": "22/05/2018",
     "Open": "1.12",
     "High": "1.13",
     "Low": "1.12",
     "Close": "1.13",
     "Adj Close": "0.907471",
     "Volume": "473812",
     "headLine": "ANZ brings Apple Pay to leading Australian charities",
     "link": "https://media.anz.com/posts/2018/05/anz-brings-apple-pay-to-leading-australian-charities",
     "article": {
          "url": "https://media.anz.com/posts/2018/05/anz-brings-apple-pay-to-leading-australian-charities",
          "title": "ANZ brings Apple Pay to leading Australian charities",
          "description": "ANZ today announced that Donate with Apple Pay is available on the ‘Shout For Good’ fundraising platform, providing Australian charities with an easy and secure way to offer digital payments.",
          "links": [
               "https://media.anz.com/posts/2018/05/anz-brings-apple-pay-to-leading-australian-charities"
          ],
          "image": "https://media.anz.com/content/dam/mediacentre/images/mediareleases/2018/May/Donate%20with%20Apple%20Pay.jpg",
          "content": "\n            ANZ’s Shout For Good will include Apple Pay functionality within its iOS App and integrated charity web based products, enabling the supporters of more than 60 of its aligned charities to donate money instantly with one touch using Touch ID, or a double click of the side button and Face ID on iPhone X.\nCommenting on the launch, CEO Shout For Good Charlie Carpinteri said: “We know more people want to donate without cash, so we are always looking at innovative payment solutions to help our charity partners succeed in the digital age.\n“ANZ is excited to be the first fundraising platform to bring Apple Pay to Australian charities, as it will enable them to seamlessly update their fundraising efforts and accept cashless donations on their website through the Safari browser on Apple’s Mac computers, iPhones and iPads.”\nA recent ANZ-commissioned survey of 2,000 Australians revealed 43 percent of respondents would have donated to a charity but didn’t have cash on them at the time or the ability to donate with contactless payments. And 39 percent of them said they do not generally carry cash.\nThe survey also showed online security and privacy as two concerns people have when making online donations, with 69 percent of Australians worried about handing over their credit card details and 72 percent worried about the privacy of their personal information.\nCancer Council Australia will be one of the first to use the Donate with Apple Pay this week when it stages its Australia’s Biggest Morning Tea fundraising event on 24 May.\nProfessor Sanchia Aranda, Chief Executive of Cancer Council Australia said: “Digital giving plays a crucial role for Cancer Council in today’s increasingly cashless society. Innovative new solutions like Apple Pay make it easy for people to donate, helping to fund our vital work across cancer prevention, support, advocacy and research.\n“We are extremely excited to be the first charity in Australia to be using this new digital giving model.”\n \nApple Pay now offers Australians a fast, secure and convenient option in which to donate to charities, on the go and ‘in the moment’, through their mobile phone, or online. It eliminates the need to enter billing and contact info, create an account or fill out long forms to check out.\nMore than 60 of ANZ’s Shout For Good aligned charities will accept donations with Apple Pay, including:\n\nCancer Council Australia\nFightMND\nAustralian Red Cross\nSmiling Mind\nWorld Vision Australia\nSave The Children Australia\nGuide Dogs Victoria\nMovember Foundation\nThe Smith Family\nRSPCA Victoria\nStarlight Children’s Foundation Australia\n\nMore charities will add Donate with Apple Pay support in coming months.\nView PDF of the media release\n    \n    For media enquiries contact\n        \n        +61 403 936 262\n        Francesca Rizzo\n        +61 481-014224\n        \n",
          "author": "Nick Higginbottom@/content/mediacentre/en/authors/nick-higginbottom,Francesca Rizzo@/content/mediacentre/en/authors/Francesca-Rizzo",
          "favicon": "https://media.anz.com/etc/designs/mediacentre/favicon.ico",
          "source": "media.anz.com",
          "published": "",
          "ttr": 91
     }
}