{
     "Date": "12/01/2021",
     "Open": "2",
     "High": "2.02",
     "Low": "2",
     "Close": "2.02",
     "Adj Close": "1.806591",
     "Volume": "484199",
     "headLine": "Consumer confidence kicks off 2021 flat",
     "link": "https://media.anz.com/posts/2021/January/consumer-confidence-kicks-off-2021-flat",
     "article": {
          "url": "https://media.anz.com/posts/2021/January/consumer-confidence-kicks-off-2021-flat",
          "title": "Consumer confidence kicks off 2021 flat",
          "description": "\"For the third year in a row, consumer confidence has begun the year on a flat/downbeat note compared to the pre-Christmas level,\" ANZ Head of Australian Economics David Plank said. \"Given the Brisbane...",
          "links": [
               "https://media.anz.com/posts/2021/January/consumer-confidence-kicks-off-2021-flat"
          ],
          "image": "https://media.anz.com/content/dam/mediacentre/images/consumerconfidence/2018/August/Consumer%20Confidence%20Atm.JPG",
          "content": "\n            \"For the third year in a row, consumer confidence has begun the year on a flat/downbeat note compared to the pre-Christmas level,\" ANZ Head of Australian Economics David Plank said.\n\"Given the Brisbane lockdown and the widespread border closures, the effectively flat result for confidence might be seen as a reasonably good outcome. But confidence usually rises over the holiday period. Between 2009 and 2018, consumer confidence rose 3.3 per cent on average between the last survey of December and the first of January.\"\n\"In this context, the result for this survey should be viewed as soft. Interestingly, notwithstanding the short lockdown, confidence in Brisbane and rest of Queensland was up on the pre-Christmas week. On the other hand, confidence in New South Wales and Victoria declined, as borders closed.\"\nDOWNLOAD PDF\n    ",
          "author": "Phoebe O’Sullivan@/content/mediacentre/en/authors/phoebe-o_sullivan",
          "favicon": "https://media.anz.com/etc/designs/mediacentre/favicon.ico",
          "source": "media.anz.com",
          "published": "",
          "ttr": 27
     }
}