{
     "Date": "17/12/2019",
     "Open": "1.28",
     "High": "1.29",
     "Low": "1.28",
     "Close": "1.29",
     "Adj Close": "1.107559",
     "Volume": "62932",
     "headLine": "Consumer confidence pulls back",
     "link": "https://media.anz.com/posts/2019/12/consumer-confidence-pulls-back",
     "article": {
          "url": "https://media.anz.com/posts/2019/12/consumer-confidence-pulls-back",
          "title": "Consumer confidence pulls back",
          "description": "Confidence drops after two weeks of gains                Consumer confidence fell 0.9 per cent last week, primarily due to the 6.4 per cent fall seen in the ‘Time to buy a major household item’...",
          "links": [
               "https://media.anz.com/posts/2019/12/consumer-confidence-pulls-back"
          ],
          "image": "https://media.anz.com/content/dam/mediacentre/images/mediareleases/2019/January/ANZ%20Apple%20Pay.JPG",
          "content": "\n    \n\t\n\t\tConfidence drops after two weeks of gains\n\t\n\n    \n            Consumer confidence fell 0.9 per cent last week, primarily due to the 6.4 per cent fall seen in the ‘Time to buy a major household item’ sub-index.\nFinancial conditions were mixed with ‘current finances’ down by 1.5 per cent, while ‘future financial conditions’ gained 3.7 per cent.\nEconomic conditions were also mixed. ‘Current economic conditions’ rose 1.6 per cent, while ‘future economic conditions’ fell 1.2 per cent.\nThe four-week moving average of ‘inflation expectations’ was up 0.1 percentage point to 4.0 per cent.\n    \n    \n    \n\n    \n            \"Momentum fizzled out this week after two successive weekly gains,\" ANZ Head of Australian Economics, David Plank said. \"A delayed response to the soft GDP result and weak retail sales may be at work, as well as the news flow around bushfires and associated smoke haze.\"\n\"The weakness seen in the ‘time to buy a household item’ sub-index was almost enough to take it to its lowest level since the global financial crisis. It seems the turn in the housing market has not yet flowed through to sentiment around household items.\" \n\"We note consumer confidence is not the be all for financial condtions. The financial wellbeing of Australians is holding up better.\"\nDOWNLOAD PDF\n    \n\t\t\t\t\t\t\n\t\t\t\t\t\t",
          "author": "Phoebe O’Sullivan@/content/mediacentre/en/authors/phoebe-o_sullivan",
          "favicon": "https://media.anz.com/etc/designs/mediacentre/favicon.ico",
          "source": "media.anz.com",
          "published": "",
          "ttr": 41
     }
}