{
     "Date": "17/10/2019",
     "Open": "1.28",
     "High": "1.29",
     "Low": "1.27",
     "Close": "1.29",
     "Adj Close": "1.107559",
     "Volume": "350861",
     "headLine": "Update on OnePath P&I sale to IOOF",
     "link": "https://media.anz.com/posts/2019/10/update-on-onepath-p-i-sale-to-ioof",
     "article": {
          "url": "https://media.anz.com/posts/2019/10/update-on-onepath-p-i-sale-to-ioof",
          "title": "Update on OnePath P&I sale to IOOF",
          "description": "ANZ today announced it has agreed a revised price for the sale of its OnePath Pensions & Investments (OnePath P&I) business and Aligned Dealer Groups (ADGs) to IOOF Holdings Limited (IOOF) of $850 million, being a $125 million reduction from the original sale price of $975 million announced in October 2017.",
          "links": [
               "https://media.anz.com/posts/2019/10/update-on-onepath-p-i-sale-to-ioof"
          ],
          "image": "https://media.anz.com/content/dam/mediacentre/images/mediareleases/2018/May/Lex.jpg",
          "content": "\n            The new price of $850 million[1] includes ~$25 million that ANZ has already received for the sale of its ADGs in October 2018. The revised terms reflect changing market conditions and include lower overall warranty caps as well as some changes to the strategic alliance arrangements.\nANZ Group Executive Wealth, Alexis George said: “This sale remains consistent with our strategy to simplify our operations by focussing on retail and business banking in Australia and New Zealand, and Institutional Banking across the Asia Pacific region. While there has been a reduction in the sale price, there have been offsets included and it also provides certainty for our customers and staff.”\nSubject to APRA approval, ANZ expects the transaction to complete in the first quarter of calendar year 2020 and is expected to increase ANZ’s APRA CET1 capital ratio by ~20 basis points. The Independent Trustee (OnePath Custodians) and ANZ have both confirmed no objection to the transaction.\nThe sale agreement includes termination rights for both ANZ and IOOF if the remaining condition of APRA approval is not satisfied.\nANZ and IOOF have agreed to extend the relevant date in the agreement to 31 December 2019, with each party having certain rights to further extend this date up until 30 June 2020.\nDownload PDF\n[1] Subject to completion adjustments\n    \n    For media enquiries contact\n        \n        +61 409 655 551\n        Nick Higginbottom\n        +61 403 936 262\n        \n",
          "author": "Stephen Ries@/content/mediacentre/en/authors/stephen-ries,Nick Higginbottom@/content/mediacentre/en/authors/nick-higginbottom",
          "favicon": "https://media.anz.com/etc/designs/mediacentre/favicon.ico",
          "source": "media.anz.com",
          "published": "",
          "ttr": 47
     }
}