{
     "Date": "12/04/2018",
     "Open": "1.08",
     "High": "1.09",
     "Low": "1.07",
     "Close": "1.08",
     "Adj Close": "0.867317",
     "Volume": "121412",
     "headLine": "Consumer confidence: consumer sentiment continues to trend higher",
     "link": "https://media.anz.com/posts/2018/12/consumer-confidence--consumer-sentiment-continues-to-trend-highe",
     "article": {
          "url": "https://media.anz.com/posts/2018/12/consumer-confidence--consumer-sentiment-continues-to-trend-highe",
          "title": "Consumer confidence: consumer sentiment continues to trend higher",
          "description": "ANZ Senior Economist, Felicity Emmett, commented: “Consumer confidence continues to improve, rising 0.8% last week. The resilience of sentiment is encouraging given ongoing weakness in house prices. In our...",
          "links": [
               "https://media.anz.com/posts/2018/12/consumer-confidence--consumer-sentiment-continues-to-trend-highe"
          ],
          "image": "https://media.anz.com/content/dam/mediacentre/images/consumerconfidence/2018/August/Consumer%20Confidence%20Atm.JPG",
          "content": "\n            ANZ Senior Economist, Felicity Emmett, commented:\n“Consumer confidence continues to improve, rising 0.8% last week. The resilience of sentiment is encouraging given ongoing weakness in house prices. In our view this strength is being supported by the strong labour market. The recent fall in petrol prices is also probably helping to buttress confidence.\nThis week’s GDP and retail sales reports will reveal whether elevated consumer confidence has translated into strength in actual consumer spending. These indicators will be important to watch over coming months to determine if and how the downturn in house prices is feeding through into the real economy.”\nDownload PDF\n    \n    \n                ANZ-Roy Morgan Consumer Confidence\n        \n    \n\n    For media enquiries contact\n        \n        +61 2 8037 0571\n        Shaurya Mishra\n        +91 80 6795 3801\n        Francesca Rizzo\n        +61 481-014224\n        \n",
          "author": "Felicity Emmett@/content/mediacentre/en/authors/felicity-emmett,Shaurya Mishra@/content/mediacentre/en/authors/shaurya-mishra,Francesca Rizzo@/content/mediacentre/en/authors/Francesca-Rizzo",
          "favicon": "https://media.anz.com/etc/designs/mediacentre/favicon.ico",
          "source": "media.anz.com",
          "published": "",
          "ttr": 25
     }
}