{
     "Date": "28/05/2019",
     "Open": "1.06",
     "High": "1.06",
     "Low": "1.04",
     "Close": "1.05",
     "Adj Close": "0.880752",
     "Volume": "352417",
     "headLine": "Consumer confidence increases further",
     "link": "https://media.anz.com/posts/2019/05/consumer-confidence-increases-further",
     "article": {
          "url": "https://media.anz.com/posts/2019/05/consumer-confidence-increases-further",
          "title": "Consumer confidence increases further",
          "description": "• Confidence continues its rise, gaining 1.2 per cent last week. With the exception of ‘time to buy a household item’, which fell 2.9 per cent, all the sub-indices were positive. • Current financial...",
          "links": [
               "https://media.anz.com/posts/2019/05/consumer-confidence-increases-further"
          ],
          "image": "https://media.anz.com/content/dam/mediacentre/images/consumerconfidence/2018/August/Consumer%20Confidence%20Atm.JPG",
          "content": "\n    \n            • Confidence continues its rise, gaining 1.2 per cent last week. With the exception of ‘time to buy a household item’, which fell 2.9 per cent, all the sub-indices were positive.\n• Current financial conditions rose by 1.2 per cent, while future financial conditions were up 0.8 per cent. These two indices have risen for three consecutive weeks. The measure of current financial conditions is its highest since early February.\n• Current economic conditions rose 3.0 per cent while future economic conditions were up 4.5 per cent. \n• The four-week moving average for inflation expectations was stable at 4.1 per cent.\n    \n    \n\n    \n            “Consumers are upbeat about both their personal outlook and the economy in general,\" ANZ Head of Australian Economics, David Plank said.\n\"The prospect of lower interest rates and what appears to be a major sentiment shift on the housing market are likely drivers of the positive outlook. The gain comes despite negative developments in the global economy.\" \n\"While the four-week moving average for inflation expectations was unchanged at 4.1 per cent, the weekly reading dropped back under 4 per cent.\" \n\"This is the fifth sub-4 per cent reading since early March, an unprecedented run of low results for this survey.\"\nDOWNLOAD PDF\n    \n\t\t\t\t\t\t",
          "author": "Phoebe O’Sullivan@/content/mediacentre/en/authors/phoebe-o_sullivan",
          "favicon": "https://media.anz.com/etc/designs/mediacentre/favicon.ico",
          "source": "media.anz.com",
          "published": "",
          "ttr": 41
     }
}