{
     "Date": "13/02/2018",
     "Open": "1.13",
     "High": "1.13",
     "Low": "1.12",
     "Close": "1.12",
     "Adj Close": "0.874317",
     "Volume": "55023",
     "headLine": "Consumer confidence: wavers amidst market turbulence",
     "link": "https://media.anz.com/posts/2018/02/anz-roy-morgan-australian-consumer-confidence21",
     "article": {
          "url": "https://media.anz.com/posts/2018/02/anz-roy-morgan-australian-consumer-confidence21",
          "title": "Consumer confidence: wavers amidst market turbulence",
          "description": "ANZ-Roy Morgan Australian Consumer Confidence fell 2.6% last week to 119.5, retracing gains over the previous two weeks. ",
          "links": [
               "https://media.anz.com/posts/2018/02/anz-roy-morgan-australian-consumer-confidence21"
          ],
          "image": "https://media.anz.com/content/dam/mediacentre/images/consumerconfidence/2018/February/2018.2.13.png",
          "content": "\n            ANZ-Roy Morgan Australian Consumer Confidence fell 2.6% last week to 119.5, retracing gains over the previous two weeks. All subindices posted declines, though the ‘current economic conditions’ subindex was the main culprit.\n\nHouseholds’ sentiment towards current economic conditions dropped a sharp 6%, unwinding much of the 8.3% cumulative rise over the previous two weeks. Views towards future conditions slipped 0.7%, its second straight weekly fall.\n\nConsumers were also less optimistic about financial conditions this week. Views towards current and future conditions fell 2.6% and 1.8% respectively. In four week moving average terms, aggregate financial conditions sit at 116.0, down from their high of 118.5, two weeks ago.\n\nSentiment around the ‘time to buy a household item’ fell for the fourth straight week, slipping 1.9% to 136.9. Inflation expectations edged down to 4.4% on a four week basis.\nANZ’S HEAD OF AUSTRALIAN ECONOMICS, DAVID PLANK, COMMENTED:\n“Given the tumble that global and domestic equities took last week, it is unsurprising to see confidence falter. In particular, views around current economic conditions fell sharply last week, though they remain well above their long term average (113.2 vs 101.8).\nWhile overall sentiment has risen considerably since Q3 2017, much of it has been driven by an improvement in views towards economic conditions. In contrast, views towards financial conditions rose less sharply over the same period and have recently begun deteriorating. This likely reflects the lack of pass through (yet) to wages, despite strong employment growth. Together with moderating house prices and high levels of debt, household finances remain under pressure. On this front, Governor Lowe’s speech last week, which in our view effectively removed the prospect of a rate hike this year, should provide some comfort.”\nThe upcoming employment and wage numbers will likely set the tone for confidence over the coming weeks. Further financial market volatility may also have an impact.”\n\n\n    \n    \n                Insights\n        \n        \n                ANZ-Roy Morgan Consumer Confidence\n        \n    \n\n    For media enquiries contact\n        \n        +91 80 6795 3801\n        David Plank\n        +61 2 8037 0029\n        \n",
          "author": "Mustafa Arif@/content/mediacentre/en/authors/mustafa-arif,David Plank@/content/mediacentre/en/authors/david-plank",
          "favicon": "https://media.anz.com/etc/designs/mediacentre/favicon.ico",
          "source": "media.anz.com",
          "published": "",
          "ttr": 66
     }
}