{
     "Date": "2/12/2019",
     "Open": "1.24",
     "High": "1.24",
     "Low": "1.23",
     "Close": "1.24",
     "Adj Close": "1.064631",
     "Volume": "202231",
     "headLine": "ANZ comments on Fairfax Media story about property valuations data breach",
     "link": "https://media.anz.com/posts/2019/02/anz-comments-on-fairfax-media-story-about-property-valuations-da",
     "article": {
          "url": "https://media.anz.com/posts/2019/02/anz-comments-on-fairfax-media-story-about-property-valuations-da",
          "title": "ANZ comments on Fairfax Media story about property valuations data breach",
          "description": "ANZ today commented on a Fairfax Media story about a data breach related to an external Australian property valuer used by ANZ.",
          "links": [
               "https://media.anz.com/posts/2019/02/anz-comments-on-fairfax-media-story-about-property-valuations-da"
          ],
          "image": "https://media.anz.com/content/dam/mediacentre/images/mediareleases/2018/April/ANZ%20logo%20rural.jpg",
          "content": "\n            ANZ Chief Data Officer Emma Gray said: “ANZ is aware of this industry-wide incident.\n“We are currently undertaking investigations to understand specifically which ANZ customers may be affected and we will contact them directly to outline potential impacts and how we will support them.\n“At this stage we understand a very small percentage of our customers who had valuations undertaken between November 2015 and December 2018 are potentially impacted.\n“ANZ uses a range of property valuers and the organisation in question represents a very small portion of the valuations conducted. As a result of this incident ANZ has currently suspended use of the services of the valuation provider at the centre of the investigations. We have no reason to believe any of the other valuers ANZ uses are impacted by this incident.\n“ANZ takes its privacy obligations very seriously and we are extremely disappointed this incident has occurred. We are now firmly focussed on supporting our customers through this incident.”\nDownload PDF\n    ",
          "author": "Nick Higginbottom@/content/mediacentre/en/authors/nick-higginbottom",
          "favicon": "https://media.anz.com/etc/designs/mediacentre/favicon.ico",
          "source": "media.anz.com",
          "published": "",
          "ttr": 33
     }
}