{
     "Date": "3/06/2019",
     "Open": "",
     "High": "",
     "Low": "",
     "Close": "",
     "Adj Close": "",
     "Volume": "",
     "headLine": "Consumer confidence goes up a notch",
     "link": "https://media.anz.com/posts/2019/03/consumer-confidence-up-a-notch",
     "article": {
          "url": "https://media.anz.com/posts/2019/03/consumer-confidence-up-a-notch",
          "title": "Consumer confidence goes up a notch",
          "description": "ANZ’s Head of Australian Economics, David Plank, commented: “Confidence has been hovering around the same level for the last few weeks. A softening in the tension on US-China trade deals may have supported...",
          "links": [
               "https://media.anz.com/posts/2019/03/consumer-confidence-up-a-notch"
          ],
          "image": "https://media.anz.com/content/dam/bluenotes/images/articles/2018/March/BennettAgri_thumb.jpg",
          "content": "\n            ANZ’s Head of Australian Economics, David Plank, commented:\n“Confidence has been hovering around the same level for the last few weeks. A softening in the tension on US-China trade deals may have supported sentiment.\nDomestically, the numbers from the capex print were encouraging though they weren’t strong enough to offset some of the other indicators suggesting a soft GDP print for Q4.\nThere is a lot out this week, with the RBA statement and Q4 GDP report the most notable. There is some prospect Q4 GDP could be negative, which might be a blow to consumer sentiment in the week ahead.\nThe continued resilience in consumer confidence suggests the recent slowing in GDP growth has not yet impacted the labour market to a material extent. We think whether it does or not will be the key to the outlook and the stance of the RBA.\"\nDownlaod PDF\n    \n    \n                ANZ-Roy Morgan Consumer Confidence\n        \n    \n",
          "author": "Phoebe O’Sullivan@/content/mediacentre/en/authors/phoebe-o_sullivan",
          "favicon": "https://media.anz.com/etc/designs/mediacentre/favicon.ico",
          "source": "media.anz.com",
          "published": "",
          "ttr": 31
     }
}