{
     "Date": "23/06/2020",
     "Open": "1.42",
     "High": "1.43",
     "Low": "1.4",
     "Close": "1.41",
     "Adj Close": "1.238519",
     "Volume": "443240",
     "headLine": "Consumer confidence on pause",
     "link": "https://media.anz.com/posts/2020/06/consumer-confidence-on-pause",
     "article": {
          "url": "https://media.anz.com/posts/2020/06/consumer-confidence-on-pause",
          "title": "Consumer confidence on pause",
          "description": "Consumer confidence was unchanged last week, though softness was seen in three sub-indices compared to just one in the previous reading. ‘Current finances’ declined 1.7 per cent after rising for three...",
          "links": [
               "https://media.anz.com/posts/2020/06/consumer-confidence-on-pause"
          ],
          "image": "https://media.anz.com/content/dam/bluenotes/images/articles/2020/June/KallmanNPPA_thumb.jpg",
          "content": "\n    \n            Consumer confidence was unchanged last week, though softness was seen in three sub-indices compared to just one in the previous reading.\n‘Current finances’ declined 1.7 per cent after rising for three straight weeks, while ‘future finances’ fell 3.6 per cent.\nEconomic conditions were mixed, with ‘current economic conditions’ declining 1.6 per cent, while ‘future economic conditions’ rose by 2.7 per cent.\n‘Time to buy a household item’ rose by a healthy 4.1 per cent. The four-week moving average for ‘inflation expectations’ was stable at 3.2 per cent.\n    \n    \n\n    \n            \"Confidence held up despite weak labour market data and an increase in COVID-19 cases in Victoria,\" ANZ Head of Australian Economics David Plank said. \"Confidence has been steady since the end of May,\" \n\"Given the backdrop of disappointing news on the labour market and developments in Victoria, we think the result should be seen as encouraging.\" \n\"The consistent improvement in ‘time to buy a household item’ is in line with the ANZ-observed data indicating recovery in retail sales.\" \n\"This component has more than doubled from its historic low at the end of March, though it remains someway below its long-run average.\"\nDOWNLOAD PDF\n    \n\t\t\t\t\t\t",
          "author": "Phoebe O’Sullivan@/content/mediacentre/en/authors/phoebe-o_sullivan",
          "favicon": "https://media.anz.com/etc/designs/mediacentre/favicon.ico",
          "source": "media.anz.com",
          "published": "",
          "ttr": 38
     }
}