{
     "Date": "8/12/2020",
     "Open": "1.89",
     "High": "1.9",
     "Low": "1.85",
     "Close": "1.87",
     "Adj Close": "1.672438",
     "Volume": "639134",
     "headLine": "Consumer confidence slips",
     "link": "https://media.anz.com/posts/2020/12/consumer-confidence-slips",
     "article": {
          "url": "https://media.anz.com/posts/2020/12/consumer-confidence-slips",
          "title": "Consumer confidence slips",
          "description": "Consumer confidence ended the year on a downbeat note, as Sydney’s spike in COVID-19 cases saw confidence fall 2 per cent. Most subindices were lower, with the exception of ‘future financial...",
          "links": [
               "https://media.anz.com/posts/2020/12/consumer-confidence-slips"
          ],
          "image": "https://media.anz.com/content/dam/mediacentre/images/consumerconfidence/2018/August/Consumer%20Confidence%20Atm.JPG",
          "content": "\n    \n            Consumer confidence ended the year on a downbeat note, as Sydney’s spike in COVID-19 cases saw confidence fall 2 per cent. Most subindices were lower, with the exception of ‘future financial conditions’.\n‘Current financial conditions’ weakened 2.2 per cent while ‘future financial conditions’ bucked the overall trend and grew 0.9 per cent. ‘Current economic conditions’ deteriorated by 4.6 per cent, while ‘future economic conditions’ worsened by 3 per cent.\n‘Time to buy a major household item’ declined 1.4 per cent. The four-week moving average of ‘inflation expectations’ rose to 3.7 per cent, a level last seen in April.\n    \n    \n\n    \n            \"The emergence of a major COVID-19 cluster in Sydney has dampened consumers’ otherwise positive sentiment,\" ANZ Head of Australian Economics David Plank said. \"In Sydney, confidence was down 5.3 per cent in its sharpest weekly drop since July.\"\n\"In the rest of New South Wales, it moderated by 1.9 per cent. Confidence weakened in Victoria (down 2.9 per cent), along with Queensland and Northern Territory. The lockdown of the suburbs around Sydney’s northern beaches and the state border closures have reminded people that material downside risks remain.\"\n\"The ongoing trend of higher inflation expectations has the four-week moving average touching the level last seen in April. As we’ve noted, this lift is consistent with the likely bottom of inflation.\"\nDOWNLOAD PDF\n    \n\t\t\t\t\t\t",
          "author": "Phoebe O’Sullivan@/content/mediacentre/en/authors/phoebe-o_sullivan",
          "favicon": "https://media.anz.com/etc/designs/mediacentre/favicon.ico",
          "source": "media.anz.com",
          "published": "",
          "ttr": 44
     }
}