{
     "Date": "25/08/2021",
     "Open": "1.88",
     "High": "1.9",
     "Low": "1.85",
     "Close": "1.9",
     "Adj Close": "1.726647",
     "Volume": "268869",
     "headLine": "ANZ backs Government’s expanded recovery loan scheme for small and medium businesses",
     "link": "https://media.anz.com/posts/2021/august/anz-backs-governments-expanded-recovery-loan-scheme-for-small-an",
     "article": {
          "url": "https://media.anz.com/posts/2021/august/anz-backs-governments-expanded-recovery-loan-scheme-for-small-an",
          "title": "ANZ backs Government’s expanded recovery loan scheme for small and medium businesses",
          "description": "ANZ today reinforced its commitment to support small and medium sized businesses through the COVID-19 pandemic as it welcomed the Federal Government’s expanded recovery loan scheme.",
          "links": [
               "https://media.anz.com/posts/2021/august/anz-backs-governments-expanded-recovery-loan-scheme-for-small-an"
          ],
          "image": "https://media.anz.com/content/dam/mediacentre/images/mediareleases/2021/August/Cafe-generic.jpg",
          "content": "\n            Under the expanded scheme, eligible businesses no longer need to have received JobKeeper assistance during the March quarter, or to have been flood-affected.\nThe scheme continues to support eligible business that have been affected by the pandemic with a turnover of less than $250 million by providing access to loans of up to $5 million at historically low rates.         \nANZ Managing Director Commercial and Private Banking, Isaac Rankin said: “We are seeing the ongoing impacts of the pandemic continue to hit small and medium business in particular, so we fully support the Federal Government’s expansion of this important scheme.\n“This will mean a greater number of affected businesses that are doing it tough can access this support and ANZ stands ready to help our customers as soon as we have clarity on the expanded scheme’s rules,” Mr Rankin said.\nANZ continues to support our customers impacted by COVID-19 through a range of support and relief measures.\nAll customers who need assistance should contact ANZ to discuss their specific needs. More information, including contact details can be found at anz.com/covid-19\nDownload PDF\n    ",
          "author": "Nick Higginbottom@/content/mediacentre/en/authors/nick-higginbottom",
          "favicon": "https://media.anz.com/etc/designs/mediacentre/favicon.ico",
          "source": "media.anz.com",
          "published": "",
          "ttr": 37
     }
}