{
     "Date": "28/02/2018",
     "Open": "1.06",
     "High": "1.06",
     "Low": "1.05",
     "Close": "1.05",
     "Adj Close": "0.819672",
     "Volume": "1539572",
     "headLine": "Sir John Key to join ANZ Board",
     "link": "https://media.anz.com/posts/2018/02/sir-john-key-to-join-anz-board",
     "article": {
          "url": "https://media.anz.com/posts/2018/02/sir-john-key-to-join-anz-board",
          "title": "Sir John Key to join ANZ Board",
          "description": "The Chairman of Australia and New Zealand Banking Group Limited David Gonski AC today announced Rt Hon Sir John Key GNZM AC will join the ANZ Board effective immediately",
          "links": [
               "https://media.anz.com/posts/2018/02/sir-john-key-to-join-anz-board"
          ],
          "image": "https://media.anz.com/content/dam/mediacentre/images/mediareleases/ANZ_logo.png",
          "content": "\n            Sir John was New Zealand’s 38th Prime Minister serving from 2008 until 2016. After retiring from a distinguished career in politics, Sir John was appointed Chairman of ANZ’s New Zealand subsidiary in January after joining the Board in October 2017. \nCommenting on the appointment Mr Gonski said: “Following a successful international career in business and politics, Sir John has the ideal credentials to further strengthen ANZ’s Board. Our New Zealand business has already benefitted from his significant experience and I know he will make a valuable contribution to the ongoing success of the broader Group.” \nA graduate of the University of Canterbury in New Zealand, Sir John had a long international banking career in international finance primarily with Bankers Trust in New Zealand and Merrill Lynch in Singapore, London and Sydney. At Merrill Lynch he was Head of Global Foreign Exchange and a member of the Foreign Exchange Committee of the Federal Reserve Bank of New York. \nSir John was made a Knight Grand Companion of the New Zealand Order of Merit in the 2017 Queen’s Birthday Honours. He also received Australia’s highest honour, becoming a Companion of the Order of Australia for advancing the Australia-New Zealand bilateral relationship. \nSir John will stand for election as a Director at ANZ’s Annual General Meeting on 19 December 2018. \nView PDF\n    ",
          "author": "Stephen Ries@/content/mediacentre/en/authors/stephen-ries",
          "favicon": "https://media.anz.com/etc/designs/mediacentre/favicon.ico",
          "source": "media.anz.com",
          "published": "",
          "ttr": 44
     }
}