{
     "Date": "11/05/2021",
     "Open": "2.04",
     "High": "2.05",
     "Low": "1.99",
     "Close": "1.99",
     "Adj Close": "1.808436",
     "Volume": "67071",
     "headLine": "Consumer confidence eases",
     "link": "https://media.anz.com/posts/2021/may/consumer-confidence-inches-eases",
     "article": {
          "url": "https://media.anz.com/posts/2021/may/consumer-confidence-inches-eases",
          "title": "Consumer confidence eases",
          "description": "Confidence declined 1.0 per cent last week, mainly due to the COVID case registered in Sydney that was followed by precautionary restrictions in the area to prevent an outbreak. ‘Current financial conditions’...",
          "links": [
               "https://media.anz.com/posts/2021/may/consumer-confidence-inches-eases"
          ],
          "image": "https://media.anz.com/content/dam/mediacentre/images/consumerconfidence/2018/August/Consumer%20Confidence%20Aug.JPG",
          "content": "\n    \n            Confidence declined 1.0 per cent last week, mainly due to the COVID case registered in Sydney that was followed by precautionary restrictions in the area to prevent an outbreak.\n‘Current financial conditions’ declined 2.2 per cent, while ‘future financial conditions’ weakened 1.4 per cent.\n‘Current economic conditions’ gained 2.8 per cent with expectations of  ‘bad times’  falling to a record low stretching back over forty years. ‘Future economic conditions’ improved by 1.8 per cent.\n‘Time to buy a major household item’ fell, for the first time in five weeks, by 4.7 per cent. ‘Weekly inflation expectations’ rose 0.2ppt to 3.9 per cent, however, the four-week moving average remained unchanged at 3.8 per cent.\n    \n    \n\n    \n            \"The most notable thing from the latest survey is that the proportion of respondents expecting ‘bad times’ in ‘current economic conditions’ dropped to just 12 per cent, its lowest level in over forty years.\" ANZ Head of Australian Economics, David Plank said.\n\"This sharp improvement came about despite the 1 per cent fall in overall consumer confidence and points to positive sentiment about the near-term outlook being very widespread.\" \n\"The fall in overall confidence was not surprising given that Sydney recorded a mysterious case of COVID-19, and restrictions were imposed to prevent any further spread. As a result, confidence in Sydney took a hit of 7.6 per cent.\"\nDownload PDF\n    \n\t\t\t\t\t\t",
          "author": "Emma Mellow@/content/mediacentre/en/authors/emma-mellow",
          "favicon": "https://media.anz.com/etc/designs/mediacentre/favicon.ico",
          "source": "media.anz.com",
          "published": "",
          "ttr": 45
     }
}