{
     "Date": "19/12/2018",
     "Open": "0.98",
     "High": "1",
     "Low": "0.98",
     "Close": "0.99",
     "Adj Close": "0.805637",
     "Volume": "79389",
     "headLine": "ANZ 2018 Annual General Meeting Chairmanâ€™s Address",
     "link": "https://media.anz.com/posts/2018/12/anz-2018-annual-general-meeting-chairmans-address",
     "article": {
          "url": "https://media.anz.com/posts/2018/12/anz-2018-annual-general-meeting-chairmans-address",
          "title": "ANZ 2018 Annual General Meeting Chairman’s Address",
          "description": "Before we start the meeting, I acknowledge the Whadjuk Nyoongar people who are the traditional custodians of the land on which this meeting is taking place. We respect their spiritual relationship with their...",
          "links": [
               "https://media.anz.com/posts/2018/12/anz-2018-annual-general-meeting-chairmans-address"
          ],
          "image": "https://media.anz.com/content/dam/mediacentre/images/gallery/Executives/Full%20Year%20Result.jpg",
          "content": "\nBefore we start the meeting, I acknowledge the Whadjuk Nyoongar people who are the traditional custodians of the land on which this meeting is taking place.\nWe respect their spiritual relationship with their country and we pay respects to their elders past, present and emerging.\nI also extend that respect to other Aboriginal and Torres Strait Islander people joining us today.\nI would also like to say how wonderful it is to be in the beautiful city of Perth. \nWe have many Western Australian shareholders and customers and it is a real privilege for us to be able to hold our AGM here.\nIt is pleasing to note that the economy here is turning the corner reflecting the hard work of many Western Australians.\nIn fact, since we were last here for an Annual General Meeting in 2012, Iron Ore exports are up over 300 million tonne per year.\nTo put that into context, that is the equivalent of ten Sydney Harbour Bridges…per day.\nLNG exports are up more than 150%, which is the equivalent to China’s total annual LNG imports.\nThere are also over 2,500 new hotel rooms and Perth now has a direct flight to London…opening up new tourism opportunities for the State.\nI’ve also been told…you now have a truly world-class sporting stadium…and another AFL premiership.\nNow, as a quorum is present, I formally declare this Annual General Meeting of shareholders open.\nEARNING TRUST\nThis has been a confronting year for all of us at ANZ, including your Board.\nAs I am sure everybody here today is acutely aware, the Royal Commission has highlighted conduct by ANZ and the broader financial industry which is of a standard below what the community expects, and in some cases what the law requires.\nI want to assure you, we at ANZ, are not waiting for the Commission’s final report before taking action.\nWe acknowledged directly to the Commission the situations where we believe our conduct has not lived up to the standard expected of us. \nWe have taken steps to acknowledge accountability, including the reduction of executive remuneration, and we have sped up efforts to compensate customers.\nFor the future, we have accelerated efforts to simplify the operations of our Bank.\nThese structural changes were commenced some years ago and we believe.... leave us well placed to meet the challenges of the future. \nThe Commission’s interim report only strengthened our resolve to make ANZ simpler and better able to serve our customers.\nIt is not adequate to simply blame our failures on the complexities of being a large organisation, or on our systems and processes.\nIn the past we were at times too focussed on the short-term profit of the group, rather than the long-term sustainability of our relationships and our obligations to all our stakeholders.\nThe Board has spent considerable time reflecting on this, being clear that where we have failed we must apologise, learn from it, remediate it quickly and make sure it doesn’t happen again. \nWe have also resolved that while in the past we were too focussed on measuring our performance against our peers, it is now incumbent upon us to consider how our decisions impact the broader community and society more generally. \nIMPROVING CUSTOMER OUTCOMES\nYour Bank firmly believes our long-term viability depends on our ability to better balance the needs of all our stakeholders: community, customers, employees…and of course our shareholders.\nPart of getting that balance right is improving the way we identify and fix issues when we fail.\nThe Board views customer remediation within our Australian business as one of the main priorities for management during the next financial year.\nOur Customer Fairness Advisor, Colin Neave, who served as the Commonwealth Ombudsman before joining ANZ in 2016, has developed a set of remediation principles for the Group.\nThese five principles, which you can see on the screen behind me, guide the way we fix systemic errors, refund customers faster and, most importantly learn from our mistakes.\nWe have also established a Responsible Banking team with experts dedicated to resolving issues, as well as other teams who make sure our products remain suitable and that we lend responsibly.\nWhile we have made progress, if we are to re-earn the trust of our customers and the broader community, we need products and services that are simple, fair and responsible.\nJust this month we implemented changes to our credit cards in Australia, which seek to help minimise the damage caused by gambling.\nWhile this will impact revenue for that business, we know it is the right thing to do - even though gambling is not an issue for the majority of our customers.\nThis change was on top of our efforts to identify and help customers, particularly vulnerable customers with persistent credit card debt.\nWe also recognise how a bank rewards its people has been a matter of significant community debate.\nIn Australia we removed sales targets for branch staff.  \nI hope these changes give customers and shareholders confidence that we are focussed on doing the right thing by them at all times.\nGetting the balance right for all stakeholders also influenced our decision to exclude all home owners in drought declared regions of Australia from a recent interest rate increase.\n\nWe also extended direct support for farmers impacted by the drought with a 1% reduction in interest rates on loans in drought-declared areas, and by setting aside $130 million to help them re-plant and re-stock next season.\nAs a large organisation with an extensive supply chain, we also recognise our procurement activities have social, environmental and economic impacts.\nApart from minimising those impacts through our Supplier Code of Practice, this year we also became a signatory of the Business Council of Australia’s Supplier Payment Code.\nThis commits us to paying Australian small businesses within 30 days, helping small businesses grow by better managing their cash flow.\nPURPOSE\nAn important development this year for our Bank has been embedding right across the organisation a clear sense of our purpose: to shape a world where people and communities thrive.\nWe mean that. We are focussing our efforts where we can make the most significant difference: financial well-being, environmental sustainability and housing.\nWhile we know we have more to do, we have made good progress.\nFor example, home lending is clearly a central part of being a bank.\nWe recognise we can play a broader role in improving the affordability and availability of housing in Australia and New Zealand.\nIn fact, we now have a $1 billion target to help deliver around 3,200 more affordable, secure and sustainable homes to buy and rent.\nIn New Zealand, we pledged $100 million of interest-free loans to help our customers insulate their homes... because we know a lack of insulation causes significant health effects in many parts of that country.\nAs part of our efforts to improve the financial wellbeing of our customers, we want to help enable the social and economic participation of one million people by 2020.\nWe aim to achieve this through, for example, our savings and money management programs. I’m very pleased to report we are well on track to meet this target, currently reaching nearly 900,000 people.\nBUSINESS PERFORMANCE\nTurning now to our financial performance for the year.\nDespite difficult trading conditions, particularly in our Australian retail bank, the fundamentals of our business remain sound.\nWe recorded a statutory profit of $6.4 billion, which was broadly in line with our performance last year.\nIf you exclude the discontinued Wealth businesses, our continuing cash profit was down 4.7% to $6.5 billion.\nWe also paid nearly $2.8 billion in tax for the year, making ANZ one of the top-five tax payers in the country.\nThe progress of our transformation means we have been able to reduce the number of shares on issue by 67 million through share buy-backs - equivalent to $1.9 billion...while also maintaining our unquestionably strong capital position.\nAt the same time, we maintained a fully franked dividend of $1.60 per share in 2018, distributing $4.6 billion to our shareholders.\nYour Board is acutely aware that the majority of our shareholders want fully-franked dividends and this is at the forefront of our minds when making decisions about our dividend policy.\nWe have a track record of closely watching the right amount of capital we need to run our bank both safely and efficiently.\nAnd when we have excess capital, I believe we have shown we will take the appropriate action in the interests of all our shareholders. \nMANAGEMENT &amp; REMUNERATION\nThere has been, rightly, an intense focus on the remuneration of executives in large businesses this past year.\nWhile not confined solely to the Financial Services industry, we know there is a heightened community concern about how we reward our executives.\nThe Chair of our Human Resources Committee, Ilana Atlas, will talk more on our approach to compensation shortly, however it is appropriate I make some initial comments on the voting on our remuneration report.\nAt this stage, approximately 66% of the votes have been in favour of the report.   The Board would like to thank those shareholders for their support in what has been a difficult year..... however, this means that at this stage 34% have voted against and as a first strike occurs if 25% vote against we face a First Strike at this meeting. \nThe Board acknowledges the very real concerns of those who have voted against the report and I assure you we will continue to work hard in 2019 to ensure further alignment between compensation and shareholder interests.\nWe have been making changes to remuneration for some years, including significantly reducing the compensation paid across the Group.\nYou will also note in the annual report that accountability for our failures in recent years was reflected in what we paid our most senior people, including our Chief Executive Officer.\nThe Board has also acknowledged it shares some accountability. All existing non-executive directors will receive a 20% reduction in their fees next year and, in my case, a 20% reduction in my Chairman fee.\nWhile the Board does not receive variable remuneration, we believe this was the right thing to do given the impact the bank’s failings had on shareholders this year.\nBOARD RENEWAL\nBoard renewal has continued this year and in line with our constitution, both Lee Hsien Yang and Paula Dwyer have finished their current terms.\nHsien Yang will step down at the conclusion of this meeting, while Paula is standing for\nre-election.\nOn behalf of all shareholders, I thank Hsien Yang for his exemplary service to ANZ and to our Board over nearly ten years.\nHe has made an important contribution, particularly in his role chairing our Digital Business and Technology Committee... where his significant international experience has been a valuable asset for ANZ.\nHsien Yang brought a global perspective to the Board and I personally valued his friendship and advice over many years. Thank you, Hsien Yang.\nIn February, Sir John Key joined the board and is also putting himself forward for election today.\nWhile Sir John will introduce himself to you later in the meeting, he will be well-known to many having served with distinction for eight years as New Zealand’s 38th Prime Minister.\nSir John, who also chairs our New Zealand business, has had a long international banking career and it’s a privilege to have somebody with his experience join our Board.\nCONCLUSION\nLadies and gentlemen Australia is facing challenging conditions that will continue to impact our Australian Retail Bank.\nThe industry will also, of course, need to examine and respond to the recommendations from the Royal Commission.\nHowever, the Board believes we are well placed to navigate these challenges given the significant progress we have made in transforming our business.\nThe board and I are very grateful for all the hard work our people have done in a difficult year.\nI now invite our Chief Executive Shayne Elliott to give you an overview of the actions we are taking to meet the challenges the industry is facing.\nView PDF\n    \n    For media enquiries contact\n        \n        +61 409 655 551\n        Nick Higginbottom\n        +61 403 936 262\n        \n",
          "author": "Stephen Ries@/content/mediacentre/en/authors/stephen-ries,Nick Higginbottom@/content/mediacentre/en/authors/nick-higginbottom",
          "favicon": "https://media.anz.com/etc/designs/mediacentre/favicon.ico",
          "source": "media.anz.com",
          "published": "",
          "ttr": 406
     }
}