{
     "Date": "25/02/2020",
     "Open": "1.41",
     "High": "1.42",
     "Low": "1.36",
     "Close": "1.4",
     "Adj Close": "1.202003",
     "Volume": "151180",
     "headLine": "Consumer confidence slips on financial concerns",
     "link": "https://media.anz.com/posts/2020/02/consumer-confidence-slips-on-financial-concerns",
     "article": {
          "url": "https://media.anz.com/posts/2020/02/consumer-confidence-slips-on-financial-concerns",
          "title": "Consumer confidence slips on financial concerns",
          "description": "Consumer confidence declined 0.7 per cent last week, driven by weakness in financial conditions. ‘Current finances’ fell 4 per cent compared to the prior week, while ‘future finances’ declined 5.2 per cent -...",
          "links": [
               "https://media.anz.com/posts/2020/02/consumer-confidence-slips-on-financial-concerns"
          ],
          "image": "https://media.anz.com/content/dam/mediacentre/images/consumerconfidence/2018/August/Consumer%20Confidence%20Atm.JPG",
          "content": "\n    \n            Consumer confidence declined 0.7 per cent last week, driven by weakness in financial conditions.\n‘Current finances’ fell 4 per cent compared to the prior week, while ‘future finances’ declined 5.2 per cent - its second straight weekly loss.\nIn contrast to the weakness in financial conditions, confidence in economic conditions rose. ‘Current economic conditions’ gained 2.4 per cent, building on the strong rise of 6.5 per cent in the previous reading. ‘Future economic conditions’ rose 2.7 per cent.\n ‘Time to buy a major household item’ gained 1.7 per cent, after declining for two successive weeks. The four-week moving average for ‘inflation expectations’ was stable at 4 per cent.\n    \n    \n\n    \n            \"A sharp rise in unemployment and underemployment may explain the fall in ANZ Roy-Morgan Australian Consumer Confidence index last week. Overall confidence is up from its recent low, though still well below average,\" ANZ Head of Australian EconomicsDavid Plank said.\n\"The decline in confidence was due to weakness in the financial conditions subcomponent. It is possible news about rising labour market has slack has people concerned about their personal finances.\" \n\"Sentiment toward ‘current finances’ is down 7.5 per cent from its early January high, though still a touch above average.\" \n\"In contrast to the weakness in financial conditions, sentiment toward economic conditions was higher. It is still well below that on financial conditions however, although the gap between the two has narrowed.\"\nDownload PDF\n    \n\t\t\t\t\t\t",
          "author": "Phoebe O’Sullivan@/content/mediacentre/en/authors/phoebe-o_sullivan",
          "favicon": "https://media.anz.com/etc/designs/mediacentre/favicon.ico",
          "source": "media.anz.com",
          "published": "",
          "ttr": 47
     }
}