{
     "Date": "2/07/2021",
     "Open": "1.99",
     "High": "2",
     "Low": "1.98",
     "Close": "1.98",
     "Adj Close": "1.799348",
     "Volume": "632194",
     "headLine": "ANZ partners with Cashrewards to boost cashback payments to customers",
     "link": "https://media.anz.com/posts/2021/july/anz-partners-with-cashrewards-to-boost-cashback-payments-to-cust",
     "article": {
          "url": "https://media.anz.com/posts/2021/july/anz-partners-with-cashrewards-to-boost-cashback-payments-to-cust",
          "title": "ANZ partners with Cashrewards to boost cashback payments to customers ",
          "description": "Cashrewards credits members a percentage of what they spend when shopping, which can then be withdrawn as cash direct to their bank account. Under the CashrewardsMax partnership, eligible ANZ customers will...",
          "links": [
               "https://media.anz.com/posts/2021/july/anz-partners-with-cashrewards-to-boost-cashback-payments-to-cust"
          ],
          "image": "https://media.anz.com/content/dam/mediacentre/images/mediareleases/2021/June/shopping%20centre%20.jpg",
          "content": "\n            Cashrewards credits members a percentage of what they spend when shopping, which can then be withdrawn as cash direct to their bank account. Under the CashrewardsMax partnership, eligible ANZ customers will receive higher cashback offers, be paid sooner and access exclusive retail experiences. \nThe CashrewardsMax partnership launches in August and will be exclusive to ANZ consumer credit and debit card customers. ANZ bought a 19 per cent stake in Cashrewards in December 2020. \nANZ Group Executive for Data and Automation, Emma Gray said: “In the current low-interest-rate environment, our customers are looking for new ways to boost their savings. This partnership responds to that demand by rewarding customers for their current spending behaviour, meaning they can buy now, save now. \n“Our research has shown one of the most critical steps to improving financial wellbeing is creating a savings goal and CashrewardsMax will help our customers meet their financial goals sooner by topping up their savings accounts. \n“This partnership also opens the door for us to engage in a more personalised conversation with our customers about how they can use their savings in a smart way, which could be saving for a home or business, or paying down debt,” Ms Gray said.\nCashrewards Chief Executive Officer, Bernard Wilson said: “We are delighted to have achieved such a comprehensive agreement to both deliver CashrewardsMax and establish strong foundations for an enhanced long-term relationship with ANZ. \n“This is a key milestone in our strategy. We expect CashrewardsMax to help cement Cashrewards as Australia’s default cashback ecosystem and to accelerate our mission to grow the cashback category to match the size of similar international markets,” Mr Wilson said. \nFounded in 2014, Cashrewards has around one million customers and partners with more than 1,700 merchants including Apple, Myer, Liquorland, Adidas, Bonds, Target, Booking.com and The Iconic.\nDOWNLOAD PDF\n    ",
          "author": "Brett Foley @/content/mediacentre/en/authors/brett-foley",
          "favicon": "https://media.anz.com/etc/designs/mediacentre/favicon.ico",
          "source": "media.anz.com",
          "published": "",
          "ttr": 61
     }
}