{
     "Date": "7/03/2020",
     "Open": "",
     "High": "",
     "Low": "",
     "Close": "",
     "Adj Close": "",
     "Volume": "",
     "headLine": "ANZ Key Dates Second Half Financial Year 2020",
     "link": "https://media.anz.com/posts/2020/06/anz-key-dates-second-half-financial-year-2020-",
     "article": {
          "url": "https://media.anz.com/posts/2020/06/anz-key-dates-second-half-financial-year-2020-",
          "title": "ANZ Key Dates Second Half Financial Year 2020 ",
          "description": "For shareholder reference the key dates for the second half of financial year 2020 are detailed below.                Third Quarter to 30 June APS330 Pillar 3 disclosure and Trading Update Conference Call...",
          "links": [
               "https://media.anz.com/posts/2020/06/anz-key-dates-second-half-financial-year-2020-"
          ],
          "image": "https://media.anz.com/content/dam/mediacentre/images/mediareleases/2018/March/ASX.jpg",
          "content": "\n    \n    For shareholder reference the key dates for the second half of financial year 2020 are detailed below.\n\n    \n            \nThird Quarter to 30 June APS330 Pillar 3 disclosure and Trading Update\nConference Call /Audiocast 09.00 am\n\nWednesday, 19 August 2020\n\nAnnual ESG Presentation\nWebcast/Audiocast 12.00pm\n\nMonday, 7 September 2020\n\nThe ESG Presentation will be available to view live and via replay, accessible via the ANZ website anz.com/shareholder/centre\n\nFull Year Results Announcement\nInvestor presentation 10.00 am\n\nThursday, 29 October 2020\n\nThe Full Year 2020 financial results investor briefing will be available to view live and via replay as a webcast and audiocast, accessible via the ANZ website anz.com/shareholder/centre\n\nAnnual General Meeting\n\nWednesday, 16 Dec 2020\n\n\nGiven the various Covid 19 restrictions and associated safety requirements, ANZ will conduct a Virtual AGM. We will provide shareholders with additional information later in the year.\n\n\nDownload PDF\n    \n\t\t\t\t\t\t",
          "author": "Nick Higginbottom@/content/mediacentre/en/authors/nick-higginbottom",
          "favicon": "https://media.anz.com/etc/designs/mediacentre/favicon.ico",
          "source": "media.anz.com",
          "published": "",
          "ttr": 29
     }
}