{
     "Date": "27/08/2020",
     "Open": "1.68",
     "High": "1.69",
     "Low": "1.68",
     "Close": "1.69",
     "Adj Close": "1.484467",
     "Volume": "74437",
     "headLine": "Paul O’Sullivan to succeed David Gonski as ANZ Chairman",
     "link": "https://media.anz.com/posts/2020/08/paul-o_sullivan-to-succeed-david-gonski-as-anz-chairman",
     "article": {
          "url": "https://media.anz.com/posts/2020/08/paul-o_sullivan-to-succeed-david-gonski-as-anz-chairman",
          "title": "Paul O’Sullivan to succeed David Gonski as ANZ Chairman",
          "description": "The Board of ANZ today announced Paul O’Sullivan will succeed David Gonski as the Group’s Chairman at the finalisation of the full year results on 28 October 2020 and follows Mr Gonski’s decision to retire from the Board after serving as Chairman for the last six and half years.",
          "links": [
               "https://media.anz.com/posts/2020/08/paul-o_sullivan-to-succeed-david-gonski-as-anz-chairman"
          ],
          "image": "https://media.anz.com/content/dam/mediacentre/images/mediareleases/2020/August/David-Gonski-2020.jpg",
          "content": "\n            Mr Gonski was a member of the ANZ Board between February 2002 and June 2007. He returned to the Board as Chairman in 2014 and has now served with distinction as a Non-Executive Director for more than 11 years.\nMr Gonski said: “It has been an honour to work with my fellow directors and the management team on delivering the best possible outcomes for our customers and shareholders. ANZ has a long history as one of Australia’s leading international companies and my time here will remain a key highlight of my corporate career.\n“I feel it’s the right time to hand over the reins. We have in place an experienced, diverse and talented management team as well as having made significant progress on our ambitions to simplify and improve our operations. Importantly, we have also taken steps to improve the governance around matters impacting our reputation, including the now well-established EESG[1] Board committee.\n“One of the things I’m most proud of is assembling an incredibly talented leadership team, led by our Chief Executive Shayne Elliott, and supported by almost 40,000 people who are doing an outstanding job for their customers.\n“I’m delighted Paul has agreed to succeed me as Chairman. Paul is an outstanding director who has already made a strong contribution to ANZ and I’m confident he will do an excellent job leading the Board as we continue to work for the benefit of our shareholders,” Mr Gonski said.\n    ",
          "author": "Stephen Ries@/content/mediacentre/en/authors/stephen-ries",
          "favicon": "https://media.anz.com/etc/designs/mediacentre/favicon.ico",
          "source": "media.anz.com",
          "published": "",
          "ttr": 48
     }
}