{
     "Date": "6/04/2021",
     "Open": "2.1",
     "High": "2.11",
     "Low": "2.07",
     "Close": "2.09",
     "Adj Close": "1.899312",
     "Volume": "134193",
     "headLine": "ANZ Job Ads hits 12-year high",
     "link": "https://media.anz.com/posts/2021/april/anz-job-ads-hits-12-year-high",
     "article": {
          "url": "https://media.anz.com/posts/2021/april/anz-job-ads-hits-12-year-high",
          "title": "ANZ Job Ads hits 12-year high",
          "description": "ANZ Senior Economist, Catherine Birch, commented: Six months ago, our view was that ANZ Job Ads would need to sustain levels materially higher than pre-pandemic in order to entrench the labour...",
          "links": [
               "https://media.anz.com/posts/2021/april/anz-job-ads-hits-12-year-high"
          ],
          "image": "https://media.anz.com/content/dam/mediacentre/images/jobads/2020/August/job%20ads.jpg",
          "content": "\n            ANZ Senior Economist, Catherine Birch, commented:\nSix months ago, our view was that ANZ Job Ads would need to sustain levels materially higher than pre-pandemic in order to entrench the labour market recovery. ANZ Job Ads has done better than that, now 23% above its pre-COVID level and at a 12-year high. This strength has been reflected in the labour market, with employment close to a record high in February.\nABS job vacancies also increased a further 13.7% q/q in February, to be up 26.8% on the pre-pandemic level (Figure 3). This gives us further confidence that the impact of the end of JobKeeper will be smaller than previously feared.\nOf the 1.1 million workers that Treasury estimates were still receiving the JobKeeper payment in Q1, we estimate that 100,000-150,000 people will lose employment, equivalent to 0.8-1.2% of the current workforce. But we think net employment losses will be smaller, as growing labour demand elsewhere should mean many workers find a new job relatively quickly. While we expect a temporary rise in the unemployment rate in Q2, we think it will resume its rapid downward trajectory in H2 2021.\nInevitably though, there will be some people who struggle to find work post-JobKeeper, ending up unemployed and on the lower JobSeeker payment. Workers in exposed industries, who may not have the skills or experience to work in other growing industries, low to middle income workers and young people will be most at risk.\nDOWNLOAD PDF\n    ",
          "author": "Emma Mellow@/content/mediacentre/en/authors/emma-mellow",
          "favicon": "https://media.anz.com/etc/designs/mediacentre/favicon.ico",
          "source": "media.anz.com",
          "published": "",
          "ttr": 49
     }
}