{
     "Date": "7/07/2021",
     "Open": "2.02",
     "High": "2.05",
     "Low": "2",
     "Close": "2",
     "Adj Close": "1.817524",
     "Volume": "237705",
     "headLine": "Financial Wellbeing of Australians is on its way to recovery",
     "link": "https://media.anz.com/posts/2021/july/financial-wellbeing-of-australians-is-on-its-way-to-recovery",
     "article": {
          "url": "https://media.anz.com/posts/2021/july/financial-wellbeing-of-australians-is-on-its-way-to-recovery",
          "title": "Financial Wellbeing of Australians is on its way to recovery",
          "description": "New research released today showed that there were small signs of recovery in the Financial Wellbeing of Australians since the initial effects of the COVID-19 pandemic. ",
          "links": [
               "https://media.anz.com/posts/2021/july/financial-wellbeing-of-australians-is-on-its-way-to-recovery"
          ],
          "image": "https://media.anz.com/content/dam/bluenotes/images/articles/2021/July/ANZ-Financial-Wellbeing-Quarterly-Report-June-2021-Image-Banner....jpg",
          "content": "\n            The ANZ Roy Morgan Financial Wellbeing Indicator found that during the month of March 2021, financial wellbeing reached its highest spot score since the pandemic began (59.0 out of 100), indicating that the financial wellbeing of Australians is on its way to recovery.\nThis update draws on a full 12 months of financial wellbeing data, from April 2020 to March 2021.  The update illustrates how things have changed for Australians and the many continuing effects, particularly for more vulnerable groups in the community.\nANZ Roy Morgan Financial Wellbeing Indicator key findings (April 2020 to March 2021):\n\nThe financial wellbeing of Australians declined, from 60.7 (out of 100) in March 2020 to 57.5 in March 2021. However, in the month of March 2021, financial wellbeing reached its highest spot score since pre-COVID-19 (59.0 out of 100), indicating that at an aggregate level that financial wellbeing is recovering.\nWe saw the impact on financial wellbeing has led to the increase in size of both the ‘Struggling’ and ‘Getting By’ segments while the ’No Worries’ segment has shrunk substantially.\nThe biggest decline in a segment was in the ‘Feeling Comfortable’ segment, down 8.2% year-on-year, from 56.0 to 51.4 out of 100.\nAll states and territories recorded lower scores in overall financial wellbeing, with the largest decline being in Victoria (down 7.4%), with WA experiencing the smallest decline in financial wellbeing (down 1.5%).\n\nThe ANZ Roy Morgan Financial Wellbeing Indicator is based on the Roy Morgan Single Source survey of approximately 50,000 Australians annually that assesses financial behaviours as well as the psychological, social and economic factors that contribute to financial wellbeing.\nRead the ANZ Roy Morgan Financial Wellbeing Indicator report here.\n    \n    \n                Media Release\n        \n        \n                Economic reports\n        \n    \n",
          "author": "Francesca Rizzo@/content/mediacentre/en/authors/Francesca-Rizzo",
          "favicon": "https://media.anz.com/etc/designs/mediacentre/favicon.ico",
          "source": "media.anz.com",
          "published": "",
          "ttr": 57
     }
}