{
     "Date": "26/11/2019",
     "Open": "1.24",
     "High": "1.24",
     "Low": "1.23",
     "Close": "1.24",
     "Adj Close": "1.064631",
     "Volume": "146675",
     "headLine": "Consumer confidence drops to four-year low",
     "link": "https://media.anz.com/posts/2019/11/confidence-drops-to-four-year-low",
     "article": {
          "url": "https://media.anz.com/posts/2019/11/confidence-drops-to-four-year-low",
          "title": "Consumer confidence drops to four-year low",
          "description": "The ANZ-Roy Morgan Australian Consumer Confidence index has continued its losing streak, falling 2.8 per cent last week to its lowest level in more than four years. Weakness is across the board. Current...",
          "links": [
               "https://media.anz.com/posts/2019/11/confidence-drops-to-four-year-low"
          ],
          "image": "https://media.anz.com/content/dam/mediacentre/images/consumerconfidence/2018/August/Consumer%20Confidence%20Aug.JPG",
          "content": "\n    \n            The ANZ-Roy Morgan Australian Consumer Confidence index has continued its losing streak, falling 2.8 per cent last week to its lowest level in more than four years. Weakness is across the board.\nCurrent financial conditions fell 0.1 per cent, while future financial conditions plunge 4.4 per cent. Current financial conditions are still above average but future conditions are now below.\nCurrent economic conditions fell by 1.3 per cent last week to a four-year low, while future economic conditions declined 4.6 per cent and are now at an all-time low.\nThe ‘time to buy a household item’ was also at a multi-year low, falling 3.3 per cent. The four-week moving average of inflation expectations was stable at 3.9 per cent.\n    \n    \n\n    \n            \"Spurred by weakness in economic conditions and the ‘time to buy a household item’ sub-index, overall consumer confidence fell further and is now at its lowest level in more than four years,\" ANZ Head of Australian Economics David Plank said.\n\"The weakness continues to be driven by a very pessimistic economic outlook. Indeed, consumer views on the future economic outlook are now at their lowest in the history of the survey.\"\n\"This now seems to be impacting sentiment toward consumers’ own finances, with future expectations of financial conditions now below average.\"\n\"Consumers are much happier about their current financial conditions but it will be difficult for this to dominate such negative expectations about the economic outlook.\"\nDownload PDF\n    \n\t\t\t\t\t\t",
          "author": "Phoebe O’Sullivan@/content/mediacentre/en/authors/phoebe-o_sullivan",
          "favicon": "https://media.anz.com/etc/designs/mediacentre/favicon.ico",
          "source": "media.anz.com",
          "published": "",
          "ttr": 48
     }
}