{
     "Date": "18/12/2018",
     "Open": "1.01",
     "High": "1.02",
     "Low": "0.98",
     "Close": "0.98",
     "Adj Close": "0.797499",
     "Volume": "155794",
     "headLine": "Consumer confidence: steady to the end of the year",
     "link": "https://media.anz.com/posts/2018/12/consumer-confidence--steady-to-the-end-of-the-year",
     "article": {
          "url": "https://media.anz.com/posts/2018/12/consumer-confidence--steady-to-the-end-of-the-year",
          "title": "Consumer confidence: steady to the end of the year",
          "description": "ANZ’s Head of Australian Economics, David Plank, commented: “Consumer sentiment was basically unchanged over the past week. The upward movement in the “time to buy a household item” was a good sign...",
          "links": [
               "https://media.anz.com/posts/2018/12/consumer-confidence--steady-to-the-end-of-the-year"
          ],
          "image": "https://media.anz.com/content/dam/mediacentre/images/consumerconfidence/2018/August/Consumer%20Confidence%20Atm.JPG",
          "content": "\n            ANZ’s Head of Australian Economics, David Plank, commented:\n“Consumer sentiment was basically unchanged over the past week. The upward movement in the “time to buy a household item” was a good sign considering the holiday season, though still below its long-run average. In this final survey for the year, consumer sentiment finished well above average, though below the highs of earlier in the year. It is a touch higher than at the end of 2017. Not a bad outcome, given that households have faced a barrage of negative news in recent months about the state of the housing market and what it might mean for the economy. It seems there are sufficient offsets to this news; among them, a still robust labour market. The November employment report on Thursday will tell us just how robust, though we always caution against reading too much into what can be a volatile data series.”\nDownload the PDF\n    ",
          "author": "Shaurya Mishra@/content/mediacentre/en/authors/shaurya-mishra,David Plank@/content/mediacentre/en/authors/david-plank,Francesca Rizzo@/content/mediacentre/en/authors/Francesca-Rizzo",
          "favicon": "https://media.anz.com/etc/designs/mediacentre/favicon.ico",
          "source": "media.anz.com",
          "published": "",
          "ttr": 31
     }
}