{
     "Date": "29/06/2021",
     "Open": "2",
     "High": "2.01",
     "Low": "2",
     "Close": "2",
     "Adj Close": "1.817524",
     "Volume": "1106386",
     "headLine": "Consumer confidence slight fall",
     "link": "https://media.anz.com/posts/2021/June/consumer-confidence-slight-fall",
     "article": {
          "url": "https://media.anz.com/posts/2021/June/consumer-confidence-slight-fall",
          "title": "Consumer confidence slight fall",
          "description": "Consumer confidence remained almost steady last week with a fall of only 0.2 per cent. The index likely did not fully capture the impact of all the various restrictions and lockdowns imposed across the...",
          "links": [
               "https://media.anz.com/posts/2021/June/consumer-confidence-slight-fall"
          ],
          "image": "https://media.anz.com/content/dam/mediacentre/images/consumerconfidence/2018/August/Consumer%20Confidence%20Aug.JPG",
          "content": "\n    \n            Consumer confidence remained almost steady last week with a fall of only 0.2 per cent. The index likely did not fully capture the impact of all the various restrictions and lockdowns imposed across the states, as most of the survey was completed before the news was released.\n‘Current financial conditions’ softened 1.3 per cent, while ‘future financial conditions’ gained 1.4 per cent.\n‘Current economic conditions’ declined 3.4 per cent, while ‘future economic conditions’ lost 1.7 per cent.\n‘Time to buy a major household item’ rose 3.5 per cent. ‘Weekly inflation expectations’ fell by 0.1ppt to 4.1 per cent, however the four-week moving average increased by 0.1ppt to 4.1 per cent.\n    \n    \n\n    \n            \"Headline consumer confidence barely moved last week, dropping only 0.2 per cent from the week before. With new COVID-19 cases rising quite rapidly in NSW over the week, confidence in Sydney fell 4.6 per cent, while in regional NSW it fell 6.6 per cent.\" ANZ Senior Economist, Felicity Emmett said.\n\"The impact of this was largely offset by ongoing recovery in confidence in Melbourne and further gains in confidence elsewhere.\"\n\"Recent experience suggests sentiment will respond to case numbers and lockdown measures in the coming weeks: if case numbers remain high, confidence is likely to deteriorate, but if they come back under control quickly and restrictions look likely to be short-lived sentiment is likely to rebound.\"\nDownload PDF\n    \n\t\t\t\t\t\t",
          "author": "Emma Mellow@/content/mediacentre/en/authors/emma-mellow",
          "favicon": "https://media.anz.com/etc/designs/mediacentre/favicon.ico",
          "source": "media.anz.com",
          "published": "",
          "ttr": 46
     }
}