{
     "Date": "15/12/2020",
     "Open": "1.9",
     "High": "1.9",
     "Low": "1.88",
     "Close": "1.9",
     "Adj Close": "1.699268",
     "Volume": "361913",
     "headLine": "ANZ enters joint-venture with Worldline to provide leading payments technology and merchant services in Australia",
     "link": "https://media.anz.com/posts/2020/12/anz-enters-joint-venture-with-worldline-to-provide-australian-bu",
     "article": {
          "url": "https://media.anz.com/posts/2020/12/anz-enters-joint-venture-with-worldline-to-provide-australian-bu",
          "title": "ANZ enters joint-venture with Worldline to provide Australian business with latest payments technology",
          "description": "Worldline is the largest European player in payment services with a presence in 50 countries. It currently provides acquiring, payment processing, point-of-sale and other payment solutions to one million...",
          "links": [
               "https://media.anz.com/posts/2020/12/anz-enters-joint-venture-with-worldline-to-provide-australian-bu"
          ],
          "image": "https://media.anz.com/content/dam/mediacentre/images/mediareleases/2020/December/Marco%20-%20GettyImages-521796134.jpg",
          "content": "\n            Worldline is the largest European player in payment services with a presence in 50 countries. It currently provides acquiring, payment processing, point-of-sale and other payment solutions to one million merchants and 1,200 banks and financial institutions globally.\nANZ Group Executive Australia Retail and Commercial, Mark Hand said: “We have a proven track-record of partnering with global leaders in specialist fields if it means providing a better service to our customers.\n“Receiving fast and secure payments is key to running a successful business and this partnership will provide our customers with access to some of the most advanced payments technology currently available, as well as future innovations, to improve the speed and security of point-of-sale and online payments.\n“The partnership also responds to the fast-changing way that consumers want to pay for goods and services, particularly in a post-COVID environment,” Mr Hand said.\nWorldline Chairman and Chief Executive Officer, Gilles Grapinet said: “The strategic alliance with ANZ is a landmark transaction for Worldline.\n“In a rapidly changing industry Worldline will be at ANZ’s side to leverage focused technical capabilities to provide the best customer proposition and user experience across all segments. Our long-term and exclusive joint venture is based on our shared vision to deliver value added merchant acquiring products and services in Australia.\n“Worldline continues on its growth path, and after the successful closing of Ingenico, the alliance with ANZ is a major step to expanding our footprint outside Europe. I look forward to combining Worldline’s global scale and best-in-class technologies with ANZ’s vast banking footprint and expertise to support our customers, wherever they may operate,” Mr Grapinet said.\nThe joint venture arrangement involves ANZ and Worldline forming a newly created merchant acquiring group, with ANZ and Worldline holding a 49% and 51% interest respectively. \nANZ estimates completion of the transaction will increase its Level 2 CET1 capital ratio by ~5 basis points1. The transaction is expected to be completed in late 2021 and is subject to regulatory and other approvals and card scheme arrangements.\n    \n    For media enquiries contact\n        \n        +61 403 936 262\n        Brett Foley \n        +61 466 670 880 \n        \n",
          "author": ",Nick Higginbottom@/content/mediacentre/en/authors/nick-higginbottom,Brett Foley @/content/mediacentre/en/authors/brett-foley",
          "favicon": "https://media.anz.com/etc/designs/mediacentre/favicon.ico",
          "source": "media.anz.com",
          "published": "",
          "ttr": 70
     }
}