{
     "Date": "13/12/2018",
     "Open": "1",
     "High": "1",
     "Low": "0.99",
     "Close": "1",
     "Adj Close": "0.813775",
     "Volume": "96146",
     "headLine": "ANZ appointed banking provider for NSW Government",
     "link": "https://media.anz.com/posts/2018/12/anz-appointed-banking-provider-for-nsw-government",
     "article": {
          "url": "https://media.anz.com/posts/2018/12/anz-appointed-banking-provider-for-nsw-government",
          "title": "ANZ appointed banking provider for NSW Government",
          "description": "ANZ today confirmed it has been appointed as one of two providers of core-banking services for the New South Wales Government.",
          "links": [
               "https://media.anz.com/posts/2018/12/anz-appointed-banking-provider-for-nsw-government"
          ],
          "image": "https://media.anz.com/content/dam/mediacentre/images/mediareleases/2018/December/DominoBridge_Thumb.jpg",
          "content": "\n            Under the agreement, ANZ will deliver services across cash management, payments, merchant acquiring and cross-border banking requirements from 1 April, 2019. These services will be divided between ANZ and Westpac, the incumbent bank.\n \nANZ Group Executive Institutional, Mark Whelan, said: “We’re very proud to be partnering with the NSW government as it looks to transform the way frontline services are delivered to its citizens. This partnership goes beyond a traditional banking relationship and reflects our strong alignment on both innovation and community purpose, as well as our commitment to delivering seamless payment experiences to the people and businesses of NSW.”\n \nANZ has also been named as an innovation partner to the NSW Government, a partnership which will leverage the bank’s market-leading capability and experience in data analytics, agile ways of working, human-centred design, digital and payments.\nANZ Group Executive Digital Banking, Maile Carnegie, said: “Like banks, governments are facing changing expectations from their citizens and need to respond in a way that’s intuitive, flexible and innovative. The NSW Government is progressive in its thinking and we’re confident this partnership will draw upon our experience and expertise in digital banking and transformations to help drive that vision for the future.”\nThe contract is for three years with options to extend.\nView PDF\nFor media enquiries contact:\nPhoebe O’Sullivan; +61 466 533 682\n    ",
          "author": "Phoebe O’Sullivan@/content/mediacentre/en/authors/phoebe-o_sullivan",
          "favicon": "https://media.anz.com/etc/designs/mediacentre/favicon.ico",
          "source": "media.anz.com",
          "published": "",
          "ttr": 45
     }
}