{
     "Date": "30/04/2021",
     "Open": "2.08",
     "High": "2.09",
     "Low": "2.05",
     "Close": "2.07",
     "Adj Close": "1.881137",
     "Volume": "59225",
     "headLine": "Update on large/notable items in 1H21 results",
     "link": "https://media.anz.com/posts/2021/april/update-on-large-notable-items-in-1h21-results",
     "article": {
          "url": "https://media.anz.com/posts/2021/april/update-on-large-notable-items-in-1h21-results",
          "title": "Update on large/notable items in 1H21 results",
          "description": "ANZ today announced its first half 2021 Cash Profit will be impacted by a number of large/notable items:                    ANZ today announced its first half 2021 Cash Profit will be impacted by a number...",
          "links": [
               "https://media.anz.com/posts/2021/april/update-on-large-notable-items-in-1h21-results"
          ],
          "image": "https://media.anz.com/content/dam/mediacentre/images/mediareleases/2018/March/ASX.jpg",
          "content": "\n    \n    ANZ today announced its first half 2021 Cash Profit will be impacted by a number of large/notable items:\n\n    \n    \n            ANZ today announced its first half 2021 Cash Profit will be impacted by a number of large/notable items:\n\n$135m (after tax) of equity accounted losses from AMMB Holding Berhad (‘AmBank') relating to goodwill impairment recognised by AmBank at 31 March 2021 (no impact on ANZ’s Common Equity Tier 1 ‘CET1’ capital).\n$251m (after tax) relating to the write-down of goodwill attributable to the ANZ Share Investing business[1] as a result of that business being reclassified as held-for-sale, reflecting a continuation of the bank’s simplification strategy (no impact on ANZ’s CET1 capital).\n$108m (after tax) of additional customer remediation charges.\n$63m (after tax) comprised of restructuring charges and other smaller divestment impacts.\n\nThese large/notable items announced today are in addition to those previously advised during the half, namely:\n\n$48m (after tax) in respect of the agreement to settle a class action brought against ANZ in the United States during 2016[2], and related legal and other costs.\n$212m (after tax) of equity accounted losses from AmBank relating to the agreed settlement with the Malaysian Ministry of Finance as announced on 1 March[3] (no impact on ANZ’s CET1 capital).\n\nIn aggregate, ANZ’s first half 2021 Cash Profit after tax will be impacted by $817m, equivalent to ~5 basis points of CET1 capital.\n\nThe following tables are provided to illustrate the impacts of the above items to continuing Cash Profit after tax (versus prior comparable period and half on half):\n    \n    \n    \n\n    \n    The recurring impact of the new lease accounting standard (AASB 16) adopted on 1 October 2019 has been removed from previously reported large/notable items as the 2020 comparative periods are now presented on a consistent basis to the March 2021 half.\n\n    \n\n    \n\n    \n            DOWNLOAD PDF\n[1] Arising from the acquisition of E-Trade Australia Ltd in 2007\n[2] ANZ news release of 22 March 2021 ‘ANZ agrees to settle US class action complaint’\n[3] ANZ news release 1 March 2021 ‘Update on AMMB Holdings’\n    \n\n\t\t\t\t\t\t\n\t\t\t\t\t\t",
          "author": "Stephen Ries@/content/mediacentre/en/authors/stephen-ries",
          "favicon": "https://media.anz.com/etc/designs/mediacentre/favicon.ico",
          "source": "media.anz.com",
          "published": "",
          "ttr": 67
     }
}