{
     "Date": "7/06/2021",
     "Open": "",
     "High": "",
     "Low": "",
     "Close": "",
     "Adj Close": "",
     "Volume": "",
     "headLine": "ANZ extends support package to Victorian customers affected by COVID-19 lockdown",
     "link": "https://media.anz.com/posts/2021/June/anz-extends-support-package-to-victorian-customers-affected-by-c",
     "article": {
          "url": "https://media.anz.com/posts/2021/June/anz-extends-support-package-to-victorian-customers-affected-by-c",
          "title": "ANZ extends support package to Victorian customers affected by COVID-19 lockdown ",
          "description": "ANZ’s support for home loan customers who apply will include short-term payment relief, waiving fees, restructuring home loan debt or switching to a fixed rate loan. Business customers can also access...",
          "links": [
               "https://media.anz.com/posts/2021/June/anz-extends-support-package-to-victorian-customers-affected-by-c"
          ],
          "image": "https://media.anz.com/content/dam/mediacentre/images/mediareleases/2018/May/ANZ%20logo%20rural.jpg",
          "content": "\n            ANZ’s support for home loan customers who apply will include short-term payment relief, waiving fees, restructuring home loan debt or switching to a fixed rate loan.\nBusiness customers can also access short-term payment relief on asset finance or business loans, receive a refund on merchant terminal fees and have some other fees waived.\n\nIn addition, business customers can take advantage of loans provided through the Federal Government’s SME Loan Recovery Scheme, which offers eligible businesses discounted interest rates on loans of up to $5 million.\nANZ’s Group Executive Australia Retail and Commercial Banking, Mark Hand said: “We all know that this latest lockdown in Victoria will be a major blow to many of our retail and business customers.”\n“We want our customers to feel supported in these difficult times and we’ve increased our resources so that people seeking assistance will find the helping hand they need. Many Victorians have shown great resolve during this crisis and our people are here to help them through the next stage.” \nDownload PDF\n    ",
          "author": "Brett Foley @/content/mediacentre/en/authors/brett-foley",
          "favicon": "https://media.anz.com/etc/designs/mediacentre/favicon.ico",
          "source": "media.anz.com",
          "published": "",
          "ttr": 34
     }
}