{
     "Date": "10/08/2019",
     "Open": "",
     "High": "",
     "Low": "",
     "Close": "",
     "Adj Close": "",
     "Volume": "",
     "headLine": "Job ads stabilise in September after a bumpy few months",
     "link": "https://media.anz.com/posts/2019/10/job-ads-stabilise-in-september-after-a-bumpy-few-months-",
     "article": {
          "url": "https://media.anz.com/posts/2019/10/job-ads-stabilise-in-september-after-a-bumpy-few-months-",
          "title": "Job ads stabilise in September after a bumpy few months ",
          "description": "After falling 2.6% m/m in August, ANZ Job Ads recorded a small gain of 0.3% in September. This saw the annual decline fall to -10.4%. In trend terms, job ads fell -0.2% m/m and -10.9%...",
          "links": [
               "https://media.anz.com/posts/2019/10/job-ads-stabilise-in-september-after-a-bumpy-few-months-"
          ],
          "image": "https://media.anz.com/content/dam/mediacentre/images/jobads/2019/October/andrew-neel-cckf4TsHAuw-unsplash.jpg",
          "content": "\n    \n    After falling 2.6% m/m in August, ANZ Job Ads recorded a small gain of 0.3% in September. This saw the annual decline fall to -10.4%.  In trend terms, job ads fell -0.2% m/m and -10.9% y/y.\n\n    \n\n    \n            ANZ Senior Economist, Catherine Birch, commented:\nJob ads steadied in September but this does not necessarily indicate a turning point in the labour market. During August, the unemployment rate ticked up to 5.3% and job vacancies declined by 1.9% q/q. The job vacancies series is now converging with the ANZ Job Ads series after a period of divergence. The public sector appears to be responsible for the surprising strength in employment growth; ANZ Job Ads may be more reflective of the weakness in the private sector. We may see job ads deteriorate again in future months if the public sector strength is not sustained and if there is no significant change in momentum in private sector employment.\nDOWNLOAD PDF\n    \n\t\t\t\t\t\t",
          "author": "Phoebe O’Sullivan@/content/mediacentre/en/authors/phoebe-o_sullivan",
          "favicon": "https://media.anz.com/etc/designs/mediacentre/favicon.ico",
          "source": "media.anz.com",
          "published": "",
          "ttr": 32
     }
}