{
     "Date": "3/04/2019",
     "Open": "1",
     "High": "1.01",
     "Low": "0.99",
     "Close": "1",
     "Adj Close": "0.838811",
     "Volume": "402966",
     "headLine": "ANZ jobs ads: continue to trend lower",
     "link": "https://media.anz.com/posts/2019/03/anz-jobs-ads--continue-to-trend-lower",
     "article": {
          "url": "https://media.anz.com/posts/2019/03/anz-jobs-ads--continue-to-trend-lower",
          "title": "ANZ jobs ads: continue to trend lower",
          "description": "ANZ Australian Job Advertisements fell 0.9% m/m in February, down 4.3% over the year. This was the fourth monthly decline in a row.",
          "links": [
               "https://media.anz.com/posts/2019/03/anz-jobs-ads--continue-to-trend-lower"
          ],
          "image": "https://media.anz.com/content/dam/mediacentre/images/jobads/job%20ads.jpg",
          "content": "\n            ANZ’s head of Australian Economics, David Plank, commented:\n“The labour market has been a key source of strength for the Australian economy over the past year, with the strong gain in jobs and declining unemployment rate providing a material offset to the impact of lower house prices. The year ahead looks to be more challenging on the employment front, with ANZ’s Australian Job Ads series declining for the fourth month in a row.\nAfter a strong start to 2018, job ads have been on a virtually uninterrupted downtrend with only three monthly gains over the past 12 months. The 4.3% annual decline is the largest since February 2014. Still, even with this decline the level of ANZ Job Ads is still consistent with ongoing employment growth. And other data, such as the ABS job vacancies series, are more positive. If we\ncombine a bunch of these data we get the ANZ Labour Market Indicator, which points to a stable rather than rising unemployment rate even in the face of weaker employment growth. This provides some comfort for the outlook, though we are conscious that the downside risks are rising.”\nDownload PDF\n    \n    \n                Job Advertisements\n        \n        \n                Media Release\n        \n    \n\n    For media enquiries contact\n        \n        +61 2 8037 0029\n        Shaurya Mishra\n        +91 80 6795 3801\n        Francesca Rizzo\n        +61 481-014224\n        \n",
          "author": "David Plank@/content/mediacentre/en/authors/david-plank,Shaurya Mishra@/content/mediacentre/en/authors/shaurya-mishra,Francesca Rizzo@/content/mediacentre/en/authors/Francesca-Rizzo",
          "favicon": "https://media.anz.com/etc/designs/mediacentre/favicon.ico",
          "source": "media.anz.com",
          "published": "",
          "ttr": 43
     }
}