{
     "Date": "30/01/2019",
     "Open": "0.98",
     "High": "0.99",
     "Low": "0.98",
     "Close": "0.99",
     "Adj Close": "0.805637",
     "Volume": "17085",
     "headLine": "ANZ ranked number one for overall relationship quality in Asia for second year",
     "link": "https://media.anz.com/posts/2019/01/anz-ranked-number-one-for-overall-relationship-quality-in-asia-f",
     "article": {
          "url": "https://media.anz.com/posts/2019/01/anz-ranked-number-one-for-overall-relationship-quality-in-asia-f",
          "title": "ANZ ranked number one for overall relationship quality in Asia for second year",
          "description": "ANZ today announced it has retained its No. 1 position for overall quality in relationships in Asia for the second consecutive year, according to the latest Greenwich Associates Large Corporate Banking study.",
          "links": [
               "https://media.anz.com/posts/2019/01/anz-ranked-number-one-for-overall-relationship-quality-in-asia-f"
          ],
          "image": "https://media.anz.com/content/dam/mediacentre/images/mediareleases/2019/January/Greenwich%202019.png",
          "content": "\n            The independent annual survey interviewed close to 800 companies across 11 markets in Asia with turnover of more than US$500 million per year.\nThe bank also ranked No. 1 as a quality leader in China and Hong Kong for the second year, and the top 5 corporate bank in Asia.\nGreenwich Associates measures the banks based on overall market penetration in Asia, excluding Australia, New Zealand and Japan. The survey defines overall quality as quality of the relationship at both an institution and individual relationship manager level. The time period reflects ANZ’s performance in 2018.\nFarhan Faruqui, Group Executive International, said: “As our international strategy has become more targeted and focused on Institutional customers, we are pleased to be recognised by Greenwich Associates once again for our consistent efforts in providing high-quality customer advice and services in a highly competitive industry.”\n“ANZ is committed to our business in Asia, which remains at the heart of our Institutional strategy of supporting customers with trade and capital flows in the region.” \nIn December 2018, ANZ was also named Asian Bank of the Year by IFR Asia, a trade publication under the Thomson Reuters group. \nView the full Greenwich Leaders Awards report \nDownload release PDF\n    \n    For media enquiries contact\n        \n        +852-39182841\n        Nick Higginbottom\n        +61 403 936 262\n        \n",
          "author": "Noel Cheung@/content/mediacentre/en/authors/noel-cheung,Nick Higginbottom@/content/mediacentre/en/authors/nick-higginbottom",
          "favicon": "https://media.anz.com/etc/designs/mediacentre/favicon.ico",
          "source": "media.anz.com",
          "published": "",
          "ttr": 43
     }
}