{
     "Date": "6/01/2018",
     "Open": "",
     "High": "",
     "Low": "",
     "Close": "",
     "Adj Close": "",
     "Volume": "",
     "headLine": "CDPP action in relation to 2015 Institutional Equity Placement",
     "link": "https://media.anz.com/posts/2018/06/cdpp-action-in-relation-to-2015-institutional-equity-placement",
     "article": {
          "url": "https://media.anz.com/posts/2018/06/cdpp-action-in-relation-to-2015-institutional-equity-placement",
          "title": "CDPP action in relation to 2015 Institutional Equity Placement",
          "description": "The Commonwealth Director of Public Prosecutions (CDPP) advised ANZ late yesterday it intends to commence proceedings against the bank for being knowingly concerned in alleged cartel conduct by the joint lead managers of ANZ's underwritten Institutional Equity Placement of approximately 80.8 million shares in August 2015. ",
          "links": [
               "https://media.anz.com/posts/2018/06/cdpp-action-in-relation-to-2015-institutional-equity-placement"
          ],
          "image": "https://media.anz.com/content/dam/mediacentre/images/mediareleases/2018/March/ANZ%20logo.jpg",
          "content": "\n            The proceedings relate to an arrangement or understanding allegedly made between the joint lead managers in relation to the supply of ANZ shares. ANZ understands the CDPP also intends to bring proceedings against ANZ Group Treasurer Rick Moscati.\nANZ Chief Risk Officer Kevin Corbally said: “We believe ANZ acted in accordance with the law in relation to the placement and on that basis the bank intends to defend both the company and our employee.”\nANZ is also co-operating with an investigation by the Australian Securities and Investments Commission (ASIC) in relation to the placement.\nASIC is investigating whether ANZ's announcement of 7 August 2015 should have stated the joint lead managers took up approximately 25.5 million shares of the placement. This represented approximately 0.91% of total shares on issue at that time.\nANZ does not intend to provide further comment at this time.\nView PDF\n    ",
          "author": "Stephen Ries@/content/mediacentre/en/authors/stephen-ries",
          "favicon": "https://media.anz.com/etc/designs/mediacentre/favicon.ico",
          "source": "media.anz.com",
          "published": "",
          "ttr": 29
     }
}