{
     "Date": "20/02/2018",
     "Open": "1.1",
     "High": "1.11",
     "Low": "1.09",
     "Close": "1.11",
     "Adj Close": "0.866511",
     "Volume": "231976",
     "headLine": "ANZ-ROY MORGAN AUSTRALIAN CONSUMER CONFIDENCE",
     "link": "https://media.anz.com/posts/2018/02/anz-roy-morgan-australian-consumer-confidence2",
     "article": {
          "url": "https://media.anz.com/posts/2018/02/anz-roy-morgan-australian-consumer-confidence2",
          "title": "ANZ-Roy Morgan Australian Consumer Confidence",
          "description": "CONSUMER CONFIDENCE: DOWN AGAIN  ANZ-Roy Morgan Australian Consumer Confidence fell 3.5% last week to 115.3, following a 2.6% decline in the previous week. For the second straight week all subindices posted...",
          "links": [
               "https://media.anz.com/posts/2018/02/anz-roy-morgan-australian-consumer-confidence2"
          ],
          "image": "https://media.anz.com/content/dam/mediacentre/images/consumerconfidence/2018/February/2018.2.20.png",
          "content": "\nCONSUMER CONFIDENCE: DOWN AGAIN\n\nANZ-Roy Morgan Australian Consumer Confidence fell 3.5% last week to 115.3, following a 2.6% decline in the previous week. For the second straight week all subindices posted declines, with sentiment around economic conditions dropping sharply.\n\nViews towards current economic conditions fell 5.5% last week, on the back of a 6% decline previously, bringing the sub-index to an eight-week low of 107.0. Similarly, perceptions of future economic conditions took an 8.8% dive to 106.3 (a 13-week low).\n\nConsumers were less optimistic about financial conditions this week. Views towards current and future conditions fell 1.6% and 1.3% respectively last week, following a 2.6% and 1.8% fall previously. That said, both indices remain above their long term averages.\n\nSentiment around the ‘time to buy a household item’ fell for the fifth consecutive week, slipping 0.9% to 135.6. Inflation expectations remained steady at 4.4% on a four-week basis.\nANZ’S HEAD OF AUSTRALIAN ECONOMICS, DAVID PLANK, COMMENTED:\n“Confidence fell further last week, adding to the decline seen the previous week on the back of equity market volatility.\nGiven the strong gain in consumer sentiment it was probably inevitable that at some point we were going to see a reasonable correction. Events in Canberra may have added to the downward pressure, especially given the level of media attention.\nImportantly, however, even after the losses of the past couple of weeks consumer sentiment is still relatively elevated. And most sub-indices remain above their long-run averages.\nThe deterioration in views towards financial conditions, particularly current conditions, is a little worrying. In the last few weeks, views towards current conditions have retraced about half of their gains since their recent low point in mid-2017 (Fig. 3). It is likely that household finances will remain under pressure until a material pick-up in wage growth and as such household consumption remains an area of uncertainty in the outlook for 2018.”\n\n\n    ",
          "author": "",
          "favicon": "https://media.anz.com/etc/designs/mediacentre/favicon.ico",
          "source": "media.anz.com",
          "published": "",
          "ttr": 63
     }
}