{
     "Date": "20/11/2018",
     "Open": "1.02",
     "High": "1.04",
     "Low": "1.02",
     "Close": "1.04",
     "Adj Close": "0.846325",
     "Volume": "84680",
     "headLine": "Consumer confidence: consumer sentiment consolidates",
     "link": "https://media.anz.com/posts/2018/11/consumer-confidence--consumer-sentiment-consolidates",
     "article": {
          "url": "https://media.anz.com/posts/2018/11/consumer-confidence--consumer-sentiment-consolidates",
          "title": "Consumer confidence: consumer sentiment consolidates",
          "description": "ANZ’s Head of Australian Economics, David Plank, commented “Consumer sentiment fell last week despite solid reports on wages and employment data released last week and falling petrol prices. In our view, the...",
          "links": [
               "https://media.anz.com/posts/2018/11/consumer-confidence--consumer-sentiment-consolidates"
          ],
          "image": "https://media.anz.com/content/dam/mediacentre/images/consumerconfidence/2018/August/Consumer%20Confidence%20Atm.JPG",
          "content": "\n            ANZ’s Head of Australian Economics, David Plank, commented\n“Consumer sentiment fell last week despite solid reports on wages and employment data released last week and falling petrol prices. In our view, the fall can be largely attributed to consolidation after three consecutive upticks following the steep fall over the weekend of the Wentworth by-election. The consolidation leaves confidence well above its long-run average and a little above its level of a year ago. This is despite the fact house prices have been falling for more than a year on average for the country as a whole, albeit with considerable regional variation. With little domestic data this week, global news and petrol prices will dominate.”\nPlease see the attached document for further details.\nPlease see the attached document for further details.\n    \n    \n                ANZ-Roy Morgan Consumer Confidence\n        \n    \n\n    For media enquiries contact\n        \n        +61 2 8037 0029\n        Shaurya Mishra\n        +91 80 6795 3801\n        Francesca Rizzo\n        +61 481-014224\n        \n",
          "author": "David Plank@/content/mediacentre/en/authors/david-plank,Shaurya Mishra@/content/mediacentre/en/authors/shaurya-mishra,Francesca Rizzo@/content/mediacentre/en/authors/Francesca-Rizzo",
          "favicon": "https://media.anz.com/etc/designs/mediacentre/favicon.ico",
          "source": "media.anz.com",
          "published": "",
          "ttr": 31
     }
}