{
     "Date": "1/12/2020",
     "Open": "1.84",
     "High": "1.87",
     "Low": "1.84",
     "Close": "1.85",
     "Adj Close": "1.654551",
     "Volume": "159126",
     "headLine": "Consumer confidence rebounds",
     "link": "https://media.anz.com/posts/2020/12/consumer-confidence-rebounds",
     "article": {
          "url": "https://media.anz.com/posts/2020/12/consumer-confidence-rebounds",
          "title": "Consumer confidence rebounds",
          "description": "Consumer confidence is back on an improving trajectory after the pullback last week. The overall rating rose 2.9 per cent, with all the subindices gaining. ‘Current financial conditions’ rose by 2.3 per cent,...",
          "links": [
               "https://media.anz.com/posts/2020/12/consumer-confidence-rebounds"
          ],
          "image": "https://media.anz.com/content/dam/mediacentre/images/consumerconfidence/2018/August/Consumer%20Confidence%20Aug.JPG",
          "content": "\n    \n            Consumer confidence is back on an improving trajectory after the pullback last week. The overall rating rose 2.9 per cent, with all the subindices gaining.\n‘Current financial conditions’ rose by 2.3 per cent, while ‘future financial conditions’ inched up 0.2 per cent.\n‘Current economic conditions’ surged by 7.6 per cent, while ‘future economic conditions’ improved by 1.5 per cent.\n‘Time to buy a major household item’ bounced 4.2 per cent. The four-week moving average of ‘inflation expectations’ was steady at 3.5 per cent.\n    \n    \n\n    \n            \"The relaxation in lockdown restrictions in South Australia drove a bounce in consumer confidence,\" ANZ Head of Australian Economics, David Plank said.\n\"Confidence is above the neutral 100 level in South Australia, after slipping below in the previous week. Ahead of the holiday season, the ‘time to buy a major household item’ subindex surged to its highest level since 1 March.\" \n\"Perceptions of economic conditions, both current and future, are the highest in more than a year. This could bode well for economic activity and spending over the coming weeks.\"\nDownload PDF\n    \n\t\t\t\t\t\t",
          "author": "Phoebe O’Sullivan@/content/mediacentre/en/authors/phoebe-o_sullivan",
          "favicon": "https://media.anz.com/etc/designs/mediacentre/favicon.ico",
          "source": "media.anz.com",
          "published": "",
          "ttr": 35
     }
}