{
     "Date": "8/10/2021",
     "Open": "1.73",
     "High": "1.73",
     "Low": "1.72",
     "Close": "1.72",
     "Adj Close": "1.58908",
     "Volume": "52814",
     "headLine": "ANZ to launch instalment payments for Visa credit cards",
     "link": "https://media.anz.com/posts/2021/october/anz-to-launch-instalment-payments-for-visa-credit-cards",
     "article": {
          "url": "https://media.anz.com/posts/2021/october/anz-to-launch-instalment-payments-for-visa-credit-cards",
          "title": "ANZ to launch instalment payments for Visa credit cards",
          "description": "ANZ today announced it would partner with Visa to launch a new feature for credit card customers so they can pay for purchases through instalments in a simple and secure way.",
          "links": [
               "https://media.anz.com/posts/2021/october/anz-to-launch-instalment-payments-for-visa-credit-cards"
          ],
          "image": "https://media.anz.com/content/dam/mediacentre/images/mediareleases/2021/October/Apple%20Pay%20with%20ANZ%20terminal%20.jpg",
          "content": "\n            Once launched, the new Visa Instalments feature will provide ANZ credit card customers with an option at the checkout or online to make purchases through interest free instalments across a wide range of terms.\nANZ Head of Cards and Personal Lending Mike Shurlin said: “We want to provide our customers with flexibility in how they manage their purchases, which is why we are pleased to work with Visa on launching this new feature.\n“We know many of our customers will use this option for certain purchases while choosing a standard credit card transaction for other items. Having that choice with no need for additional steps means they have a simple and secure feature through their existing card.\n“We have partnered with Visa many times in the past and share a focus on building features that make customers’ lives easier while maintaining high security standards,” he said.\nVisa’s Group Country Manager for Australia, New Zealand, and South Pacific Julian Potter said: “We’re delighted to partner with ANZ to expand Visa Instalments to Australia, bringing ANZ credit card holders the flexibility and convenience of instalment payments in-store and across e-commerce channels, without them needing to do anything new.”\nMerchant payment provider, Quest Payment Systems has also agreed to participate in the rollout of Visa Instalments and ANZ expects more merchant terminal operators to join.\nThe new instalment option will be available for customers in the 2022 calendar year.\nDownload PDF\n    ",
          "author": "Nick Higginbottom@/content/mediacentre/en/authors/nick-higginbottom",
          "favicon": "https://media.anz.com/etc/designs/mediacentre/favicon.ico",
          "source": "media.anz.com",
          "published": "",
          "ttr": 48
     }
}