{
     "Date": "14/10/2019",
     "Open": "1.28",
     "High": "1.29",
     "Low": "1.27",
     "Close": "1.27",
     "Adj Close": "1.090388",
     "Volume": "11683",
     "headLine": "ANZ comments on ACCC inquiry",
     "link": "https://media.anz.com/posts/2019/10/anz-comments-on-accc-inquiry",
     "article": {
          "url": "https://media.anz.com/posts/2019/10/anz-comments-on-accc-inquiry",
          "title": "ANZ comments on ACCC inquiry",
          "description": "ANZ Chief Executive Officer Shayne Elliott today made the following comments relating to the Federal Government’s decision to direct the Australia Competition and Consumer Commission (ACCC) to conduct an...",
          "links": [
               "https://media.anz.com/posts/2019/10/anz-comments-on-accc-inquiry"
          ],
          "image": "https://media.anz.com/content/dam/mediacentre/images/mediareleases/2018/March/Shayne%20Elliott%201.jpg",
          "content": "\n    \n    ANZ Chief Executive Officer Shayne Elliott today made the following comments relating to the Federal Government’s decision to direct the Australia Competition and Consumer Commission (ACCC) to conduct an inquiry into mortgage pricing.\n\n    \n    \n            “The inquiry is a good opportunity to provide facts in what is a complex space and we hope it will provide the public with renewed confidence in the way their home loans are priced.\n“Despite intense competition, there is cynicism in the broader community about interest rates for home loans. We know we have not done a good job in explaining our position and we will be working hard to ensure this process delivers results,” Mr Elliott said. \nThe ACCC is expected to deliver its interim report by 30 March 2020 and a final report by 30 September 2020. This follows the Residential Mortgage Price Inquiry report that was released in 2018.\nDOWNLOAD PDF\n    \n    \n    For media enquiries contact\n        \n        +61 409 655 551\n        Nick Higginbottom\n        +61 403 936 262\n        \n\n\t\t\t\t\t\t\n\t\t\t\t\t\t",
          "author": "Stephen Ries@/content/mediacentre/en/authors/stephen-ries,Nick Higginbottom@/content/mediacentre/en/authors/nick-higginbottom",
          "favicon": "https://media.anz.com/etc/designs/mediacentre/favicon.ico",
          "source": "media.anz.com",
          "published": "",
          "ttr": 33
     }
}