{
     "Date": "9/04/2018",
     "Open": "1.08",
     "High": "1.08",
     "Low": "1.08",
     "Close": "1.08",
     "Adj Close": "0.867317",
     "Volume": "333583",
     "headLine": "Consumer Confidence: recovery continues",
     "link": "https://media.anz.com/posts/2018/09/consumer-confidence--recovery-continues",
     "article": {
          "url": "https://media.anz.com/posts/2018/09/consumer-confidence--recovery-continues",
          "title": "Consumer Confidence: recovery continues",
          "description": "ANZ-Roy Morgan Australian Consumer Confidence firmed 1.0% last week, on the back of a 2.1% bounce in the prior week. The headline increase was primarily driven by a sharp rise in the ‘time to buy a household item’ sub-index.",
          "links": [
               "https://media.anz.com/posts/2018/09/consumer-confidence--recovery-continues"
          ],
          "image": "https://media.anz.com/content/dam/mediacentre/images/consumerconfidence/2018/August/Consumer%20Confidence%20Aug.JPG",
          "content": "\n            ANZ’S HEAD OF AUSTRALIAN ECONOMICS, DAVID PLANK, COMMENTED\n“Encouragingly, confidence firmed for the second straight week, with four out of five subindices posting gains. We were concerned that news of a mortgage rate increase by one of the major banks might be a big blow to sentiment, but consumers appear to be taking it in their stride for the moment at least.\nWe have previously highlighted the weakness in the ‘time to buy a household item’ subindex over the last two months. A sharp increase in the subindex last week is, therefore, quite timely. While the headwinds to households remain, namely sluggish wage growth, falling house prices and high levels of debt, there are certainly some offsets. Income tax cuts, the new Childcare Subsidy and falls in certain utility prices should all help consumers’ wallets, providing some more resilience to the outlook for consumption this year.”\nPlease see the attached document for further details.\n    \n    \n                Insights\n        \n        \n                ANZ-Roy Morgan Consumer Confidence\n        \n    \n\n    For media enquiries contact\n        \n        +61 2 8037 0029\n        Mustafa Arif\n        +91 80 6795 3801\n        Francesca Rizzo\n        +61 481-014224\n        \n",
          "author": "David Plank@/content/mediacentre/en/authors/david-plank,Mustafa Arif@/content/mediacentre/en/authors/mustafa-arif,Francesca Rizzo@/content/mediacentre/en/authors/Francesca-Rizzo",
          "favicon": "https://media.anz.com/etc/designs/mediacentre/favicon.ico",
          "source": "media.anz.com",
          "published": "",
          "ttr": 36
     }
}