{
     "Date": "29/09/2020",
     "Open": "1.62",
     "High": "1.64",
     "Low": "1.61",
     "Close": "1.64",
     "Adj Close": "1.466737",
     "Volume": "120316",
     "headLine": "Consumer confidence lifts for fourth week",
     "link": "https://media.anz.com/posts/2020/09/consumer-confidence-lifts-for-fourth-week",
     "article": {
          "url": "https://media.anz.com/posts/2020/09/consumer-confidence-lifts-for-fourth-week",
          "title": "Consumer confidence lifts for fourth week",
          "description": "Consumer confidence rose 1.6 per cent last week, the fourth consecutive gain. All subindices rose except for ‘time to buy a household item’, which fell 1.0 per cent. The overall gain was driven by another big...",
          "links": [
               "https://media.anz.com/posts/2020/09/consumer-confidence-lifts-for-fourth-week"
          ],
          "image": "https://media.anz.com/content/dam/irm/images/Mobile%20Card%20Payment.jpg",
          "content": "\n    \n            Consumer confidence rose 1.6 per cent last week, the fourth consecutive gain. All subindices rose except for ‘time to buy a household item’, which fell 1.0 per cent.\nThe overall gain was driven by another big jump in ‘current economic conditions’ (up 10.3 per cent), while ‘future economic conditions’ edged up 0.5 per cent.\nFinancial conditions improved with ‘current finances’ up 1.0 per cent and ‘future finances’ up 0.3 per cent.\nThe four-week moving average for ‘inflation expectations’ edged down to 3.3 per cent.\n    \n    \n\n    \n            \"Consumer confidence improved for the fourth week straight to its highest level in more than three months,\" ANZ Senior Economist Catherine Birch said. \n\"By far the largest contribution came from 'current economic conditions', which has jumped almost 20 per cent over the past fortnight.\"\n\"This likely reflects expectations for significant additional spending to be announced in next week’s federal budget. In the Treasurer’s speech last week, he outlined an updated fiscal strategy focussing on the jobs and economic recovery, rather than repairing the fiscal position, until the unemployment rate is 'comfortably' back under 6 per cent.\"\n\"In contrast, 'current financial conditions' has effectively plateaued for several weeks. This indicator will be one to watch as JobSeeker and JobKeeper payments are reduced.\"\nDownload PDF\n    \n\t\t\t\t\t\t",
          "author": "Phoebe O’Sullivan@/content/mediacentre/en/authors/phoebe-o_sullivan",
          "favicon": "https://media.anz.com/etc/designs/mediacentre/favicon.ico",
          "source": "media.anz.com",
          "published": "",
          "ttr": 42
     }
}