{
     "Date": "21/01/2020",
     "Open": "1.38",
     "High": "1.39",
     "Low": "1.35",
     "Close": "1.35",
     "Adj Close": "1.159074",
     "Volume": "34181",
     "headLine": "Consumer confidence continues to recover",
     "link": "https://media.anz.com/posts/2020/01/consumer-confidence-continues-to-recover",
     "article": {
          "url": "https://media.anz.com/posts/2020/01/consumer-confidence-continues-to-recover",
          "title": "Consumer confidence continues to recover",
          "description": "Confidence continued with its forward march last week, gaining 0.9 per cent. This takes it back to where it was in mid-December. The financial and economic sub-indices were mixed, while the ‘time to buy a...",
          "links": [
               "https://media.anz.com/posts/2020/01/consumer-confidence-continues-to-recover"
          ],
          "image": "https://media.anz.com/content/dam/mediacentre/images/consumerconfidence/2019/November/man%20shopping.jpg",
          "content": "\n            Confidence continued with its forward march last week, gaining 0.9 per cent. This takes it back to where it was in mid-December. The financial and economic sub-indices were mixed, while the ‘time to buy a household item’ index strengthened solidly.\nCurrent finances gained 3.4 per cent vis-a-vis weakness of 5.5 per cent seen in the previous reading. In contrast, future finances declined 2.5 per cent, reversing some of the 4.6 per cent gain seen over the three previous surveys.\nCurrent economic conditions gained 2.2 per cent, while future economic conditions fell by 3 per cent. These subindices were up 6.1 per cent and 8.6 per cent, respectively, in the previous reading.\n‘Time to buy a major household item’ was up 4.7 per cent, its highest level since October. The four-week moving average of ‘inflation expectations’ was stable at 3.9 per cent. However, the weekly reading was back above 4 per cent for the first time in two weeks.\n    ",
          "author": "Phoebe O’Sullivan@/content/mediacentre/en/authors/phoebe-o_sullivan",
          "favicon": "https://media.anz.com/etc/designs/mediacentre/favicon.ico",
          "source": "media.anz.com",
          "published": "",
          "ttr": 32
     }
}