{
     "Date": "8/06/2021",
     "Open": "2.1",
     "High": "2.11",
     "Low": "2.06",
     "Close": "2.06",
     "Adj Close": "1.872049",
     "Volume": "877300",
     "headLine": "Consumer confidence fell a touch more",
     "link": "https://media.anz.com/posts/2021/June/consumer-confidence-fell-a-touch-more",
     "article": {
          "url": "https://media.anz.com/posts/2021/June/consumer-confidence-fell-a-touch-more",
          "title": "Consumer confidence fell a touch more",
          "description": "Consumer confidence fell a further 0.6 per cent, as the lockdown in Melbourne was extended for another week after a rise in the number of COVID-19 cases. The confidence subindices registered mixed...",
          "links": [
               "https://media.anz.com/posts/2021/June/consumer-confidence-fell-a-touch-more"
          ],
          "image": "https://media.anz.com/content/dam/mediacentre/images/consumerconfidence/2019/November/man%20shopping.jpg",
          "content": "\n            Consumer confidence fell a further 0.6 per cent, as the lockdown in Melbourne was extended for another week after a rise in the number of COVID-19 cases. The confidence subindices registered mixed results.\n‘Current financial conditions’ fell 1.5 per cent, while ‘future financial conditions’ improved by 2.0 per cent.\n‘Current economic conditions’ declined 3.1 per cent, while ‘future economic conditions’ gained 1.5 per cent.\n‘Time to buy a major household item’ weakened 2.2 per cent. ‘Weekly inflation expectations’ increased by 0.1ppt to 4.0 per cent, keeping the four-week moving average at 3.8 per cent. This is the highest weekly result for inflation expectations since March 2020.\n    ",
          "author": "Emma Mellow@/content/mediacentre/en/authors/emma-mellow",
          "favicon": "https://media.anz.com/etc/designs/mediacentre/favicon.ico",
          "source": "media.anz.com",
          "published": "",
          "ttr": 22
     }
}