{
     "Date": "15/10/2019",
     "Open": "1.29",
     "High": "1.29",
     "Low": "1.27",
     "Close": "1.28",
     "Adj Close": "1.098974",
     "Volume": "91544",
     "headLine": "APRA consultation on the capital treatment for investments in subsidiaries (Level 1)",
     "link": "https://media.anz.com/posts/2019/10/apra-consultation-on-the-capital-treatment-for-investments-in-su",
     "article": {
          "url": "https://media.anz.com/posts/2019/10/apra-consultation-on-the-capital-treatment-for-investments-in-su",
          "title": "APRA consultation on the capital treatment for investments in subsidiaries (Level 1)",
          "description": "October 15, 2019        ANZ notes the discussion paper released today by the Australian Prudential Regulation Authority (APRA) titled “Revisions to APS111 Capital Adequacy: Measurement of Capital” in...",
          "links": [
               "https://media.anz.com/posts/2019/10/apra-consultation-on-the-capital-treatment-for-investments-in-su"
          ],
          "image": "https://media.anz.com/content/dam/mediacentre/images/mediareleases/2018/March/ANZ%20logo%20outdoors.jpg",
          "content": "\n    October 15, 2019\n\n    \n    ANZ notes the discussion paper released today by the Australian Prudential Regulation Authority (APRA) titled “Revisions to APS111 Capital Adequacy: Measurement of Capital” in relation to the capital treatment by Australian ADIs of their investments in banking and insurance subsidiaries.\n\n    \n\t\t\t\t\n    \n            ANZ is currently reviewing the discussion paper and an update will be provided after further analysis.\nDOWNLOAD PDF\n    \n    \n    For media enquiries contact\n        \n        Stephen Ries\n        +61 409 655 551\n        \n\n\t\t\t\t\t\t\n\t\t\t\n\t\t\t\t\t\t",
          "author": "Stephen Ries@/content/mediacentre/en/authors/stephen-ries",
          "favicon": "https://media.anz.com/etc/designs/mediacentre/favicon.ico",
          "source": "media.anz.com",
          "published": "",
          "ttr": 15
     }
}