{
     "Date": "22/03/2018",
     "Open": "1.09",
     "High": "1.09",
     "Low": "1.08",
     "Close": "1.08",
     "Adj Close": "0.867317",
     "Volume": "865703",
     "headLine": "ANZ ranked top four corporate bank in Asia for sixth year",
     "link": "https://media.anz.com/posts/2018/03/anz-ranked-top-four-corporate-bank-in-asia-for-sixth-year",
     "article": {
          "url": "https://media.anz.com/posts/2018/03/anz-ranked-top-four-corporate-bank-in-asia-for-sixth-year",
          "title": "ANZ ranked top four corporate bank in Asia for sixth year",
          "description": "The independent annual survey interviewed more than 700 Asia-based companies and foreign subsidiaries across 11 markets with turnover of more than US$500 million per year. ANZ was ranked equal fourth in terms...",
          "links": [
               "https://media.anz.com/posts/2018/03/anz-ranked-top-four-corporate-bank-in-asia-for-sixth-year"
          ],
          "image": "https://media.anz.com/content/dam/mediacentre/images/mediareleases/2018/March/top%20four.jpg",
          "content": "\n            The independent annual survey interviewed more than 700 Asia-based companies and foreign subsidiaries across 11 markets with turnover of more than US$500 million per year.\nANZ was ranked equal fourth in terms of overall market penetration in the region and No. 1 for overall quality in Asian Large Corporate Banking, marking a significant improvement from last year when it was in fourth position.\nThe bank also ranked No. 1 for overall quality in China, Hong Kong, Taiwan and Singapore. Singapore has held this leading position since 2015.\nGreenwich Associates defines overall quality as relationship quality of both an institution and an individual relationship manager. The framework for overall quality includes management effectiveness and ease of doing business, among other criteria.\nCommenting on the results, Farhan Faruqui Group Executive International, said: “Customer needs are evolving at a steady pace due to heightened disruption and competition in the industry, so it’s pleasing our key clients have recognised us for taking a consistent approach and driving a positive customer experience.”\n“Asia remains at the heart of our Institutional strategy, and our regional connectivity is a key strength which will continue to support our ambition to be the best bank for trade and capital flows in Asia.”\nClick here to read the full Greenwich Leaders Awards report for Asian Large Corporate Banking &amp; Cash Management.\nView PDF\n    ",
          "author": "Noel Cheung@/content/mediacentre/en/authors/noel-cheung",
          "favicon": "https://media.anz.com/etc/designs/mediacentre/favicon.ico",
          "source": "media.anz.com",
          "published": "",
          "ttr": 45
     }
}