{
     "Date": "10/01/2019",
     "Open": "0.99",
     "High": "1.01",
     "Low": "0.99",
     "Close": "1",
     "Adj Close": "0.813775",
     "Volume": "274801",
     "headLine": "Consumer confidence rebounds",
     "link": "https://media.anz.com/posts/2019/10/consumer-confidence-rebounds",
     "article": {
          "url": "https://media.anz.com/posts/2019/10/consumer-confidence-rebounds",
          "title": "Consumer confidence rebounds",
          "description": "Confidence jumped by a solid 4.2 per cent last week, closing above its long-term average. The gain was broad-based with all subindices rising. Current finances were up 6.9 per cent while future finances...",
          "links": [
               "https://media.anz.com/posts/2019/10/consumer-confidence-rebounds"
          ],
          "image": "https://media.anz.com/content/dam/mediacentre/images/mediareleases/2019/January/ANZ%20Apple%20Pay.JPG",
          "content": "\n            Confidence jumped by a solid 4.2 per cent last week, closing above its long-term average. The gain was broad-based with all subindices rising.\nCurrent finances were up 6.9 per cent while future finances gained 5.9 per cent. Both financial-condition indices remain above their long term averages.\nCurrent economic conditions rose by 3.5 per cent, while future economic condition jumped 5.7 per cent. Despite the jump, both the subindices remain below their long-term averages.\nA 7.1 per cent jump in ‘time to buy a major household item’ was encouraging after the drop to a 10-year low last week, although the index remains well below its long run average.\nInflation expectations were unchanged at 4.1 per cent.\n    ",
          "author": "Phoebe O’Sullivan@/content/mediacentre/en/authors/phoebe-o_sullivan",
          "favicon": "https://media.anz.com/etc/designs/mediacentre/favicon.ico",
          "source": "media.anz.com",
          "published": "",
          "ttr": 23
     }
}