{
     "Date": "28/10/2021",
     "Open": "1.72",
     "High": "1.74",
     "Low": "1.71",
     "Close": "1.71",
     "Adj Close": "1.579841",
     "Volume": "87756",
     "headLine": "2021 Full Year Result & Proposed Final Dividend",
     "link": "https://media.anz.com/posts/2021/october/2021-full-year-result---proposed-final-dividend-",
     "article": {
          "url": "https://media.anz.com/posts/2021/october/2021-full-year-result---proposed-final-dividend-",
          "title": "2021 Full Year Result & Proposed Final Dividend ",
          "description": "ANZ today announced an audited  Statutory Profit after tax for the year ended 30 September 2021 of $6,162 million, up 72% on the prior year with a key driver being the partial reversal of COVID-19 related credit provisions. ",
          "links": [
               "https://media.anz.com/posts/2021/october/2021-full-year-result---proposed-final-dividend-"
          ],
          "image": "https://media.anz.com/content/dam/mediacentre/images/gallery/Half-Year2021Result/PIC_1956.jpg",
          "content": "\n            CEO COMMENTARY[4]\n\nProfits grew in Australia Retail &amp; Commercial despite challenges in home loans processing\nNew Zealand had one of its strongest years with solid balance sheet momentum\nConsistent performance in Institutional with returns again well above the Group cost of capital\nExpenses tightly managed while increasing investment\nCapital managed prudently\n\nANZ Chief Executive Officer Shayne Elliott said: “This year demonstrated the benefits of our diversified portfolio as we provided solid returns for shareholders while also successfully navigating the continuing impacts of COVID-19 on our customers and our people.\n“Australia Retail &amp; Commercial grew lending and customer deposits during the year and delivered good margin performance across the division. Home loan revenue growth was in the low double digits. However, second half volumes were impacted by a competitive refinancing market, customers paying down their loans faster and processing issues. We have been working on a range of improvements and they are already having a positive impact on processing times.\n“A focus on improving customer outcomes as well as realising the benefits of prior investments helped New Zealand deliver one of its strongest performances ever. Home loans grew 11% while still taking proactive steps to bring balance to the housing market, such as lifting the deposit required for investor lending. We also maintained our position as the largest provider of KiwiSaver, growing funds under management by 16% to NZ$19 billion.\n“Institutional delivered another consistent performance, reflecting the benefits of a simpler, more diversified franchise. This is a business providing sustainable returns well above the Group cost of capital. Markets revenue just below $2 billion in the current environment is testament to its strength and diversity as well as prudent risk settings.\n“Our progress in simplifying the business drove down the cost of running the bank for the third consecutive year and we continue to invest in new initiatives at record pace to build a stronger base for future growth. We also managed shareholder capital prudently and led the industry in returning funds to shareholders.\n“While we benefitted from a more benign credit environment, indicators such as 90+ days past due and deferrals performed better than expected and reflected our prudent management over many years. We recognise the outlook remains somewhat uncertain and we have more than $4 billion of credit reserves should conditions deteriorate.\n“We managed our business against the backdrop of COVID-19. Our employee engagement remained at historically high levels, even as staff largely worked remotely, and we supported our customers in need through the reinstatement of loan deferrals as well as providing finance to increase economic activity,” Mr Elliott said.\nDIVIDEND &amp; CAPITAL\nCapital management remained a feature with ANZ’s Common Equity Tier 1 Ratio of 12.3%, remaining ~$6 billion[5] above Australian Prudential Regulation Authority’s ‘Unquestionably Strong’ benchmark. Combined with solid earnings and improving conditions, the Board determined a Final Dividend of 72 cents per share (cps) was appropriate, taking the Total Dividend for 2021 to 142cps, up by 82cps on the prior year.\nIn August 2021, ANZ commenced a buy-back of $1.5 billion shares on-market. This reflected our ability to continue to support our customers while also returning surplus capital in a prudent, fair and flexible manner. As at 30 September 2021, ANZ is almost half-way through its current $1.5 billion buyback and will continue to consider the best use of any surplus capital.\nANZ also announced the Dividend Reinvestment Plan (DRP) will continue to apply for the Final 2021 Dividend at no discount and that it plans to neutralise the impact of the shares allocated under the DRP.\nCREDIT QUALITY \nThe total provision result for the full year was a net release of $567 million comprising:\n\na collective provision (CP) release of $823 million\nan individually assessed provision (IP) charge of $256 million\n\nThe CP release is due to a combination of factors, with changes to the portfolio volume, mix and risk profile occurring throughout the year, and the economic outlook improving in the first half. As at 30 September 2021, the uncertainty arising from extended lockdowns in major cities has limited further such releases in the second half.\nIn general, our customers continued to manage well through the pandemic, leading to a low IP charge for the full year. Disciplined focus on strategy and customer selection in Institutional has contributed to this strong result, as has the continued impact of government and bank support packages. At the end of the financial year, the CP balance of $4,195 million represents additional provisions of $819 million compared with pre-COVID levels at 30 September 2019.\nOPERATIONAL HIGHLIGHTS\nAustralia Retail &amp; Commercial\n\nApplications for our automated business lending proposition, ANZ GoBiz, have averaged 2,900 per-month since launching in May 2021. GoBiz provides real-time conditional approval through an on-line platform, including new-to-bank customers.\nProvided 179,000 new home loan accounts in Australia, up 5% from FY20.\n49% of all retail sales in Australia, including home loans, are now through digital channels, up from 40% in FY20.\n\nNew Zealand\n\nMaintained market leadership in core product sectors; home loans grew by almost ~NZ$10b or 11% with a record ~82,000 new home loan accounts processed and 178,000 existing customers re-fixing their home loans during the year.\nRemains the largest KiwiSaver provider with NZ$19 billion under management, an increase of NZ$2.6 billion or 16% on the previous year.\n41% of all retail sales in New Zealand, including home loans, are now through digital channels, up from 38% in FY20.\n\nInstitutional\n\n24% increase in the volume of payments made by our customers through our digital payments platform.\nDisciplined expense management with the division achieving 11 consecutive halves of absolute cost reduction.\nTransactions processed by ANZ on the New Payments Platform for other banks increased 112% year-on-year.\nRevenue from our Sustainable Finance business up 63% year-on-year; also ranked #1 Market Leader in ESG finance in Australia and New Zealand[6], as well as launching a new Sustainability-Linked Derivative product across our franchise.\n\nDigital &amp; Technology\n\nNew savings and deposits proposition being developed as part of ANZx moved to Beta phase with successful launch of a staff trial.\nSeparation of ventures and incubator business, 1835i, to create a stand-alone entity to accelerate growth and deliver new digital solutions.\nStrong progress on open banking obligations as a CDR Data Holder and on track to commence data sharing for businesses customers on 1 November 2021.\n\nFURTHER COMMENTS\nMr Elliott said: “We are making good progress in the multi-year transformation of ANZ. We continue to invest in group-wide automation, cloud migration and digitisation to enable low cost, sustainable customer growth.\n“In Australia, we are building growth-oriented retail and small business propositions centred around delivering compelling digital offerings that will improve the financial wellbeing of our customers and drive long-term customer and revenue growth. We have our eye on the long-term opportunity and made significant progress and these investments, known internally as ANZx, will become more visible to customers into 2022.\n“New Zealand is expected to continue to deliver robust returns and maintain its strong market position.\n“Institutional is now a better-balanced, more predictable and higher returning business. We are in a strong position to take advantage of the structural tailwinds we believe will impact institutional banking, particularly in a rising interest rate environment and the build out of our banking platforms business. Changes from the implementation of APRA’s proposed capital reforms are also likely to be a further tailwind for Institutional.\n“Sustainable finance will be one of the mega-trends to impact the global economy in the next few years. Given our broad international network and leadership in institutional banking, we believe we are the best-placed of the domestic banks to support the economic transition. In fact, we have been operating in the sustainability business since it emerged and we’re well on target to provide $50 billion worth of sustainable finance solutions by 2025.\n“Experience tells us the real impacts of COVID-19 will not be fully understood until at least the end of 2022, however we’re well positioned financially and culturally to respond. There will be opportunities that arise and we are investing for growth with the mindset and agility to continue to deliver for customers, shareholders and the community.\n“Finally, I would also like to acknowledge our 40,000 people who have been unwavering in a challenging and at times confronting environment,” Mr Elliott said.\nInterviews with relevant executives, including Shayne Elliott, can be found at bluenotes.anz.com.\n[1]  The Group’s Annual Report will be available on 3 November 2021 and will include a copy of KPMG’s audit report dated 27 October 2021.\n[2] Cash Profit excludes non-core items included in Statutory Profit with the net after tax adjustment an increase to Statutory Profit of $19m, made up of several items.\n[3] ANZ announced on 20 October 2021 Statutory and Cash Profit after tax will be impacted by $129 million of large/notable items in the second half.\n[4] All commentary is presented on a Cash Profit continuing basis excluding large/notable items with growth rates compared with the Full Year ended 30 September 2020 unless otherwise stated.\n[5] Based on Level 2 CET1 of 10.75%.\n[6] According to the 2021 Peter Lee Associates Large Corporate and Institutional Relationship Banking Surveys in Australia and New Zealand (customers using ESG).\nDOWNLOAD PDF\nDOWNLOAD INFOGRAPHIC\n    ",
          "author": "Stephen Ries@/content/mediacentre/en/authors/stephen-ries,Nick Higginbottom@/content/mediacentre/en/authors/nick-higginbottom",
          "favicon": "https://media.anz.com/etc/designs/mediacentre/favicon.ico",
          "source": "media.anz.com",
          "published": "",
          "ttr": 308
     }
}