{
     "Date": "8/02/2018",
     "Open": "1.12",
     "High": "1.12",
     "Low": "1.11",
     "Close": "1.11",
     "Adj Close": "0.866511",
     "Volume": "827231",
     "headLine": "ANZ provides $1 million to help drought-affected farmers",
     "link": "https://media.anz.com/posts/2018/08/drought-relief-measures",
     "article": {
          "url": "https://media.anz.com/posts/2018/08/drought-relief-measures",
          "title": "ANZ provides $1 million to help drought-affected farmers ",
          "description": "ANZ today announced it would provide $1 million to help farmers struggling with drought conditions across Australia through two separate donations. ",
          "links": [
               "https://media.anz.com/posts/2018/08/drought-relief-measures"
          ],
          "image": "https://media.anz.com/content/dam/mediacentre/images/mediareleases/2018/August/Drought%20relief.jpg",
          "content": "\n            ANZ will provide $500,000 to Financial Counselling Australia to distribute to rural counselling agencies working in drought-affected areas.\nIt will also provide $500,000 to the Foundation for Rural and Regional Renewal through its Tackling Tough Times Together program to help drought-affected communities in Queensland, which will expand to other communities starting with New South Wales.\nIt comes after ANZ last month announced a drought relief package to help farming customers with financial measures. ANZ also has a long-standing position not to increase interest rates on distressed customers and will provide interest rate relief in cases of extreme distress for customers in drought declared areas.\nCommenting on the drought relief, ANZ Group Executive Australian Business and Private Banking Mark Hand said: “The drought is having a significant impact on the families, and communities of our customers across Australia, and their livelihoods.\n“We have worked closely with government, industry and the community on this additional relief and we hope it provides some much-needed support to help our customers through these tough times,” Mr Hand said.\nFiona Guthrie, CEO of Financial Counselling Australia said: “We welcome ANZ’s donation which will enable a significant number of families affected by financial hardship to be supported with essential financial counselling services and support. The donation will be distributed through the Financial Counselling Foundation to financial counselling agencies working with people in drought-affected communities”\nNatalie Egleton, CEO of FRRR said: “FRRR has worked with ANZ over many years to support rural and regional communities through the Seeds of Renewal grant program. This new donation builds on ANZ’s support of those communities and enables FRRR to provide grants to relieve the current symptoms and stressors of drought, and to support long-term recovery. The donation will be directed to a significant expansion of the existing Tackling Tough times Together (TTTT) program (currently only operating in Queensland) and other grants programs to support drought-affected communities around Australia.”\nANZ customers who want to contribute to the drought relief effort can donate directly to the Red Cross. ANZ will also match staff donations dollar-for-dollar through its workplace giving program.\nDownload PDF\n    \n    For media enquiries contact\n        \n        +61 403 936 262\n        Francesca Rizzo\n        +61 481-014224\n        \n",
          "author": "Nick Higginbottom@/content/mediacentre/en/authors/nick-higginbottom,Francesca Rizzo@/content/mediacentre/en/authors/Francesca-Rizzo",
          "favicon": "https://media.anz.com/etc/designs/mediacentre/favicon.ico",
          "source": "media.anz.com",
          "published": "",
          "ttr": 73
     }
}