{
     "Date": "23/06/2020",
     "Open": "1.42",
     "High": "1.43",
     "Low": "1.4",
     "Close": "1.41",
     "Adj Close": "1.238519",
     "Volume": "443240",
     "headLine": "Report shows COVID-19 will accelerate Asiaâ€™s path to the centre of global economy",
     "link": "https://media.anz.com/posts/2020/06/report-shows-covid-19-will-accelerate-asias-path-to-the-centre-o",
     "article": {
          "url": "https://media.anz.com/posts/2020/06/report-shows-covid-19-will-accelerate-asias-path-to-the-centre-o",
          "title": "Report shows COVID-19 will accelerate Asia’s path to the centre of global economy",
          "description": "‘Asia’s economy: taking centre stage’ is the first of three reports on the impact of the COVID-19 crisis and recovery in a G-Zero world, featuring ANZ Chief Economist Richard Yetsenga and Eurasia Group &amp;...",
          "links": [
               "https://media.anz.com/posts/2020/06/report-shows-covid-19-will-accelerate-asias-path-to-the-centre-o"
          ],
          "image": "https://media.anz.com/content/dam/bluenotes/images/articles/2018/March/shutterstock_181227416_editorial.jpg",
          "content": "\n            ‘Asia’s economy: taking centre stage’ is the first of three reports on the impact of the COVID-19 crisis and recovery in a G-Zero world, featuring ANZ Chief Economist Richard Yetsenga and Eurasia Group &amp; GZERO Media President Ian Bremmer.\nThe G-Zero world refers to an emerging vacuum of power in international politics created by a decline of Western influence and the domestic focus of the governments of developing states, resulting in a geopolitical environment in which no country or group of countries can effectively meet global challenges.\nReport highlights:\n·         Geopolitical tensions between the US and China will increase the complexity of the business environment in countries trying to balance relations with the two powers.\n·         Economic fallout related to COVID-19 has accelerated the relative decline of the US as the world’s economic engine and increased the centrality of Asia — and particularly, of China — to the global economic cycle.\n·         The combined effects of US-China trade and technology conflict, the global downturn triggered by COVID-19, and the rapid growth of China’s neighbours have reduced the importance of the US consumer market for Asian economies.\n·          This trend is likely to continue as trade and supply-chains become more regionally concentrated, and as Asian economies recover more quickly than the US.\n\nEurasia Group &amp; GZERO Media President Ian Bremmer said: “The fragile geopolitical backdrop in this G-Zero world will result in a longer and deeper coronavirus crisis than any of us would like to see. The pandemic has further weakened US global leadership and economic influence. These geopolitical shifts will undoubtedly lead to a higher degree of risk and business complexity for countries across the globe.”\nANZ Chief Economist Richard Yetsenga said: “Asia’s resilience to the pandemic has allowed many countries to emerge from the crisis with a more central role in the world economy.\n“China is likely to help lead a global demand recovery, while ASEAN countries have already surpassed the US to become China’s largest export customers in the first quarter of 2020. We believe the trend will continue, placing Asia at the centre of the global economy.” \nANZ Group Executive International, Farhan Faruqui said: “The pandemic has changed the way we live and work forever. The forces that shape this new post-COVID world won’t be unfamiliar but the pace at which these forces move will be vastly accelerated. Digitisation, data, robotics, automation, and cloud investment will be more critical considerations for business than they have been before. We’re also seeing a big move towards de-risking of supply chains.”\nFor the full report click here.\nDOWNLOAD PDF\n    \n    For media enquiries contact\n        \n        +852-9535-7919\n        Noel Cheung\n        +852-39182841\n        \n",
          "author": "Phoebe O’Sullivan@/content/mediacentre/en/authors/phoebe-o_sullivan,Noel Cheung@/content/mediacentre/en/authors/noel-cheung",
          "favicon": "https://media.anz.com/etc/designs/mediacentre/favicon.ico",
          "source": "media.anz.com",
          "published": "",
          "ttr": 88
     }
}