{
     "Date": "20/11/2019",
     "Open": "1.24",
     "High": "1.26",
     "Low": "1.24",
     "Close": "1.26",
     "Adj Close": "1.081802",
     "Volume": "47597",
     "headLine": "ANZ jointly leads another $315 million social bond for housing as demand soars",
     "link": "https://media.anz.com/posts/2019/11/anz-jointly-leads-another--315-million-social-bond-for-housing-a",
     "article": {
          "url": "https://media.anz.com/posts/2019/11/anz-jointly-leads-another--315-million-social-bond-for-housing-a",
          "title": "ANZ jointly leads another $315 million social bond for housing as demand soars",
          "description": "ANZ today announced it had jointly led another bond issue of $315 million for the Commonwealth’s National Housing Finance and Investment Corporation (NHFIC), which represents the equal-largest social bond for housing in Australia. ",
          "links": [
               "https://media.anz.com/posts/2019/11/anz-jointly-leads-another--315-million-social-bond-for-housing-a"
          ],
          "image": "https://media.anz.com/content/dam/mediacentre/images/mediareleases/2019/November/Housing2.jpg",
          "content": "\n            It comes after ANZ jointly led the inaugural bond issue for NHFIC in March, which was also $315 million and was four times oversubscribed following strong demand.\nNHFIC is an independent Commonwealth entity that operates the Affordable Housing Bond Aggregator (AHBA) to provide cheaper and longer-term secured loan finance for community housing providers by issuing bonds in Australia’s debt capital markets.\nHead of Sustainable Finance at ANZ, Katherine Tapley said: “Social and affordable housing is attracting more interest from investors as a standalone asset class given the bonds provide investors an opportunity to deploy capital towards essential social services.”\n“Investors globally are keen to mobilise capital in assets that not only help provide environmental benefits but address core social needs.”\nProceeds from the 10.5-year bond will fund seven community housing providers to develop social and affordable housing in Australia. ANZ was joint lead manager with UBS and Westpac for the fixed-rated bond which has provided very competitive funding for 10.5 years which will result in an annual interest rate of 2.07% for the Community Housing Providers.\nANZ is committed to improving the availability of suitable and affordable housing options for all Australians and New Zealanders, including the supply of homes to buy and rent, as well as access to safe accommodation.\nDownload PDF\n    ",
          "author": "Nick Higginbottom@/content/mediacentre/en/authors/nick-higginbottom",
          "favicon": "https://media.anz.com/etc/designs/mediacentre/favicon.ico",
          "source": "media.anz.com",
          "published": "",
          "ttr": 43
     }
}