{
     "Date": "31/08/2021",
     "Open": "1.81",
     "High": "1.84",
     "Low": "1.8",
     "Close": "1.84",
     "Adj Close": "1.672122",
     "Volume": "95610",
     "headLine": "Consumer confidence is steady",
     "link": "https://media.anz.com/posts/2021/august/consumer-confidence-is-steady",
     "article": {
          "url": "https://media.anz.com/posts/2021/august/consumer-confidence-is-steady",
          "title": "Consumer confidence is steady",
          "description": "Consumer confidence changed little last week, up 0.2 per cent despite higher COVID-19 case numbers in NSW and Victoria. The increasing vaccination rate may be raising hope that despite prolonged lockdowns,...",
          "links": [
               "https://media.anz.com/posts/2021/august/consumer-confidence-is-steady"
          ],
          "image": "https://media.anz.com/content/dam/mediacentre/images/consumerconfidence/2019/November/man%20shopping.jpg",
          "content": "\n    \n            Consumer confidence changed little last week, up 0.2 per cent despite higher COVID-19 case numbers in NSW and Victoria. The increasing vaccination rate may be raising hope that despite prolonged lockdowns, things will get better.\nThe subindices registered mixed results: ‘Current financial conditions’ declined 3.2 per cent, while ‘Future financial conditions’ gained 1.3 per cent.\n‘Current economic conditions’ improved 6.0 per cent after falling significantly last week as those expecting ‘bad times’ for the economy over the next year declined. ‘Future economic conditions’ worsened 1.9 per cent.\n‘Time to buy a major household item’ barely moved, up just 0.2 per cent. ‘Weekly inflation expectations’ and its four-week moving average hovered at 4.4 per cent.\n    \n    \n\n    \n            \"Consumer confidence rose 0.2 per cent last week despite rising COVID case numbers.\" ANZ Head of Australian Economics, David Plank said.\n\"Sentiment in Sydney gained 0.9 per cent, as daily case numbers rose above 1,000 for the first time. Confidence fell in Brisbane (-1.6 per cent), Melbourne (-1.9 per cent), Adelaide (-8.6 per cent) and Perth (-0.8 per cent).\"\n\"The overall steady outlook may reflect the increasing vaccination rates across the country and the hope that this will eventually bring lockdowns and border closures to an end.\"\nDownload PDF\n    \n\t\t\t\t\t\t",
          "author": "Emma Mellow@/content/mediacentre/en/authors/emma-mellow",
          "favicon": "https://media.anz.com/etc/designs/mediacentre/favicon.ico",
          "source": "media.anz.com",
          "published": "",
          "ttr": 41
     }
}