{
     "Date": "19/08/2020",
     "Open": "1.63",
     "High": "1.63",
     "Low": "1.61",
     "Close": "1.63",
     "Adj Close": "1.431763",
     "Volume": "1152029",
     "headLine": "Third Quarter Trading Update",
     "link": "https://media.anz.com/posts/2020/08/third-quarter-trading-update-",
     "article": {
          "url": "https://media.anz.com/posts/2020/08/third-quarter-trading-update-",
          "title": "Third Quarter Trading Update ",
          "description": "CEO COMMENTARY ANZ Chief Executive Shayne Elliott said: “Our performance during these difficult times demonstrates the strength of our portfolio as we balance the need to support customers and our staff...",
          "links": [
               "https://media.anz.com/posts/2020/08/third-quarter-trading-update-"
          ],
          "image": "https://media.anz.com/content/dam/mediacentre/images/mediareleases/2018/March/ANZ%20logo.jpg",
          "content": "\n            CEO COMMENTARY\nANZ Chief Executive Shayne Elliott said: “Our performance during these difficult times demonstrates the strength of our portfolio as we balance the need to support customers and our staff through this global pandemic while also providing a fair return for shareholders.\n“Our company purpose of helping people and communities thrive has guided our response. Challenges clearly still remain, however having moved quickly to protecting the things that matter, engaging with key stakeholders, adapting for a new world, while also preparing for the future has us well placed.\n“I’m proud of how our people have worked hard to not only support our customers but also the broader economy. We will continue to do what we can to help customers get back on track as this is ultimately in the long-term interests of our stakeholders, including shareholders. We will maintain our close engagement with Government and regulators who have played a critical role in softening the economic impact of this virus.\n“During the quarter we have grown home loans in Australia well above the rest of the market. We are also pleased with the strong deposit growth, demonstrating customers are taking a prudent approach in shoring up their personal finances.\n“As a result of strong customer flows and underlying volatility, our markets business was up 60% on the first half quarterly average, while a reduction in risk weighted assets from our International business also delivered a capital benefit to the Group.\n“We continued the simplification of our business with the announced sale of UDC in New Zealand to Shinsei Bank and an agreement to sell our off-site ATM fleet in Australia to Armaguard.\n“We are better placed than when we went into the GFC with investments in data analytics and real-time monitoring systems allowing us to spot trends quickly and respond to our customers’ needs promptly.\n“You only need to look at the reintroduction of community lockdowns in Victoria and Auckland to realise we all still have a way to go before this virus is behind us. There will be more challenges along the way, however I’m confident Australia, New Zealand and the key Asian countries where we operate are well placed to lead a global economic recovery,” Mr Elliott said.\nDIVIDEND &amp; CAPITAL\nANZ announced today that the Board proposes a 2020 interim dividend which will see a fully-franked (for Australian tax purposes) distribution of 25 cents per share paid to shareholders on 30 September 2020. New Zealand imputation credits of NZ$ 3 cents per ordinary share will also be attached.\nThis decision took into account ANZ’s continuing capital strength and the updated regulatory guidance, while also balancing shareholder needs with the uncertain future impact of COVID-19. \nThe record date for determining entitlements to the proposed 2020 interim dividend will be 25 August 2020. The Dividend Reinvestment Plan (DRP) and Bonus Option Plan (BOP) will continue to operate in respect of the 2020 interim dividend without a discount and key dates and associated information in relation to the dividend, DRP and BOP will be provided separately. \nThe interim dividend represents 46% of ANZ’s 1H20 statutory profit, or 30% of 1H20 statutory profit adjusted for the impairment of Asian associates at 31 March, which reduced statutory profit but did not impact capital as the investments are full capital deductions.\nANZ Chairman David Gonski said: “We know many of our shareholders rely on dividends. We’ve been able to build on our strong capital position this quarter, and this has enabled us to pay a dividend that balances the needs of our shareholders with the uncertain economic environment. We agree with APRA’s view that all ADIs should be prudent in considering dividends. We arrived at our decision independently and it sits comfortably within APRA’s guidance.”\nThe Group’s capital position continues to be strong, allowing ANZ to play a role in supporting the recovery, with a Level 2 Common Equity Tier 1 capital (CET1) ratio of 11.1% at 30 June 2020. The CET1 ratio increased 37 basis points from March and benefitted from an $10 billion reduction in credit risk weighted assets in Institutional (excluding the impacts of exchange rates and risk migration), mainly within the International business.\nThe Group’s pro forma CET1 ratio was 11.3% and includes the conversion of the NZ$ capital notes in 2022 and the announced sale of UDC to Shinsei Bank Limited, expected to complete in the coming weeks.\nCOVID-19 SUPPORT\nANZ launched support packages for retail and commercial customers in Australia and New Zealand that included the option of an up to six-month loan repayment deferral. ANZ is continuing to work with customers impacted by COVID-19 to restructure loans and in some circumstances will provide an extension to loan repayment deferrals for a further four months.\nIn Australia, ANZ has ~84,000 deferrals in place for home loan accounts at 31 July 2020 valued at $31 billion, representing 9% of Australian home loan accounts. ANZ has deferred ~22,000 business loans at 31 July 2020 valued at $9.5 billion, representing ~14% of commercial lending exposures. Approval processes for key government initiatives such as JobKeeper and the SME Loan Guarantee were streamlined during the quarter.\nIn New Zealand, ANZ provided support to ~39,000 customers which included deferrals on 24,000 home loans valued at NZ$6 billion, representing ~6% of New Zealand’s Home Loan portfolio. ANZ also granted ~2,700 temporary overdraft facilities to businesses needing more working capital.\nCREDIT QUALITY \nThe total provision charge in the June quarter was $500 million, and follows the $1,674 million taken at the first half. This new charge includes an individually assessed provision charge of $264 million and a collective provision charge of $236 million as we strengthened credit reserves, in particular for deferral packages and our small business customers. The collective provision (CP) balance increased to $4,648 million as at 30 June 2020 with a coverage ratio (CP Balance / Credit RWA) of 1.25%, up from 0.75% prior to the adoption of AASB 9 in September 2018.\nAn interview with Chief Executive Officer Shayne Elliott discussing the trading update can be found at bluenotes.anz.com\nDownload PDF\n    ",
          "author": "Stephen Ries@/content/mediacentre/en/authors/stephen-ries",
          "favicon": "https://media.anz.com/etc/designs/mediacentre/favicon.ico",
          "source": "media.anz.com",
          "published": "",
          "ttr": 203
     }
}