{
     "Date": "18/10/2019",
     "Open": "1.29",
     "High": "1.29",
     "Low": "1.28",
     "Close": "1.29",
     "Adj Close": "1.107559",
     "Volume": "2581",
     "headLine": "ANZ well prepared for Brexit",
     "link": "https://media.anz.com/posts/2019/10/anz-well-prepared-for-brexit",
     "article": {
          "url": "https://media.anz.com/posts/2019/10/anz-well-prepared-for-brexit",
          "title": "ANZ well prepared for Brexit",
          "description": "ANZ today confirmed it is well prepared to continue supporting customers through any potential Brexit outcome, due to its European branch network and licensing arrangements.",
          "links": [
               "https://media.anz.com/posts/2019/10/anz-well-prepared-for-brexit"
          ],
          "image": "https://media.anz.com/content/dam/mediacentre/images/mediareleases/2019/October/ANZ_Brexit_Big%20Ben.png",
          "content": "\n            Following a deal announced between Britain and the European Union overnight, ANZ said it has branches in the UK, France and Germany, and holds licenses and exemptions allowing it to service other EU countries without relying on passporting.\nANZ Group Executive Institutional, Mark Whelan, said the bank’s customers would benefit because they would not need to make changes or open new accounts in order to continue to bank with ANZ in Europe.\n“We have been planning for all potential Brexit outcomes for more than three years, and are confident it will be business as usual under any potential outcome, including a no-deal exit,” Mr Whelan said.\n“Regardless of what is agreed with the EU, or passed by Parliament, our position will not change – our international network means we can continue to operate and service our clients with operations or investment needs in Europe.”\nANZ employs about 200 people across the UK and the rest of Europe. In the UK, the bank has a long history dating back to 1835 and offers advisory as well as lending, trade, foreign exchange and interest rate risk management products. In the rest of Europe, the bank has branches in Paris and Frankfurt, and offers some lending, trade and markets services.\nYou can find more information about Brexit from the ANZ research team here.\nDownload PDF\n    \n    For media enquiries contact\n        \n        +61 466 670 880 \n        Liz Rudall (ANZ)\n        +61 403 130 207\n        \n",
          "author": "Brett Foley @/content/mediacentre/en/authors/brett-foley,Liz Rudall@/content/mediacentre/en/authors/liz-ruddall",
          "favicon": "https://media.anz.com/etc/designs/mediacentre/favicon.ico",
          "source": "media.anz.com",
          "published": "",
          "ttr": 48
     }
}