{
     "Date": "23/04/2018",
     "Open": "1.07",
     "High": "1.09",
     "Low": "1.07",
     "Close": "1.08",
     "Adj Close": "0.867317",
     "Volume": "31900",
     "headLine": "ANZ partners with Loanapp for lending innovation",
     "link": "https://media.anz.com/posts/2018/04/anz-partners-with-loanapp-for-lending-innovation",
     "article": {
          "url": "https://media.anz.com/posts/2018/04/anz-partners-with-loanapp-for-lending-innovation",
          "title": "ANZ partners with Loanapp for lending innovation",
          "description": "ANZ today announced it had entered into a relationship with Loanapp, an innovative new e-lodgement tool for brokers to submit residential mortgage applications.",
          "links": [
               "https://media.anz.com/posts/2018/04/anz-partners-with-loanapp-for-lending-innovation"
          ],
          "image": "https://media.anz.com/content/dam/mediacentre/images/mediareleases/2018/April/ANZ%20logo%20branch.jpg",
          "content": "\n            The Loanapp platform was built to the LIXI CAL 2.0 standard, which allows lenders to manage broker submission tools instantly. This means mortgage brokers using Loanapp can ensure they are up to date and complying with lenders’ requirements in real time\nLoanapp is the latest offering from Simpology, a company with a strong background in mortgage origination and processing.\nCommenting on the relationship, ANZ General Manager Residential Broker, Simone Tilley said: “This is a transformational step for our business.  Simpology follow the agile methodology and is capable of implementing change smoothly and efficiently.\n“In such a fast-changing environment, these are essential elements we look for in all key business suppliers. Ultimately this is about providing choice, which will only further enhance the ANZ broker experience,” Ms Tilley said.\nSimpology founder, Kate Gubbins said: “With Loanapp, we wanted to deliver an easy and trustworthy experience to both brokers and lenders. It is configured with business logic that matches the lenders’ internal loan processing systems, product and credit requirements.\n“The intuitive user interface guides the broker based on this business logic, and because it can be updated in line with changing lender requirements, brokers and lenders can ensure submissions are compliant, complete and ready to process,” she said.\nANZ will initially make Loanapp available through integrations with two of Australia’s largest Aggregators, AFG and Connective. \nView PDF\n    ",
          "author": "Nick Higginbottom@/content/mediacentre/en/authors/nick-higginbottom",
          "favicon": "https://media.anz.com/etc/designs/mediacentre/favicon.ico",
          "source": "media.anz.com",
          "published": "",
          "ttr": 45
     }
}