{
     "Date": "7/11/2018",
     "Open": "1.06",
     "High": "1.06",
     "Low": "1.05",
     "Close": "1.05",
     "Adj Close": "0.854463",
     "Volume": "52858",
     "headLine": "ANZ comments on A Current Affair story",
     "link": "https://media.anz.com/posts/2018/07/anz-comments-on-a-current-affair-story",
     "article": {
          "url": "https://media.anz.com/posts/2018/07/anz-comments-on-a-current-affair-story",
          "title": "ANZ comments on A Current Affair story",
          "description": "ANZ today commented on a story aired on Channel Nine’s A Current Affair program on Tuesday 10 July.                The story featured an ANZ customer who disputed the nature of his business loan. The...",
          "links": [
               "https://media.anz.com/posts/2018/07/anz-comments-on-a-current-affair-story"
          ],
          "image": "https://media.anz.com/content/dam/mediacentre/images/mediareleases/2018/May/ANZ%20logo%20rural.jpg",
          "content": "\n    \n    ANZ today commented on a story aired on Channel Nine’s A Current Affair program on Tuesday 10 July.\n\n    \n            The story featured an ANZ customer who disputed the nature of his business loan. The following statement was provided to the program:\n\nWhile we are limited in what we can say on individual customers, we have resolved all outstanding issues with Mr Deland and wish him well for the future.\n\n\nIt should be noted the Financial Ombudsman Service found the original loan approval documents in 2013 were not fraudulent. We have also improved our processes that allowed his original lending to be increased.\n\nANZ banker Marc Dorfling was featured in the program. ANZ confirms Mr Dorfling had no involvement with the alleged doctoring of applications or providing false information.\nMr Dorfling is a valued member of ANZ and will continue to perform his important role in supporting our business customers.\nView PDF\n    \n\t\t\t\t\t\t",
          "author": "Nick Higginbottom@/content/mediacentre/en/authors/nick-higginbottom",
          "favicon": "https://media.anz.com/etc/designs/mediacentre/favicon.ico",
          "source": "media.anz.com",
          "published": "",
          "ttr": 30
     }
}