{
     "Date": "15/01/2018",
     "Open": "1.13",
     "High": "1.14",
     "Low": "1.13",
     "Close": "1.13",
     "Adj Close": "0.882124",
     "Volume": "49607",
     "headLine": "ANZ to ace financial wellbeing at the 2018 Australian Open",
     "link": "https://media.anz.com/posts/2018/01/anz-to-ace-financial-wellbeing-at-the-2018-australian-open",
     "article": {
          "url": "https://media.anz.com/posts/2018/01/anz-to-ace-financial-wellbeing-at-the-2018-australian-open",
          "title": "ANZ to ace financial wellbeing at the 2018 Australian Open",
          "description": "ANZ today announced it would donate $10 for every ace served at this month’s Australian Open to help improve Australians’ financial health.",
          "links": [
               "https://media.anz.com/posts/2018/01/anz-to-ace-financial-wellbeing-at-the-2018-australian-open"
          ],
          "image": "https://media.anz.com/content/dam/mediacentre/images/mediareleases/ANZ_logo.png",
          "content": "\n            In partnership with The Smith Family, The Benevolent Society, Berry Street and Brotherhood of St Laurence, ANZ Ace the Open, will celebrate each ace served by donating the money to financial wellbeing programs across the country. \nANZ Group Executive Australia, Fred Ohlsson said: “We know financial wellbeing has a profound impact on overall health and wellbeing and is imperative for Australians to participate more in their community. \n“We’re proud to work together with our charity partners on improving the financial wellbeing of the nation and help more Australians get on top of their money,” Mr Ohlsson said. \nThe Smith Family Victoria General Manager Anton Leschen said: “ANZ Ace the Open will allow charity partners to facilitate more financial wellbeing programs so more low income Australian families can manage their money as best as possible through smart and informed decisions”. \n“We’ve seen these programs transform lives with participants saving more and having more control over their finances. We look forward to offering more Australians access to financial education to create better futures,” Mr Leschen said. \nANZ Ace the Open will recognise every ace across all courts, all standards and all players at the Australian Open including singles, doubles, mixed, wheelchair and juniors. \nANZ will donate $10 for every ace served and aims to improve the financial wellbeing of about 10,000 Australians. ANZ is committed to donating a minimum of $100,000 through its Ace the Open program. \nView PDF\n    ",
          "author": "Nick Higginbottom@/content/mediacentre/en/authors/nick-higginbottom",
          "favicon": "https://media.anz.com/etc/designs/mediacentre/favicon.ico",
          "source": "media.anz.com",
          "published": "",
          "ttr": 48
     }
}