{
     "Date": "13/05/2019",
     "Open": "1.06",
     "High": "1.06",
     "Low": "1.05",
     "Close": "1.06",
     "Adj Close": "0.88914",
     "Volume": "409027",
     "headLine": "Update on contractual arrangements for pensions and investments transaction",
     "link": "https://media.anz.com/posts/2019/05/update-on-contractual-arrangements-for-pensions-and-investments-",
     "article": {
          "url": "https://media.anz.com/posts/2019/05/update-on-contractual-arrangements-for-pensions-and-investments-",
          "title": "Update on contractual arrangements for pensions and investments transaction",
          "description": "ANZ today provided an update on contractual arrangements in place with IOOF Holdings Limited in relation to the sale of the OnePath Pensions & Investments (P&I) business.",
          "links": [
               "https://media.anz.com/posts/2019/05/update-on-contractual-arrangements-for-pensions-and-investments-"
          ],
          "image": "https://media.anz.com/content/dam/mediacentre/images/mediareleases/2018/March/ANZ%20logo%20outdoors.jpg",
          "content": "\n            As of 11 May 2019, the coupon rate ANZ pays on the debt note subscribed by IOOF reduced from 14.4%pa to 2%pa.\nThis relates to an agreement reached in July 2018 under which ANZ agreed to transfer a partial economic interest of its P&amp;I business and the legal ownership of its Aligned Dealer Groups to IOOF from 1 October 2018.\nUnder the agreement ANZ received an initial payment of $800 million from IOOF, equivalent to approximately 82 per cent of the economic interests in ANZ’s P&amp;I business, and ANZ paid a coupon rate on the debt note subscribed by IOOF.\nANZ can also confirm that if any conditions to the completion of the remainder of the P&amp;I business transfer are not met by 17 October 2019, ANZ or IOOF can terminate that remaining sale.\nANZ and IOOF continue to work co-operatively on the transaction. The update announced today does not change ANZ’s position of continuing to monitor IOOF’s response to matters raised by the Australian Prudential Regulation Authority before making a decision about the transfer of the P&amp;I business.\nANZ completed the legal separation of its P&amp;I business from its Life Insurance business last month. The sale of its Life Insurance business to Zurich is on track for completion on 31 May 2019.\nView PDF\n    ",
          "author": "Nick Higginbottom@/content/mediacentre/en/authors/nick-higginbottom",
          "favicon": "https://media.anz.com/etc/designs/mediacentre/favicon.ico",
          "source": "media.anz.com",
          "published": "",
          "ttr": 43
     }
}