{
     "Date": "19/02/2019",
     "Open": "1.02",
     "High": "1.02",
     "Low": "1.01",
     "Close": "1.02",
     "Adj Close": "0.83005",
     "Volume": "119034",
     "headLine": "Consumer confidence: Confidence inches higher; inflation expectations in focus",
     "link": "https://media.anz.com/posts/2019/02/consumer-confidence--confidence-inches-higher--inflation-expecta",
     "article": {
          "url": "https://media.anz.com/posts/2019/02/consumer-confidence--confidence-inches-higher--inflation-expecta",
          "title": "Consumer confidence: Confidence inches higher; inflation expectations in focus",
          "description": "ANZ’s Chief Economist, Richard Yetsenga, commented: “Consumer confidence improved last week, offsetting some of the prior decline, and remaining above the long term average. An important trend that has...",
          "links": [
               "https://media.anz.com/posts/2019/02/consumer-confidence--confidence-inches-higher--inflation-expecta"
          ],
          "image": "https://media.anz.com/content/dam/mediacentre/images/consumerconfidence/2018/August/Consumer%20Confidence%20Aug.JPG",
          "content": "\n            ANZ’s Chief Economist, Richard Yetsenga, commented:\n“Consumer confidence improved last week, offsetting some of the prior decline, and remaining above the long term average. An important trend that has emerged is an entrenched decline in inflation expectations. The 15% fall in petrol prices over the past three months may be a short-term influence on inflation expectations. But the decline since 2017 is concerning given the improvements in the labour market. Inflation expectations are close to the record low of 3.9% recorded in 2016, not long after the RBA last cut interest rates. In the US also, consumers’ inflation expectations haven’t responded to the tightening labour market as might have been expected over the past year. Deflationary forces are proving to be stubborn and would be a surprise to central banks.”\nDownlaod PDF\n    \n    \n                ANZ-Roy Morgan Consumer Confidence\n        \n    \n",
          "author": "Shaurya Mishra@/content/mediacentre/en/authors/shaurya-mishra",
          "favicon": "https://media.anz.com/etc/designs/mediacentre/favicon.ico",
          "source": "media.anz.com",
          "published": "",
          "ttr": 28
     }
}