{
     "Date": "23/08/2019",
     "Open": "1.24",
     "High": "1.28",
     "Low": "1.24",
     "Close": "1.24",
     "Adj Close": "1.040126",
     "Volume": "717373",
     "headLine": "ANZ responds to FMA statement on sale of property",
     "link": "https://media.anz.com/posts/2019/08/anz-responds-to-fma-statement-on-sale-of-property",
     "article": {
          "url": "https://media.anz.com/posts/2019/08/anz-responds-to-fma-statement-on-sale-of-property",
          "title": "ANZ responds to FMA statement on sale of property",
          "description": "The application of the accounting standards on related party disclosures requires judgements to be made on what information is quantitatively or qualitatively material to be included in the financial...",
          "links": [
               "https://media.anz.com/posts/2019/08/anz-responds-to-fma-statement-on-sale-of-property"
          ],
          "image": "https://media.anz.com/content/dam/mediacentre/images/mediareleases/2018/May/ANZ%20logo%20rural.jpg",
          "content": "\n            The application of the accounting standards on related party disclosures requires judgements to be made on what information is quantitatively or qualitatively material to be included in the financial statements, including consideration of whether disclosure of a transaction could influence economic decisions that relevant users make on the basis of the financial statements. \nNo specific related party disclosure was made in ANZ New Zealand's audited 2017 financial statements, as the sale of the property was not considered by ANZ New Zealand and its external auditor to be material to an understanding of ANZ New Zealand’s financial performance and financial position. \nBased on its enquiry into this specific matter, the FMA has informed ANZ New Zealand that it takes the view that the related party transaction was material for financial reporting purposes, and therefore it should have been disclosed in ANZ New Zealand’s financial statements for the year ended 30 September 2017. The FMA and ANZ have agreed that ANZ will issue this statement to help clarify the position. \nANZ disagrees with the FMA’s finding as it considers the transaction not to be material information on the basis that this disclosure could not influence the economic decisions of the users of financial statements.  \nANZ New Zealand and its Board takes financial reporting obligations very seriously and acknowledge that the FMA has reached a different conclusion to that reached by ANZ New Zealand and its external auditor as to the disclosure of the transaction.  \nANZ New Zealand welcomes this opportunity to gain further clarity on the FMA's expectations regarding the disclosure of related party transactions, and as a result of this matter will consider the impact on its internal financial reporting processes and continue to enhance those processes, where necessary. \nDOWNLOAD PDF\n    ",
          "author": "Siobhan Enright@/content/mediacentre/en/authors/siobhan-enright",
          "favicon": "https://media.anz.com/etc/designs/mediacentre/favicon.ico",
          "source": "media.anz.com",
          "published": "",
          "ttr": 58
     }
}