{
     "Date": "17/09/2019",
     "Open": "1.25",
     "High": "1.28",
     "Low": "1.25",
     "Close": "1.26",
     "Adj Close": "1.081802",
     "Volume": "41496",
     "headLine": "Consumer confidence tumbles",
     "link": "https://media.anz.com/posts/2019/09/consumer-confidence-tumbles-",
     "article": {
          "url": "https://media.anz.com/posts/2019/09/consumer-confidence-tumbles-",
          "title": "Consumer confidence tumbles ",
          "description": "Confidence plunged 3.5% last week to its lowest level in over two years. ‘Time to buy a household item’ was the only subindex in the positive, eking out a 0.2% gain. The financial conditions subcomponents...",
          "links": [
               "https://media.anz.com/posts/2019/09/consumer-confidence-tumbles-"
          ],
          "image": "https://media.anz.com/content/dam/mediacentre/images/mediareleases/2019/January/ANZ%20Apple%20Pay.JPG",
          "content": "\n            Confidence plunged 3.5% last week to its lowest level in over two years. ‘Time to buy a household item’ was the only subindex in the positive, eking out a 0.2% gain.\nThe financial conditions subcomponents dropped sharply. Current finances were down 4.6%, the third consecutive weekly decline, while future finances were down 4.8%.\nThe economic conditions subindices were also down, with current economic conditions losing 0.6% and future economic conditions falling by a sharp 7.6%, bringing it to a two-year low.\nThe four-week moving average for inflation expectations increased by 0.1ppt to 4.1%, despite a small decline in the weekly reading.\n    ",
          "author": "Phoebe O’Sullivan@/content/mediacentre/en/authors/phoebe-o_sullivan",
          "favicon": "https://media.anz.com/etc/designs/mediacentre/favicon.ico",
          "source": "media.anz.com",
          "published": "",
          "ttr": 21
     }
}