{
     "Date": "16/04/2019",
     "Open": "1",
     "High": "1.02",
     "Low": "1",
     "Close": "1",
     "Adj Close": "0.838811",
     "Volume": "128408",
     "headLine": "Confidence shakes off post-Budget blues",
     "link": "https://media.anz.com/posts/2019/04/confidence-shakes-off-post-budget-blues",
     "article": {
          "url": "https://media.anz.com/posts/2019/04/confidence-shakes-off-post-budget-blues",
          "title": "Confidence shakes off post-Budget blues",
          "description": "• ANZ-Roy Morgan Australian Consumer Confidence has bounced back, rising 1.9% last week. This reaffirms our prognosis that the post-Budget dip in consumer confidence was likely noise. • Current finances were...",
          "links": [
               "https://media.anz.com/posts/2019/04/confidence-shakes-off-post-budget-blues"
          ],
          "image": "https://media.anz.com/content/dam/mediacentre/images/consumerconfidence/2019/March/heidi-sandstrom-173946-unsplash.jpg",
          "content": "\n            • ANZ-Roy Morgan Australian Consumer Confidence has bounced back, rising 1.9% last week. This reaffirms our prognosis that the post-Budget dip in consumer confidence was likely noise.\n• Current finances were up 2.1%, after three consecutive falls. Future financial conditions inched up marginally by 0.1%.\n• Current economic conditions rose by 4.2%, to the highest level for this year. Future economic conditions were up by a 1.5%.\n• The ‘time to buy a household item’ rose by 1.7%. Four-week moving average inflation expectations were stable at 4.0%. The weekly reading softened to 3.9%, however, reversing much of the prior week’s uptick.\n    ",
          "author": "Phoebe O’Sullivan@/content/mediacentre/en/authors/phoebe-o_sullivan",
          "favicon": "https://media.anz.com/etc/designs/mediacentre/favicon.ico",
          "source": "media.anz.com",
          "published": "",
          "ttr": 21
     }
}