{
     "Date": "14/08/2020",
     "Open": "1.57",
     "High": "1.58",
     "Low": "1.54",
     "Close": "1.54",
     "Adj Close": "1.352709",
     "Volume": "266052",
     "headLine": "ANZ to sell offsite ATM network to Armaguard",
     "link": "https://media.anz.com/posts/2020/08/anz-to-sell-offsite-atm-network-to-armaguard-",
     "article": {
          "url": "https://media.anz.com/posts/2020/08/anz-to-sell-offsite-atm-network-to-armaguard-",
          "title": "ANZ to sell offsite ATM network to Armaguard ",
          "description": "As part of the agreement, ANZ cardholders will continue to have fee-free access to the ATMs with Armaguard Group set to rebrand them under its new united national network brand. ANZ customers will also...",
          "links": [
               "https://media.anz.com/posts/2020/08/anz-to-sell-offsite-atm-network-to-armaguard-"
          ],
          "image": "https://media.anz.com/content/dam/news/New-Zealand/Gallery/stockimages/generic5.jpg",
          "content": "\n            As part of the agreement, ANZ cardholders will continue to have fee-free access to the ATMs with Armaguard Group set to rebrand them under its new united national network brand.\nANZ customers will also continue to have fee-free access to thousands of additional ATMs operated by the other major banks.\nANZ will continue to operate and maintain its network of ~900 ATMs located at its branches around Australia as well as some strategically important offsite ATMs.\nThe sale is another step in ANZ’s drive to simplify the business and its Australia Retail and Commercial operations in particular.\nThe ATMs are expected to start transferring to Armaguard Group during 2021.\nDownload PDF\n    ",
          "author": "Nick Higginbottom@/content/mediacentre/en/authors/nick-higginbottom",
          "favicon": "https://media.anz.com/etc/designs/mediacentre/favicon.ico",
          "source": "media.anz.com",
          "published": "",
          "ttr": 23
     }
}