{
     "Date": "18/12/2019",
     "Open": "1.29",
     "High": "1.32",
     "Low": "1.29",
     "Close": "1.32",
     "Adj Close": "1.133317",
     "Volume": "94472",
     "headLine": "New ANZ NZ CEO",
     "link": "https://media.anz.com/posts/2019/12/new-anz-nz-ceo",
     "article": {
          "url": "https://media.anz.com/posts/2019/12/new-anz-nz-ceo",
          "title": "New ANZ NZ CEO",
          "description": "The Board of ANZ Bank New Zealand Ltd (ANZ NZ) today announced Antonia Watson has been appointed as the company’s Chief Executive Officer.",
          "links": [
               "https://media.anz.com/posts/2019/12/new-anz-nz-ceo"
          ],
          "image": "https://media.anz.com/content/dam/mediacentre/images/mediareleases/2019/December/ANZ%20NZ%20CEO%20Antonia%20Watson.jpg",
          "content": "\n            Ms Watson will also be a Director of ANZ NZ.\nMs Watson, who has received a non-objection from the Reserve Bank of New Zealand, has been ANZ NZ’s Acting CEO since May. As ANZ NZ CEO she will sit on ANZ Banking Group‘s Executive Committee and will also have responsibilities for the Pacific.\nANZ NZ Chair Sir John Key said Ms Watson was the outstanding applicant for the role.\n“Antonia is a warm, empathetic and inclusive leader who is also methodical in her thinking and forensic in her analysis,” Sir John said.\n“Most importantly she is authentic – what you see is her and she’ll be upfront and honest with you.”\nSir John said like all banks ANZ NZ faced many immediate challenges – significantly increased capital, more regulation and regulatory oversight, higher customer and public expectations of financial institutions and increasing competition from new entrants to the industry.\n“The Board is confident Antonia has all the skills to help ANZ NZ navigate this new environment and ensure the bank flourishes.”\nMs Watson is the first New Zealand woman to lead the organisation.\nMs Watson joined ANZ NZ in 2009 as financial controller before becoming Chief Financial Officer in 2012. In 2017 she was appointed Managing Director Retail and Business Banking.\nHaving grown up in Auckland, she graduated from Otago University with a Bachelor of Commerce degree with honours and later became a qualified accountant. She has previously worked for KPMG in New Zealand and Morgan Stanley in London, Sydney and Budapest.\nSir John said ANZ NZ will commence a process shortly to recruit a new Managing Director Retail and Business Banking. In the meantime Ben Kelleher will continue as Acting Managing Director Retail and Business Banking.\nDownload PDF\n    \n    For media enquiries contact\n        \n        +61 409 655 551\n        Siobhan Enright\n        +64 021 991 325 \n        \n",
          "author": "Stephen Ries@/content/mediacentre/en/authors/stephen-ries,Siobhan Enright@/content/mediacentre/en/authors/siobhan-enright",
          "favicon": "https://media.anz.com/etc/designs/mediacentre/favicon.ico",
          "source": "media.anz.com",
          "published": "",
          "ttr": 61
     }
}