{
     "Date": "3/02/2020",
     "Open": "1.38",
     "High": "1.38",
     "Low": "1.37",
     "Close": "1.37",
     "Adj Close": "1.176245",
     "Volume": "108867",
     "headLine": "Job ads gain a little in February",
     "link": "https://media.anz.com/posts/2020/03/job-ads-gain-a-little-in-february-",
     "article": {
          "url": "https://media.anz.com/posts/2020/03/job-ads-gain-a-little-in-february-",
          "title": "Job ads gain a little in February ",
          "description": "ANZ Senior Economist, Catherine Birch, commented: Job Ads rose for a second consecutive month in February to be up almost 5% over the past two months. This has been a surprise to the positive side; a welcome...",
          "links": [
               "https://media.anz.com/posts/2020/03/job-ads-gain-a-little-in-february-"
          ],
          "image": "https://media.anz.com/content/dam/mediacentre/images/jobads/job%20ads.jpg",
          "content": "\n            ANZ Senior Economist, Catherine Birch, commented:\nJob Ads rose for a second consecutive month in February to be up almost 5% over the past two months. This has been a surprise to the positive side; a welcome relief from the more negative data from the private sector on construction work done, capital expenditure, and business conditions and confidence. The uptick in job ads and in ABS job vacancies in November could\nhave been a signal for some improvement in the labour market.\nHowever, the past two months of gains weren’t enough to regain levels seen prior to the sharp loss in December and any underlying momentum may stall in the near-term. Other labour market indicators have turned down and in January, employment growth slowed to its weakest annual rate in almost three years. Demand for labour may pull back as the effects of COVID-19 on tourism, trade, supply chains and the wider economy become more apparent.\nDOWNLOAD PDF\n    ",
          "author": "Phoebe O’Sullivan@/content/mediacentre/en/authors/phoebe-o_sullivan",
          "favicon": "https://media.anz.com/etc/designs/mediacentre/favicon.ico",
          "source": "media.anz.com",
          "published": "",
          "ttr": 32
     }
}