{
     "Date": "3/12/2018",
     "Open": "1.04",
     "High": "1.04",
     "Low": "1.03",
     "Close": "1.03",
     "Adj Close": "0.838188",
     "Volume": "109362",
     "headLine": "ANZ provides assistance for customers impacted by North Queensland floods",
     "link": "https://media.anz.com/posts/2018/03/anz-provides-assistance-for-customers-impacted-by-north-queensla",
     "article": {
          "url": "https://media.anz.com/posts/2018/03/anz-provides-assistance-for-customers-impacted-by-north-queensla",
          "title": "ANZ provides assistance for customers impacted by North Queensland floods",
          "description": "ANZ today announced it has put in place a financial assistance package for customers impacted by recent flooding in North Queensland.",
          "links": [
               "https://media.anz.com/posts/2018/03/anz-provides-assistance-for-customers-impacted-by-north-queensla"
          ],
          "image": "https://media.anz.com/content/dam/mediacentre/images/mediareleases/ANZ_logo.png",
          "content": "\n            As part of its assistance package, ANZ will:\n- Suspend repayments on loans including credit cards for up to three months\n- Waive fees associated with restructuring business loans considered necessary due to the flooding\n- Assess term deposits early without incurring any fees\n- Waive fees associated with replacing damaged business EFTPOS and credit card terminals\n- Offer relief assistance such as emergency funds and temporary accommodation to eligible customers with Home and Contents insurance\nANZ General Manager for Northern Queensland, Tony Tapsall: “While our immediate concern is for the safety of those in the impacted areas, we want all our customers impacted to know we’re ready to provide them with the support to help get them back on their feet.\n“Our branches remain open and we encourage any customers that have been adversely impacted to get in touch as soon as they can to discuss their individual needs,” Mr Tapsall said.\nANZ branches in the affected region are currently open. Customers can visit the branch for assistance or call the ANZ financial hardship team on 1800 149 549.\nTo lodge an insurance claim affected customers can call 13 16 14 or visit anz.com/insuranceclaims.\nView PDF\n    ",
          "author": "Francesca Rizzo@/content/mediacentre/en/authors/Francesca-Rizzo",
          "favicon": "https://media.anz.com/etc/designs/mediacentre/favicon.ico",
          "source": "media.anz.com",
          "published": "",
          "ttr": 40
     }
}