{
     "Date": "14/05/2019",
     "Open": "1.06",
     "High": "1.06",
     "Low": "1.05",
     "Close": "1.06",
     "Adj Close": "0.88914",
     "Volume": "317752",
     "headLine": "Consumer confidence rebounds",
     "link": "https://media.anz.com/posts/2019/05/consumer-confidence-rebounds",
     "article": {
          "url": "https://media.anz.com/posts/2019/05/consumer-confidence-rebounds",
          "title": "Consumer confidence rebounds",
          "description": "• Confidence has reversed the previous week’s loss. All the sub-indices were positive. The survey coincided with the election, so much of the gain likely reflects the impact of the surprise win by the...",
          "links": [
               "https://media.anz.com/posts/2019/05/consumer-confidence-rebounds"
          ],
          "image": "https://media.anz.com/content/dam/mediacentre/images/consumerconfidence/2018/August/Consumer%20Confidence%20Aug.JPG",
          "content": "\n    \n            • Confidence has reversed the previous week’s loss. All the sub-indices were positive. The survey coincided with the election, so much of the gain likely reflects the impact of the surprise win by the Coalition.\n• Current financial conditions rose by 0.5 per cent, while future financial conditions were up 1.2 per cent.\n• Economic conditions, which were responsible for much of the previous week’s fall, were also in positive territory. Current economic conditions were up 3.8 per cent, compared to a fall of 8.1 per cent previously, while future economic conditions were up 0.9 per cent.\n• The ‘time to buy a household item’ also rose significantly; it was up 4.1 per cent to its highest level since the end of March. The four-week moving average for inflation expectations was down by 0.1 ppt to 4.1 per cent.\n    \n    \n\n    \n            ANZ Head of Australian Economics, David Plank, commented:\n“The surprise election result, which people surveyed on Sunday would have known, most likely had a significant impact on sentiment.\n After all, the tone of the domestic economic data released during the week prior to the survey (falling business conditions, modest wage gains and rising unemployment) would not have provided much of a boost to confidence. \nThe move only reverses the prior week’s fall, however, so we won’t overplay it. Still, it leaves consumer sentiment above average.”\nDOWNLOAD PDF\n    \n\t\t\t\t\t\t",
          "author": "Phoebe O’Sullivan@/content/mediacentre/en/authors/phoebe-o_sullivan",
          "favicon": "https://media.anz.com/etc/designs/mediacentre/favicon.ico",
          "source": "media.anz.com",
          "published": "",
          "ttr": 46
     }
}