{
     "Date": "30/04/2020",
     "Open": "1.28",
     "High": "1.29",
     "Low": "1.27",
     "Close": "1.28",
     "Adj Close": "1.124329",
     "Volume": "689364",
     "headLine": "ANZ Half Year 2020 Result Transcript: Chief Executive Officer Shayne Elliott Speaking Notes",
     "link": "https://media.anz.com/posts/2020/04/anz-half-year-2020-result-transcript--chief-executive-officer-sh",
     "article": {
          "url": "https://media.anz.com/posts/2020/04/anz-half-year-2020-result-transcript--chief-executive-officer-sh",
          "title": "ANZ Half Year 2020 Result Transcript: Chief Executive Officer Shayne Elliott Speaking Notes",
          "description": "We are fortunate to operate primarily in markets where capacity for support is relatively strong at all three levels. Today I will focus on how we are responding, building resilience and preparing for the...",
          "links": [
               "https://media.anz.com/posts/2020/04/anz-half-year-2020-result-transcript--chief-executive-officer-sh"
          ],
          "image": "https://media.anz.com/content/dam/mediacentre/images/gallery/HY20-Results/Shayne_Halfyear%20005.jpg",
          "content": "\n            We are fortunate to operate primarily in markets where capacity for support is relatively strong at all three levels.\nToday I will focus on how we are responding, building resilience and preparing for the future.\nWe entered the crisis in good shape with a significantly great capacity to withstand losses than when we entered the GFC for example.\nTier 1 capital is $56bn is three times larger than entering the GFC and supports lending assets only two times larger.\nThe business was performing well pre-crisis, and our conservative approach over the past 4 years meant the cost for credit provisions in the half up to February was at historical lows.\nBut the crisis has already impacted results, after taking a prudent approach to bolster credit reserves by a further $1.4bn and recognising the impact on two associate investments.\nAs a result, statutory profit is down 44%, while Cash profit excluding large and notable items is down 26%.\nBase case assumptions will change, particularly as Governments adjust public health policies, and those changes will likely drive further adjustment to reserves, up or down, particularly over the balance of this financial year.\nFulfilling our responsibilities, while ensuring ANZ emerges ready and able to thrive post COVID, will require sacrifice from all stakeholders.\nGiven the significant uncertainty regarding the impact of COVID19 on the economy, the Board has decided that making a decision on the 2020 interim dividend at this time would not be prudent or appropriate and has deferred that decision until later in the year.\nI know that many will be disappointed by this decision but we did not make it lightly. After much debate and analysis of alternatives, we firmly believe this is the right thing to do to protect and enhance the long term interests of shareholders.\nThe Board and I acknowledge that this will have a short-term financial impact on some investors and I appreciate their understanding.\nI would stress that we are not cancelling the dividend - the board has determined that this is not the right time to be making such a significant decision, and believe we will be better informed to enable a decision later in the year.\nGiven uncertainties, we have agreed to provide a trading update in August which will be an opportunity to update shareholders as to the dividend decision.\nWhile we did not predict the crisis, our strategy to simplify and strengthen the bank has materially lowered exposure to potential credit and operational risks.\nIt’s worth remembering how we have de-risked the bank over 4 years, including:\n\nexiting Asia retail and commercial;\nselling Esanda motor dealer finance;\nprioritising owner occupied home loans over investor;\nnot providing a retail home-loan offering to self-managed super funds;\nmaintaining the lowest exposure to commercial property of the major banks; and\nexiting life insurance, superannuation and financial planning.\n\nOur strategy remains intact, but given the crisis, we have pivoted to a four-pronged framework; protecting what matters; adapting to the changing environment; increasing engagement; and preparing for the future.\nOur first priority is to protect the bank, our people, customers and shareholders.\nWe’ve rolled out support packages, introduced health measures, moved to working from home and maintained strong balance sheet and liquidity settings.\nWe were the only major bank to pass on rate cuts to home loan customers with the last RBA decision, and now have the lowest fixed and variable rate home loans of the Majors.\nWe are conducting deep-dive global industry reviews focussed on high-risk sectors like retailing, oil and gas and automotive, and continue to run stress tests to inform resource allocation.\nWe have amended business writing strategies, changed risk-adjusted return hurdles, and increased the pace of decisions, particularly with respect to credit and liquidity.\nWe are protecting customers as best we can, but sadly some will not return to their previous strength.\nOur support packages are designed to flatten the curve of financial failure, provide time to prepare customers for the return to work and identify those that have structural issues requiring intensive care.\nWe are mindful of our role in providing support as quickly as possible to those that need it, but also acknowledge that in a small number of cases, payment deferrals or extra financing may not be in our customer’s best interest and providing good customer outcomes remains our number one responsibility.\nOur next priority is to adapt to the new operating environment.\nWe are fortunate to have an experienced and stable senior executive team who are able to navigate the changing environment effectively and quickly.\nWe are open for business and experiencing record volumes in areas like home-loan refinancing applications and financial markets activity, with dramatic falls in ATM and branch transactions.\nThat requires quick and safe adaptation of policies, resources and processes.\nFor example, excluding branch staff, 95% of our people have been working from home since mid-March.\nThe principles of “agile” – test and learn, collaboration, shifting resources quickly and a relentless focus on customer outcomes, have enabled us to quickly adapt to the new environment with productivity benefits and minimal disruption.\nIn a time of uncertainty, communication has never been more important, so a third priority is to increase engagement with stakeholders.\nOur people and customers are seeking clarity and we have worked hard to keep messages simple, provide appropriate guidance and be as accessible as possible.\nWe learned from the GFC, that investment and consumption take time to recover.\nEven with the economy opening in the coming months, it could take 3 to 5 years for employment to fully recover.\nAs a result, a lot will change for the long term – consumer behaviour, attitudes to risk, usage of technology, management of supply chains and ways of working.\nInterest rates are likely to be even lower, for even longer.\nThere will be no low-debt countries. Governments will be larger, manufacturing more localised and health systems reformed.\nEducation and tourism will require substantial innovation.\nNew industries and companies will emerge. Some geographies, businesses and segments will become more attractive, some less, and that is why we are not only managing the present, but already preparing for the future.\nExisting plans have already been through an “accelerate”, “stay”, “slow” or “stop” filter and driven a significant reprioritisation of resources.\nIt also means we need to reassess skills.\nFor example, data and process re-engineering will become more important and so I have asked Emma Gray, our current Chief Data Officer, to join our Executive Committee as our Group Executive, Data and Automation.\nTurning to the outlook, there is no doubt the months ahead will be extremely difficult.\nThe crisis is evolving at such a pace, it is difficult to predict how deep the economic impact will be, or how long the recovery will take.\nAs a result, this will be the most profound challenge many will have faced in their lifetime, including some of our own people.\nBut while we are dealing with the immediate impact, experience tells us there is opportunity for those that protect their base and retain the capacity to invest for the long-term.\nStrategic clarity, prudent risk settings and execution discipline have been the hallmark of the previous 4 years, and that will continue.\nSpecifically our priorities are:\n\nA prudent approach to risk and capital,\nFocus on liquidity,\nStaying close to customers,\nDynamic pricing of risk,\nOperational agility,\nContinued focus on productivity, and\nInvesting for the long term.\n\nWith regards to capital, we start in a position of strength with our CET1 ratio at 10.8%, even after bolstering reserves to record levels.\nWe acknowledge APRAs sensible guidance that allows banks to utilise capital buffers through this crisis.\nGiven uncertainty, we should be prepared to use buffers, but it is imprudent to plan using them all.\nBased on what we know, we believe it’s prudent to set operating levers that tolerate short-term use of buffers that could see CET1 dip below 10% for short periods of time.\nThat retains a significant buffer, with the flexibility to operate safely, while allowing us to support customers, our long-term strategy, and the broader economy, without unnecessarily diluting shareholders.\nI need to be clear – this does not mean it is our plan to operate below 10.5%, rather it is an acceptance that given high levels of uncertainty, and the multiple variables, we should allow for the possibility that even managing prudently may result in periods where our CET1 dips below that threshold and perhaps below 10%.\nOur focus on absolute cost reduction will also continue to be important.\nThe crisis is driving material change in customer behaviour, much of which will be permanent.\nThis strengthens the case for reimagining and digitising of our services.\nBusiness as usual costs continue fell again this half and are likely to do so again in the second half.\nThat creates capacity to invest and reinforces our belief that building a better and safer bank will deliver our $8bn cost ambition, though events may change our delivery timetable a little.\nIn the short-term we are tightly managing costs, while providing as much job security as we can for our people.\nSome costs are pro-cyclical and will naturally decline, like travel.\nIn addition we are pro-actively managing staff leave and discretionary spend.\nImprovements in day to day productivity are still being delivered.\nWe are freezing salaries for at least 12 months, though there will be exceptions at junior levels.\nThe Board will assess variable remuneration at the end of the year.\nIt is too early to assess the full impact of the crisis, but at this stage we expect variable remuneration will be materially reduced and focused on rewarding front-line and junior staff.\nIn closing, we know many customers and members of the community face an uncertain future, and many are frightened.\nWe have already assisted many and stand ready and able to do more.\nIt is times like these that test an organisations culture and values.\nOur people have demonstrated resilience, agility, customer focus and accountability and I have never been prouder to lead a team that so genuinely cares about their customers, colleagues and communities.\nThe response of our people provides shareholders great confidence about how we will manage through the crisis and emerge as a stronger and better bank.\nI thank them all for their ongoing support and engagement.\nWith that I will pass to Michelle.\nCLOSE\nThe challenge we face as a community is immense, with devastating consequences for many.\nWhile we are confident there will be a recovery, it will be some years before there is any sense of economic normalcy.\nDecisive action means we are well placed to protect the bank, our people and customers, and well placed to continue investing for the long-term.\nUnderstandably there is a lot of focus on the level of preparedness in terms of credit provisions and capital, and it is reasonable to make comparisons with the past, however each economic crisis is different in terms of transmission and impact.\nWithout diminishing the very serious impacts of COVID19, we have reached our decisions on provisioning and capital management based on experience, but also with respect to the current condition of our balance sheet and assessment of mitigating factors, like regulatory and government intervention.\nFor example, while there are similarities with the 1990 recession or GFC, in the nineties ANZ had significant exposure to commercial real estate, versus 7% of our lending today, and there was no equivalent in the nineties or the GFC with respect to this government’s swift and decisive support.\nBut we are not complacent or naïve.\nWe will continue to be prudent, we will continue to focus on the long-term and we will continue to be flexible in our approach, balancing the needs of all stakeholders.\n The key messages today are:\n\nour long-term strategy remains intact;\nwe are well positioned to manage the crisis – financially, operationally and culturally;\nwe remain committed to our $8bn cost ambition; and\nwe agree with APRA that short-term use of CET1 buffers are prudent and appropriate given what we know today.\n\nAgain, I acknowledge that many will be disappointed that we have deferred a decision on paying the 2020 interim dividend, but we firmly believe it is in the long term interests of shareholders.\nNo matter how prudent our approach, the environment will continue to evolve.\nIt is therefore appropriate that we provide a trading update to shareholders in August, which will be an ideal time to update shareholders with respect to dividend policy.\nThank you.\nDownload PDF\n    \n    \n                COVID-19\n        \n        \n                Speeches &amp; Presentations\n        \n    \n",
          "author": "Stephen Ries@/content/mediacentre/en/authors/stephen-ries",
          "favicon": "https://media.anz.com/etc/designs/mediacentre/favicon.ico",
          "source": "media.anz.com",
          "published": "",
          "ttr": 418
     }
}