{
     "Date": "15/10/2019",
     "Open": "1.29",
     "High": "1.29",
     "Low": "1.27",
     "Close": "1.28",
     "Adj Close": "1.098974",
     "Volume": "91544",
     "headLine": "Consumer confidence declines further",
     "link": "https://media.anz.com/posts/2019/10/consumer-confidence-declines-further",
     "article": {
          "url": "https://media.anz.com/posts/2019/10/consumer-confidence-declines-further",
          "title": "Consumer confidence declines further",
          "description": "\"Consumer confidence was down 1.2 per cent last week, despite some positive developments in the US-China trade war,\" ANZ Senior Economist, Felicity Emmett, said. \"The decline leaves overall sentiment below...",
          "links": [
               "https://media.anz.com/posts/2019/10/consumer-confidence-declines-further"
          ],
          "image": "https://media.anz.com/content/dam/mediacentre/images/consumerconfidence/2018/August/Consumer%20Confidence%20Aug.JPG",
          "content": "\n            \"Consumer confidence was down 1.2 per cent last week, despite some positive developments in the US-China trade war,\" ANZ Senior Economist, Felicity Emmett, said. \"The decline leaves overall sentiment below average.\"\n\"Household perceptions of the economic outlook fell for a second consecutive week and are well below average. It will be interesting to see whether economic sentiment can gain this week as households have more time to consider the news on trade.\"\n\"In contrast to the negative economic outlook, households remain much more confident about their own financial outlook. This week’s employment data could be important in this regard.\"\n\"Stable inflation expectations, albeit at a low level by historical standards, will be comforting for The Reserve Bank of Australia.\"\nDownload PDF\n    ",
          "author": "Phoebe O’Sullivan@/content/mediacentre/en/authors/phoebe-o_sullivan",
          "favicon": "https://media.anz.com/etc/designs/mediacentre/favicon.ico",
          "source": "media.anz.com",
          "published": "",
          "ttr": 25
     }
}