{
     "Date": "27/10/2020",
     "Open": "1.74",
     "High": "1.77",
     "Low": "1.74",
     "Close": "1.75",
     "Adj Close": "1.565116",
     "Volume": "216640",
     "headLine": "Update on impact of large notable items on 2H20 results",
     "link": "https://media.anz.com/posts/2020/10/update-on-impact-of-large-notable-items-on-2h20-results",
     "article": {
          "url": "https://media.anz.com/posts/2020/10/update-on-impact-of-large-notable-items-on-2h20-results",
          "title": "Update on impact of large notable items on 2H20 results",
          "description": "Remediation charges recognised in the second half of 2020 will be $188m (after tax), largely related to an acceleration of remediation programs and product reviews across the Group. Changes to the application...",
          "links": [
               "https://media.anz.com/posts/2020/10/update-on-impact-of-large-notable-items-on-2h20-results"
          ],
          "image": "https://media.anz.com/content/dam/mediacentre/images/mediareleases/2019/July/ANZ%20Pitt%20street%20logo.jpg",
          "content": "\n            Remediation charges recognised in the second half of 2020 will be $188m (after tax), largely related to an acceleration of remediation programs and product reviews across the Group.\nChanges to the application of ANZ’s software amortisation policy resulted in a $138 million (after tax) charge being recognised in the second half of 2020. These changes were made to reflect the increasingly shorter useful life of various types of software assets caused by rapidly changing technology and business requirements.\nThe remaining charges of $202m (after tax) include the write-down of goodwill in ANZ’s Pacific business, the impact of AASB 9 accounting changes on ANZ’s investment in PT Panin and restructuring charges.\nThe following tables are provided to illustrate the impacts of the above items to cash continuing profit after tax (versus prior comparable periods):\n    ",
          "author": "Stephen Ries@/content/mediacentre/en/authors/stephen-ries",
          "favicon": "https://media.anz.com/etc/designs/mediacentre/favicon.ico",
          "source": "media.anz.com",
          "published": "",
          "ttr": 27
     }
}