{
     "Date": "17/11/2020",
     "Open": "1.81",
     "High": "1.85",
     "Low": "1.8",
     "Close": "1.83",
     "Adj Close": "1.636664",
     "Volume": "104721",
     "headLine": "Consumer confidence extends gains",
     "link": "https://media.anz.com/posts/2020/11/consumer-confidence-extends-gains",
     "article": {
          "url": "https://media.anz.com/posts/2020/11/consumer-confidence-extends-gains",
          "title": "Consumer confidence extends gains",
          "description": "An improvement across the majority of the sub-indices lifted headline consumer confidence up by 3.4 per cent last week. This marks eleven-consecutive weeks of gains in consumer confidence. Building on the...",
          "links": [
               "https://media.anz.com/posts/2020/11/consumer-confidence-extends-gains"
          ],
          "image": "https://media.anz.com/content/dam/mediacentre/images/consumerconfidence/2018/August/Consumer%20Confidence%20Aug.JPG",
          "content": "\n    \n            An improvement across the majority of the sub-indices lifted headline consumer confidence up by 3.4 per cent last week. This marks eleven-consecutive weeks of gains in consumer confidence.\nBuilding on the previous week’s 6.1 per cent gain, ‘current financial conditions’ rose by 1.6 per cent. ‘Future financial conditions’ lifted by 3.5 per cent.\nConfidence in economic conditions improved sharply. ‘Current economic conditions’ rose by 8.2 per cent and ‘future economic conditions’ gained 4.8 per cent.\n‘Time to buy a major household item’ softened marginally by 0.2 per cent. This small fall does come after a rise of 10 per cent in the prior week. The four-week moving average of ‘inflation expectations’ remained stable at 3.4 per cent.\n    \n    \n\n    \n            \"This week’s 3.4 per cent up-tick in confidence, coming on the back of the previous week’s 3.2 per cent rise, is a pretty strong result – especially as it is the 11th gain in a row,\" ANZ Head of Australian Economics, David Plank said.\n\"The rise comes on the back of gains across the major subindices and takes overall confidence to its highest level since February.\"\n\"The news about the successful vaccine trial no doubt played a major role. The strong result points to a potentially strong Christmas season ahead for retailers.\"\n\"The outbreak of local transmission in South Australia reminds us that we aren’t in the clear just yet, but the trend in confidence is very encouraging.\"\nDownload PDF\n    \n\t\t\t\t\t\t",
          "author": "Phoebe O’Sullivan@/content/mediacentre/en/authors/phoebe-o_sullivan",
          "favicon": "https://media.anz.com/etc/designs/mediacentre/favicon.ico",
          "source": "media.anz.com",
          "published": "",
          "ttr": 48
     }
}