{
     "Date": "3/03/2020",
     "Open": "1.32",
     "High": "1.37",
     "Low": "1.32",
     "Close": "1.35",
     "Adj Close": "1.159074",
     "Volume": "179707",
     "headLine": "ANZ reduces variable home loan rates between 0.25%pa and 0.35%pa",
     "link": "https://media.anz.com/posts/2020/03/anz-reduces-variable-home-loan-rates-by-up-to-0-35-pa",
     "article": {
          "url": "https://media.anz.com/posts/2020/03/anz-reduces-variable-home-loan-rates-by-up-to-0-35-pa",
          "title": "ANZ reduces variable home loan rates between 0.25%pa and 0.35%pa",
          "description": "ANZ today announced it will decrease variable interest home loan rates in Australia by between 0.25%pa to 0.35%pa across a range of Standard Variable Rate Indices. ",
          "links": [
               "https://media.anz.com/posts/2020/03/anz-reduces-variable-home-loan-rates-by-up-to-0-35-pa"
          ],
          "image": "https://media.anz.com/content/dam/mediacentre/images/mediareleases/2020/March/media-housing1.jpg",
          "content": "\n            \nFor Standard Variable Rate Owner Occupiers paying Principal &amp; Interest, the Index Rate will decrease by 0.25% to 4.54%pa.\nFor Standard Variable Rate Investors paying Principal &amp; Interest the Index Rate will decrease by 0.25%pa to 5.14%pa.\nFor Standard Variable Rate Owner Occupiers paying Interest Only the Index Rate will decrease by 0.25%pa to 5.09%pa.\nFor Standard Variable Rate Investors paying Interest Only the Index Rate will decrease by 0.35%pa to 5.39%pa.\nAll variable rate reductions are effective from Friday 13 March, 2020.\n\nANZ Group Executive Australia Retail &amp; Commercial Mark Hand said: “The decision by the Reserve Bank to reduce the cash rate to historically low levels highlights the significant impact the outbreak of COVID-19 is already having on the global economy.\n“While there were a range of factors considered in making this decision, ANZ is prepared to play its role in supporting both our customers and the broader economy through this period of uncertainty.\n“Customers wanting to increase the money in their pocket each month can contact us to decrease their monthly minimum payments. We also have competitive fixed-rates available for those looking to lock in these historically low rates,” Mr Hand said.\nANZ is also providing the necessary financial support to business customers experiencing hardship due to the outbreak of COVID-19. This includes suspending interest repayments, providing early access to term deposits without incurring break fees as well as providing access to additional credit.\nCustomers who would like assistance with interest rates or the financial impacts of COVID-19 should visit any ANZ branch or contact ANZ on 13 13 14.\nDownload PDF\nDownload interest rates explainer\n    \n    For media enquiries contact\n        \n        +61 409 655 551\n        Nick Higginbottom\n        +61 403 936 262\n        \n",
          "author": "Stephen Ries@/content/mediacentre/en/authors/stephen-ries,Nick Higginbottom@/content/mediacentre/en/authors/nick-higginbottom",
          "favicon": "https://media.anz.com/etc/designs/mediacentre/favicon.ico",
          "source": "media.anz.com",
          "published": "",
          "ttr": 57
     }
}