{
     "Date": "7/06/2020",
     "Open": "",
     "High": "",
     "Low": "",
     "Close": "",
     "Adj Close": "",
     "Volume": "",
     "headLine": "Job Ads rebound in June but thereâ€™s a long way to go",
     "link": "https://media.anz.com/posts/2020/07/job-ads-rebound-in-june-but-theres-a-long-way-to-go",
     "article": {
          "url": "https://media.anz.com/posts/2020/07/job-ads-rebound-in-june-but-theres-a-long-way-to-go",
          "title": "Job Ads rebound in June but there’s a long way to go",
          "description": "ANZ Senior Economist, Catherine Birch, commented: ANZ Job Ads rose by a record 42.0% m/m in June, dwarfing the previous record monthly increase of 17.7% in February 2010. Week-to-week movements were positive...",
          "links": [
               "https://media.anz.com/posts/2020/07/job-ads-rebound-in-june-but-theres-a-long-way-to-go"
          ],
          "image": "https://media.anz.com/content/dam/mediacentre/images/jobads/2019/June/job%20ads.jpg",
          "content": "\n            ANZ Senior Economist, Catherine Birch, commented:\nANZ Job Ads rose by a record 42.0% m/m in June, dwarfing the previous record monthly increase of 17.7% in February 2010.\nWeek-to-week movements were positive as well, showing consistent improvement throughout the month. This is not overly surprising, given that COVID-19 restrictions continued to ease across most of Australia during June.\nSEEK noted that the strongest growth in SEEK job ads has been in the hospitality and tourism sector. This is a good sign for at least some of the 381,000 workers in accommodation and food services and arts and recreation who lost employment between February and May.\nDespite the rebound in June, ANZ Job Ads were still 41% lower than they were in February, before the pandemic began to impact the labour market. After an initial bounce, we expect the recovery will be a lot slower. There have been a number of recent large-scale lay-offs announced across a wide range of sectors, including travel, retail, media, consulting, and education.\nAnd the rise in new COVID-19 cases in Melbourne and return to lockdowns in several postcodes also pose a risk to the pace and timing of the recovery. \n Download PDF\n    ",
          "author": "Phoebe O’Sullivan@/content/mediacentre/en/authors/phoebe-o_sullivan",
          "favicon": "https://media.anz.com/etc/designs/mediacentre/favicon.ico",
          "source": "media.anz.com",
          "published": "",
          "ttr": 40
     }
}