{
     "Date": "20/03/2021",
     "Open": "",
     "High": "",
     "Low": "",
     "Close": "",
     "Adj Close": "",
     "Volume": "",
     "headLine": "ANZ provides support package for customers affected by New South Wales floods",
     "link": "https://media.anz.com/posts/2021/march/anz-provides-support-package-for-customers-affected-by-new-south",
     "article": {
          "url": "https://media.anz.com/posts/2021/march/anz-provides-support-package-for-customers-affected-by-new-south",
          "title": "ANZ provides support package for customers affected by New South Wales floods",
          "description": "ANZ today announced it would provide a financial support package to help customers and businesses that have been affected by floods along the east coast of Australia.",
          "links": [
               "https://media.anz.com/posts/2021/march/anz-provides-support-package-for-customers-affected-by-new-south"
          ],
          "image": "https://media.anz.com/content/dam/mediacentre/images/mediareleases/2019/February/Flooded%20Australian%20road.jpg",
          "content": "\n            The record rainfall has swamped communities on the mid-north coast and the Hunter region of New South Wales with many still in danger and greater Sydney braced for the possibility of significant flooding.\nANZ encourages customers affected by the floods to contact the bank when they’re ready to discuss how they can access a range of financial support measures, including:\n\nPausing payments for up to three months on home loans, credit cards, personal loans and some business loans (we may still charge you interest during that period)      \nTemporary interest rate reductions on lending for customers experiencing extreme financial distress\nWaiving fees for restructuring business loans\nWaiving fees for accessing term deposits early\n\nANZ general manager for New South Wales Michael Wake said: “These floods have left hundreds of residents stranded with many having to be rescued from their homes and cars. The communities affected will be left to pick up the pieces in the aftermath.”\n“As people manage the recovery process, we hope the relief measures we’ve announced today will assist in what is a very difficult time.”\nANZ customers affected by the floods are encouraged to visit their local branch if they are able, or to contact their relationship manager to discuss the impact on their business or personal circumstances.\nCustomers can also contact ANZ’s dedicated financial hardship team on 1800 149 549 or at anz.com.au/support/natural-disaster-support/\nCustomers with ANZ Home and Contents Insurance may be eligible for emergency funds and temporary accommodation.\nTo lodge an insurance claim, customers can call 13 16 14 or visit anz.com/insuranceclaims\nDownload PDF\n    ",
          "author": "Nick Higginbottom@/content/mediacentre/en/authors/nick-higginbottom",
          "favicon": "https://media.anz.com/etc/designs/mediacentre/favicon.ico",
          "source": "media.anz.com",
          "published": "",
          "ttr": 52
     }
}