{
     "Date": "23/02/2021",
     "Open": "2.01",
     "High": "2.03",
     "Low": "2.01",
     "Close": "2.01",
     "Adj Close": "1.797647",
     "Volume": "237369",
     "headLine": "Confidence falls for third week",
     "link": "https://media.anz.com/posts/2021/february/confidence-down-for-a-third-week",
     "article": {
          "url": "https://media.anz.com/posts/2021/february/confidence-down-for-a-third-week",
          "title": "Confidence falls for third week",
          "description": "Consumer confidence fell 0.6 per cent last week, even as Victoria emerged from its brief circuit-breaker lockdown. The details were mixed - confidence around economic conditions improved, but weakened around...",
          "links": [
               "https://media.anz.com/posts/2021/february/confidence-down-for-a-third-week"
          ],
          "image": "https://media.anz.com/content/dam/mediacentre/images/consumerconfidence/2018/August/Consumer%20Confidence%20Aug.JPG",
          "content": "\n    \n            Consumer confidence fell 0.6 per cent last week, even as Victoria emerged from its brief circuit-breaker lockdown. The details were mixed - confidence around economic conditions improved, but weakened around financial conditions and time to buy household items.\n‘Current financial conditions’ softened 0.1 per cent, while ‘future financial conditions’ weakened 0.2 per cent. ‘Current economic conditions’ was unchanged and ‘future economic conditions’ gained 1.6 per cent.\n‘Time to buy a major household item’ declined by 3.9 per cent, its largest weekly drop since August 2020. The four-week moving average for inflation expectations was steady at 3.7 per cent.\n    \n    \n\n    \n            \"Consumer confidence has fallen for the third week in a row, despite the easing of lockdown restrictions in Victoria.,\" ANZ Head of Australian Economics David Plank said. \"Indeed, Regional Victoria led the fall with confidence deteriorating 10.5 per cent.\"\n\"This could possibly be a catch-up to last week’s surprise rise in regional sentiment. Within the detail, the softness in ‘time to buy a major household item’ is interesting given the current strength of the housing market.\"\n\"We would expect the two to go hand-in-hand, so the relative softness of this aspect of sentiment may not endure.\"\nDownload PDF\n    \n\t\t\t\t\t\t",
          "author": "Emma Mellow@/content/mediacentre/en/authors/emma-mellow",
          "favicon": "https://media.anz.com/etc/designs/mediacentre/favicon.ico",
          "source": "media.anz.com",
          "published": "",
          "ttr": 40
     }
}