{
     "Date": "12/03/2018",
     "Open": "1.1",
     "High": "1.1",
     "Low": "1.08",
     "Close": "1.09",
     "Adj Close": "0.875348",
     "Volume": "239408",
     "headLine": "ANZ Job Ads: modest decline reverses the prior monthâ€™s gain",
     "link": "https://media.anz.com/posts/2018/12/anz-job-ads--modest-decline-reverses-the-prior-months-gain",
     "article": {
          "url": "https://media.anz.com/posts/2018/12/anz-job-ads--modest-decline-reverses-the-prior-months-gain",
          "title": "ANZ Job Ads: modest decline reverses the prior month’s gain",
          "description": "On a seasonally adjusted basis, ANZ Australian Job Advertisements fell 0.3% in November reversing the prior month’s gain. ",
          "links": [
               "https://media.anz.com/posts/2018/12/anz-job-ads--modest-decline-reverses-the-prior-months-gain"
          ],
          "image": "https://media.anz.com/content/dam/mediacentre/images/jobads/job%20ads.jpg",
          "content": "\n            ANZ’S HEAD OF AUSTRALIAN ECONOMICS, DAVID PLANK, COMMENTED:\n“ANZ Australian Job ads have effectively tracked sideways since the start of the year, with the annual growth rate losing momentum as a consequence. The level of job ads is still consistent with ongoing employment growth, however. More generally, a variety of labour market indicators point to further employment gains and a lower unemployment rate. We would, however, be concerned to see job ads sliding.”\n \nDownload PDF \n    \n    For media enquiries contact\n        \n        +61 2 8037 0029\n        Shaurya Mishra\n        +91 80 6795 3801\n        Francesca Rizzo\n        +61 481-014224\n        \n",
          "author": "David Plank@/content/mediacentre/en/authors/david-plank,Shaurya Mishra@/content/mediacentre/en/authors/shaurya-mishra,Francesca Rizzo@/content/mediacentre/en/authors/Francesca-Rizzo",
          "favicon": "https://media.anz.com/etc/designs/mediacentre/favicon.ico",
          "source": "media.anz.com",
          "published": "",
          "ttr": 19
     }
}