{
     "Date": "5/01/2019",
     "Open": "",
     "High": "",
     "Low": "",
     "Close": "",
     "Adj Close": "",
     "Volume": "",
     "headLine": "ANZ Half Year 2019 Result",
     "link": "https://media.anz.com/posts/2019/05/anz-half-year-2019-result",
     "article": {
          "url": "https://media.anz.com/posts/2019/05/anz-half-year-2019-result",
          "title": "ANZ Half Year 2019 Result",
          "description": "ANZ today announced a Statutory Profit after tax for the Half Year ended 31 March 2019 of $3.17 billion, down 5% on the prior comparable period. Cash Profit  for its continuing operations was $3.56 billion, up 2%.",
          "links": [
               "https://media.anz.com/posts/2019/05/anz-half-year-2019-result"
          ],
          "image": "https://media.anz.com/content/dam/mediacentre/images/mediareleases/2018/March/ANZ%20logo.jpg",
          "content": "\n            CEO Commentary\nANZ Chief Executive Officer Shayne Elliott said:  “The work started in 2016 to simplify our business and strengthen our balance sheet has helped us weather the strong headwinds in Australian retail banking, while still producing a balanced financial outcome for shareholders.\n“Home loan demand in Australia has slowed significantly and this continued during the half. While our decision to step back from certain segments compounded this impact, being more risk averse in the current environment is prudent. However, we do accept we could have done a better job implementing our new risk settings and are taking steps to improve processes.\n“Other parts of the business performed solidly. Institutional has been transformed into a well-managed business delivering consistent and diversified results for shareholders as well as customers. New Zealand also put in another good performance.\n“The completion of our $3 billion buy-back resulted in a 3.7% reduction in shares, helping drive a strong increase in earnings per share. We also plan to neutralise the dividend reinvestment plan (DRP) for the fifth consecutive half and remain the only major Australian bank to have reduced shares on issue.\n“Action taken over the last three years to improve the composition of our lending book, combined with a relatively benign credit environment, resulted in a good credit quality outcome.\n“Cost control was a highlight with absolute expenses down for another half. In fact, since the end of 2015 we have absorbed inflation of around $550 million while also reducing the cost of running the bank by approximately $300 million, even when excluding divestments.\n“The tough retail banking environment will be a reality for the foreseeable future. We knew three years ago there would be strong headwinds and have taken action to respond head-on, including restructuring our Australian business,” Mr Elliott said.\nDownload PDF\nDownload infographic\n    \n    For media enquiries contact\n        \n        +61 409 655 551\n        Nick Higginbottom\n        +61 403 936 262\n        \n",
          "author": "Stephen Ries@/content/mediacentre/en/authors/stephen-ries,Nick Higginbottom@/content/mediacentre/en/authors/nick-higginbottom",
          "favicon": "https://media.anz.com/etc/designs/mediacentre/favicon.ico",
          "source": "media.anz.com",
          "published": "",
          "ttr": 64
     }
}