{
     "Date": "6/02/2020",
     "Open": "",
     "High": "",
     "Low": "",
     "Close": "",
     "Adj Close": "",
     "Volume": "",
     "headLine": "Consumer confidence rises for ninth week",
     "link": "https://media.anz.com/posts/2020/06/consumer-confidence-rises-for-ninth-week",
     "article": {
          "url": "https://media.anz.com/posts/2020/06/consumer-confidence-rises-for-ninth-week",
          "title": "Consumer confidence rises for ninth week",
          "description": "Consumer confidence has strengthened further, with all the sub-indices gaining compared to the previous reading. The nine-week run is the most extended run of consecutive gains since the index changed to a...",
          "links": [
               "https://media.anz.com/posts/2020/06/consumer-confidence-rises-for-ninth-week"
          ],
          "image": "https://media.anz.com/content/dam/mediacentre/images/consumerconfidence/2018/August/Consumer%20Confidence%20Atm.JPG",
          "content": "\n    \n            Consumer confidence has strengthened further, with all the sub-indices gaining compared to the previous reading. The nine-week run is the most extended run of consecutive gains since the index changed to a weekly format in 2008.\nConfidence in economic conditions gained substantially, with ‘current economic conditions’ up 15.7 per cent and ‘future economic conditions’ up 7.5 per cent.\n‘Current finances’ gained 0.6 per cent, while ‘future finances’ gained 0.2 per cent to sit just 2.1 per cent below the long-run average.\n‘Time to buy a major household item’ rose 10.9 per cent, its fourth-straight gain.\nThe four-week moving average for ‘inflation expectations’ was stable at 3.3 per cent.\n    \n    \n\n    \n            \"On the back of strong gains in the ‘economic conditions’ subindices, confidence strengthened further last week,\" ANZ Head of Australian Economics David Plank said.\n\"Nine weekly gains in a row is unprecedented. To be fair, though, so was the depth of the starting point. More good news about\ncontrol of the pandemic and the consequent relaxation of restrictions is key to the lift in sentiment.\" \n\"Expectations of residential housing stimulus and lower petrol prices may also be playing a role. Though lower petrol prices are also contributing to the record low in inflation expectations.\"\nDOWNLOAD PDF\n    \n\t\t\t\t\t\t",
          "author": "Phoebe O’Sullivan@/content/mediacentre/en/authors/phoebe-o_sullivan",
          "favicon": "https://media.anz.com/etc/designs/mediacentre/favicon.ico",
          "source": "media.anz.com",
          "published": "",
          "ttr": 41
     }
}