{
     "Date": "7/09/2019",
     "Open": "",
     "High": "",
     "Low": "",
     "Close": "",
     "Adj Close": "",
     "Volume": "",
     "headLine": "APRA releases response to submissions on its proposed loss-absorbing capacity requirements",
     "link": "https://media.anz.com/posts/2019/07/apra-releases-response-to-submissions-on-its-proposed-loss-absor",
     "article": {
          "url": "https://media.anz.com/posts/2019/07/apra-releases-response-to-submissions-on-its-proposed-loss-absor",
          "title": "APRA releases response to submissions on its proposed loss-absorbing capacity requirements",
          "description": "APRA has announced that it will require domestic systemically important banks (D-SIBs), including ANZ, to increase their Total Capital by 3% of risk-weighted assets (RWA) by January 2024. The initial proposal...",
          "links": [
               "https://media.anz.com/posts/2019/07/apra-releases-response-to-submissions-on-its-proposed-loss-absor"
          ],
          "image": "https://media.anz.com/content/dam/mediacentre/images/mediareleases/2018/May/ANZ%20logo%20rural.jpg",
          "content": "\n            APRA has announced that it will require domestic systemically important banks (D-SIBs), including ANZ, to increase their Total Capital by 3% of risk-weighted assets (RWA) by January 2024. The initial proposal contained in APRA’s discussion paper was 4% to 5% of RWA.\nBased on ANZ’s RWA of $396bn as at 31 March 2019, this represents an incremental increase in the Total Capital requirement of approximately $12bn, with an equivalent decrease in other senior funding[1]. APRA continues to anticipate that D-SIBs would satisfy the requirement predominantly with Tier 2 capital.\nAPRA noted that its “overall targeted calibration of an additional four to five percentage points of loss-absorbing capacity remains unchanged.  Over the next four years, feasible alternative methods for raising the additional one to two percentage points will be considered in consultation with industry and other interested stakeholders.”\n[1] This is updated from ANZ’s announcement dated 8 November 2018 following release of APRA’s initial discussion paper of the same date\nDOWNLOAD PDF\n    ",
          "author": "Stephen Ries@/content/mediacentre/en/authors/stephen-ries",
          "favicon": "https://media.anz.com/etc/designs/mediacentre/favicon.ico",
          "source": "media.anz.com",
          "published": "",
          "ttr": 33
     }
}