{
     "Date": "27/08/2019",
     "Open": "1.27",
     "High": "1.27",
     "Low": "1.26",
     "Close": "1.26",
     "Adj Close": "1.056903",
     "Volume": "392694",
     "headLine": "Confidence lifts on record current finances",
     "link": "https://media.anz.com/posts/2019/08/confidence-lifts-on-record-current-finances",
     "article": {
          "url": "https://media.anz.com/posts/2019/08/confidence-lifts-on-record-current-finances",
          "title": "Confidence lifts on record current finances",
          "description": "ANZ-Roy Morgan Australian Consumer Confidence gained 1.2% last week, pushing the index above its long-term average. Current finances rose by a strong 5.9%, taking this measure of sentiment to its highest...",
          "links": [
               "https://media.anz.com/posts/2019/08/confidence-lifts-on-record-current-finances"
          ],
          "image": "https://media.anz.com/content/dam/news/gallery/DigitalPayments/Project%20fusion_retouched%20lifestule%20image.jpg",
          "content": "\n            ANZ-Roy Morgan Australian Consumer Confidence gained 1.2% last week, pushing the index above its long-term average. \nCurrent finances rose by a strong 5.9%, taking this measure of sentiment to its highest level since the weekly survey began in 2008. In contrast, future financial conditions fell 3%, reversing the gains of the past two weeks but remaining above average. \nEconomic conditions were also mixed. Current economic conditions fell 1.4%, the fourth consecutive decline, while future economic conditions had a marginal gain of 0.2%. Both the indices are below average. \nThe ‘Time to buy a major household item’ sub-index gained 4%, after falling for three consecutive weeks. The four-week moving average for inflation expectations was stable at 3.9%. The weekly reading for inflation expectations jumped to 4.1%.\n    ",
          "author": "Phoebe O’Sullivan@/content/mediacentre/en/authors/phoebe-o_sullivan,Brittannie Edwards@/content/mediacentre/en/authors/brittannie-edwards",
          "favicon": "https://media.anz.com/etc/designs/mediacentre/favicon.ico",
          "source": "media.anz.com",
          "published": "",
          "ttr": 25
     }
}