{
     "Date": "3/08/2021",
     "Open": "1.87",
     "High": "1.88",
     "Low": "1.85",
     "Close": "1.85",
     "Adj Close": "1.681209",
     "Volume": "91637",
     "headLine": "ANZ launches Sustainability-Linked Derivatives",
     "link": "https://media.anz.com/posts/2021/august/anz-launches-sustainability-linked-derivatives",
     "article": {
          "url": "https://media.anz.com/posts/2021/august/anz-launches-sustainability-linked-derivatives",
          "title": "ANZ launches Sustainability-Linked Derivatives",
          "description": "ANZ Head of Sustainable Finance Katharine Tapley said: “ANZ is among very few banks globally to offer Sustainability-Linked Derivatives, which is a natural evolution of the sustainable finance market.” “This...",
          "links": [
               "https://media.anz.com/posts/2021/august/anz-launches-sustainability-linked-derivatives"
          ],
          "image": "https://media.anz.com/content/dam/bluenotes/images/articles/2018/August/Tapley_Green_Banner.png",
          "content": "\n            ANZ Head of Sustainable Finance Katharine Tapley said: “ANZ is among very few banks globally to offer Sustainability-Linked Derivatives, which is a natural evolution of the sustainable finance market.”\n“This latest sustainable finance-related offering broadens our suite of products and services for our customers, in line with increased demand we are seeing across all industries and market segments,” Ms Tapley said.\nANZ plans to launch this product in other major financial markets later this year.\nThe new product include Swaps, Forwards, Cross Currency Swaps, Interest Rate and Foreign Exchange Options executed alongside Sustainability-Linked Bonds or Sustainability-Linked Loans. A Sustainability-Linked Derivative has a pricing component tied to the sustainability targets of the underlying Bond or Loan.\nA market leader in Sustainable Finance across Australia and New Zealand, ANZ is ranked #1 according to the 2021 Peter Lee Associates Large Corporate and Institutional Relationship Banking Survey.\nThe bank closed Australia’s first Sustainability-Linked Loan in 2018 as well as the first Sustainability-Linked Bond in the Australian dollar bond market earlier in June.\nANZ has an AUD50 billion commitment to fund and facilitate sustainable solutions for customers by 2025, including initiatives to help improve environmental sustainability, increase access to affordable housing and promote financial wellbeing.\nDownload PDF\n    \n    For media enquiries contact\n        \n        +61 466 856 830\n        Brenda Chai\n        +65-9750-1671\n        \n",
          "author": "Sharon Klyne @/content/mediacentre/en/authors/sharon-klyne-,Brenda Chai@/content/mediacentre/en/authors/brenda-chai",
          "favicon": "https://media.anz.com/etc/designs/mediacentre/favicon.ico",
          "source": "media.anz.com",
          "published": "",
          "ttr": 43
     }
}