{
     "Date": "4/11/2020",
     "Open": "1.73",
     "High": "1.74",
     "Low": "1.72",
     "Close": "1.72",
     "Adj Close": "1.538285",
     "Volume": "148884",
     "headLine": "ANZ reduces business and home lending rates to boost growth and economic recovery",
     "link": "https://media.anz.com/posts/2020/11/anz-reduces-business-and-home-lending-rates-to-boost-growth-and-",
     "article": {
          "url": "https://media.anz.com/posts/2020/11/anz-reduces-business-and-home-lending-rates-to-boost-growth-and-",
          "title": "ANZ reduces business and home lending rates to boost growth and economic recovery",
          "description": "Key points: Small &amp; Medium Businesses:  Decrease interest rate for unsecured Next Step Business Loan by 0.75%pa to 4.24%pa – backed by Government Guarantee New fixed rates from 2.85%pa for new vehicle and...",
          "links": [
               "https://media.anz.com/posts/2020/11/anz-reduces-business-and-home-lending-rates-to-boost-growth-and-"
          ],
          "image": "https://media.anz.com/content/dam/mediacentre/images/mediareleases/2020/November/Mark%20Hand_Core%20A_March%202020.jpg",
          "content": "\n            Key points:\nSmall &amp; Medium Businesses:\n\nDecrease interest rate for unsecured Next Step Business Loan by 0.75%pa to 4.24%pa – backed by Government Guarantee\nNew fixed rates from 2.85%pa for new vehicle and equipment purchases – backed by the Government Guarantee\nAll above rates effective 11 November 2020. \n\nHome Loan Customers:\n\nIntroduction of historically low fixed rates for owner occupier customers on Breakfree package paying principal and interest and effective 5 November:\nOne-year fixed rate of 2.09%pa (-0.30%pa)\nTwo-year fixed rate of 2.09%pa (-0.20%pa)\nThree-year fixed rate of 2.09%pa (-0.20%pa)\nFour-year fixed rate of 2.29%pa (-0.40%pa)\nFive-year fixed rate of 2.29%pa (-0.40%pa)\n\n\nANZ has offered the lowest standard variable interest home loan indices of all the major banks since 27 March\n\n    \n            ANZ Group Executive, Australia Retail &amp; Commercial, Mark Hand said: “This year has provided some of the most challenging circumstances many Australians have ever faced. We are focussed on continuing to support our customers now and as the economy starts to recover.\n“The RBA and the Government are rightly focussed on supporting the economy by making long-term financing cheaper for small businesses and households during this difficult period. ANZ continues to play its part.\n“By providing a lower rate for our Next Step Business Loan – part of the Government SME Guarantee Scheme – we will help our customers restock and rebuild, which will also help boost jobs and the broader economy,” Mr Hand said.\n“Since March we have maintained the lowest standard variable home loan index among the major banks for owner occupier customers paying principal and interest and we are pleased to still have the lowest today.\n“For home loan customers looking for certainty with their repayments, they can consider the range of historically low fixed rate terms we have on offer.\n“We have once again weighed up a number of factors in making this decision with our focus today on supporting business recovery while continuing to offer very competitive home loan rates to help our customers and the housing sector,” Mr Hand said.\nANZ has provided a range of relief measures for customers during the COVID-19 pandemic. Customers seeking more information can visit our dedicated site on anz.com\nDOWNLOAD PDF\nDOWNLOAD INTEREST RATES EXPLAINER\n    \n            [1] Applicable for unsecured loans. Rates may vary based on ANZ’s credit criteria or your financial circumstance\n[2] Rates may vary based on ANZ’s credit criteria or your financial circumstance, excludes third party transactions\n    ",
          "author": "Nick Higginbottom@/content/mediacentre/en/authors/nick-higginbottom,Brett Foley @/content/mediacentre/en/authors/brett-foley",
          "favicon": "https://media.anz.com/etc/designs/mediacentre/favicon.ico",
          "source": "media.anz.com",
          "published": "",
          "ttr": 81
     }
}