{
     "Date": "1/12/2018",
     "Open": "",
     "High": "",
     "Low": "",
     "Close": "",
     "Adj Close": "",
     "Volume": "",
     "headLine": "UDC sale to HNA not proceeding",
     "link": "https://media.anz.com/posts/2018/01/udc-sale-to-hna-not-proceeding",
     "article": {
          "url": "https://media.anz.com/posts/2018/01/udc-sale-to-hna-not-proceeding",
          "title": "UDC sale to HNA not proceeding",
          "description": "ANZ today announced the agreement to sell UDC Finance to HNA Group will not proceed as the agreement with HNA has now been terminated in accordance with the contracted timeframe. ",
          "links": [
               "https://media.anz.com/posts/2018/01/udc-sale-to-hna-not-proceeding"
          ],
          "image": "https://media.anz.com/content/dam/mediacentre/images/mediareleases/ANZ_logo.png",
          "content": "\n            This follows the 21 December 2017 announcement that New Zealand’s Overseas Investment Office had declined HNA Group’s application to acquire UDC Finance. \nANZ Group Executive and New Zealand CEO David Hisco said: “Following the termination of the agreement with HNA, we’ll continue to assess our strategic options regarding the future of UDC, although there is no immediate requirement to do anything.\n “It will be business as usual for staff and customers. UDC continues to be a very profitable business with a strong capital position and a growing loan portfolio across a range of industries. \n“Its focus remains on its core business of financing vehicles and equipment for people and companies across New Zealand,” Mr Hisco said. \nView PDF\n    \n    For media enquiries contact\n        \n        +61 409 655 551\n        Stefan Herrick\n        +64 21 748 492\n        \n",
          "author": "Stephen Ries@/content/mediacentre/en/authors/stephen-ries,Stefan Herrick@/content/mediacentre/en/authors/stefan-herrick",
          "favicon": "https://media.anz.com/etc/designs/mediacentre/favicon.ico",
          "source": "media.anz.com",
          "published": "",
          "ttr": 27
     }
}