{
     "Date": "28/02/2019",
     "Open": "1.01",
     "High": "1.02",
     "Low": "1.01",
     "Close": "1.01",
     "Adj Close": "0.821912",
     "Volume": "114407",
     "headLine": "Group Executive changes in Australia",
     "link": "https://media.anz.com/posts/2019/02/group-executive-changes-in-australia",
     "article": {
          "url": "https://media.anz.com/posts/2019/02/group-executive-changes-in-australia",
          "title": "Group Executive changes in Australia",
          "description": "ANZ today announced a new management structure for its Australia business designed to help it better navigate the challenges facing the sector, while also ensuring increased organisational alignment to take advantage of current market opportunities.",
          "links": [
               "https://media.anz.com/posts/2019/02/group-executive-changes-in-australia"
          ],
          "image": "https://media.anz.com/content/dam/mediacentre/images/mediareleases/2019/February/Mark%20and%20Maile.jpg",
          "content": "\n            As part of these changes, current Group Executives Mark Hand and Maile Carnegie will share responsibility for the financial performance of ANZ’s business in Australia.\nMark Hand has been appointed Group Executive Australia Retail and Commercial Banking, with Maile Carnegie to take on an expanded role as Group Executive Digital and Australia Transformation.\nANZ Chief Executive Officer Shayne Elliott said: “The continued transformation of the Australia business to succeed and thrive in this new operating environment is both the biggest challenge and opportunity for ANZ.\n“It was clear that retaining a single governance and accountability structure is no longer suitable given the size and complexity of the challenges facing domestic banking in Australia.\n“We have made significant progress in recent years, particularly with the roll-out of Agile work methods, however we know there are significant opportunities available for the bank that best responds to the changing needs of retail and business customers in Australia.\n“This means continuing the work started in Australia several years ago to build a bank more relevant and responsive to the changing needs of our customers.\n“Both Mark and Maile are experienced executives with a strong track-record at ANZ. I’m confident these changes will not only improve the services and products we provide our customers but also help us better meet the expectations of the broader community,” Mr Elliott said.\n\nThe changes are effective 1 March 2019.\nDownload PDF\n    \n    For media enquiries contact\n        \n        +61 409 655 551\n        Nick Higginbottom\n        +61 403 936 262\n        \n",
          "author": "Stephen Ries@/content/mediacentre/en/authors/stephen-ries,Nick Higginbottom@/content/mediacentre/en/authors/nick-higginbottom",
          "favicon": "https://media.anz.com/etc/designs/mediacentre/favicon.ico",
          "source": "media.anz.com",
          "published": "",
          "ttr": 50
     }
}