{
     "Date": "7/04/2021",
     "Open": "2.08",
     "High": "2.09",
     "Low": "2.03",
     "Close": "2.06",
     "Adj Close": "1.872049",
     "Volume": "108877",
     "headLine": "Consumer confidence slumps",
     "link": "https://media.anz.com/posts/2021/april/Consumer-confidence-slumps",
     "article": {
          "url": "https://media.anz.com/posts/2021/april/Consumer-confidence-slumps",
          "title": "Consumer confidence slumps",
          "description": "\"New COVID-19 cases, the snap Brisbane lockdown and the end of JobKeeper combined to drag consumer confidence down 4.6 points,\" ANZ Senior Economist, Catherine Birch said. \"This was the largest fall since...",
          "links": [
               "https://media.anz.com/posts/2021/april/Consumer-confidence-slumps"
          ],
          "image": "https://media.anz.com/content/dam/mediacentre/images/consumerconfidence/2018/August/Consumer%20Confidence%20Aug.JPG",
          "content": "\n            \"New COVID-19 cases, the snap Brisbane lockdown and the end of JobKeeper combined to drag consumer confidence down 4.6 points,\" ANZ Senior Economist, Catherine Birch said.\n\"This was the largest fall since late-March 2020. Not even the Easter long weekend could cheer us up; in fact, in four of the five years pre-COVID, confidence declined over Easter.\" \n\"Queensland recorded the sharpest drop of 11.2 points, even though the three-day Brisbane lockdown ended on Thursday, but all other states bar South Australia also recorded declines.\"\n\"History shows confidence tends to bounce back quickly once lockdowns lift though, so we should see confidence improve over coming weeks. It’s possible, however, that the end of JobKeeper on March 28 will have a more prolonged effect on confidence.\"\nDownload PDF\n    ",
          "author": "Emma Mellow@/content/mediacentre/en/authors/emma-mellow",
          "favicon": "https://media.anz.com/etc/designs/mediacentre/favicon.ico",
          "source": "media.anz.com",
          "published": "",
          "ttr": 26
     }
}