{
     "Date": "6/02/2020",
     "Open": "",
     "High": "",
     "Low": "",
     "Close": "",
     "Adj Close": "",
     "Volume": "",
     "headLine": "ANZ announces sale of UDC Finance",
     "link": "https://media.anz.com/posts/2020/06/anz-announces-sale-of-udc-finance",
     "article": {
          "url": "https://media.anz.com/posts/2020/06/anz-announces-sale-of-udc-finance",
          "title": "ANZ announces sale of UDC Finance",
          "description": "The sale follows a strategic review of UDC Finance previously announced by ANZ Bank New Zealand, and is in line with ANZ’s strategy to simplify its business. The purchase price represents a price-to-book...",
          "links": [
               "https://media.anz.com/posts/2020/06/anz-announces-sale-of-udc-finance"
          ],
          "image": "https://media.anz.com/content/dam/mediacentre/images/mediareleases/2019/December/ANZ%20NZ%20CEO%20Antonia%20Watson.jpg",
          "content": "\n            The sale follows a strategic review of UDC Finance previously announced by ANZ Bank New Zealand, and is in line with ANZ’s strategy to simplify its business. The purchase price represents a price-to-book ratio of 1.2x net tangible assets of NZ$637 million as at 31 March 2020.\nThe sale provides ~AUD$439 million[1] (~10bps) of Level 2 Group CET1 capital at settlement. \nThe sale will also release more than NZ$2 billion of funding provided by ANZ New Zealand, further strengthening its balance sheet position.\nANZ Bank New Zealand CEO Antonia Watson said the purchase of UDC Finance by Shinsei Bank is a significant vote of confidence in the New Zealand economy.\n“With a strong outlook for infrastructure and agriculture projects as the New Zealand economy rebuilds post-Covid-19, there is a significant role for UDC Finance to play. As such, it needs an owner that can invest in and grow the business.”\nShinsei Bank Group is a diversified financial group with both banking and non-banking business divisions. Shinsei Bank Group operates both asset financing and vehicle and consumer lending businesses similar to those of UDC within Japan and offshore. \n“Shinsei Bank intends to preserve UDC’s operations, retain UDC employees and provide long term capital to maintain and grow customer lending in New Zealand. The sale will also mean UDC Finance will continue to operate as an independent finance company and enhance competition in the asset finance market,” Ms Watson said.\nShinsei Bank CEO Hideyuki Kudo said: “I am very excited that UDC will become a part of the Shinsei Bank Group, in line with our non-organic growth strategy in this business area. In the Covid-19 ‘New Normal’, we are confident that UDC, as part of Shinsei Bank Group, will continue to grow and contribute to the development of the New Zealand economy and help people and businesses in New Zealand with their financial needs.\n“Based on UDC’s long successful history, solid business base and efficient sales structure, UDC will be a major asset for the Shinsei Bank Group,” Mr Kudo said.\nThe UDC sale is subject to regulatory approval and completion is expected in the second half of the 2020 calendar year.\n[1] Based on AUD/NZD exchange rate of 1.07\n    \n    For media enquiries contact\n        \n        +61 409 655 551\n        Siobhan Enright\n        +64 021 991 325 \n        \n",
          "author": "Stephen Ries@/content/mediacentre/en/authors/stephen-ries,Siobhan Enright@/content/mediacentre/en/authors/siobhan-enright",
          "favicon": "https://media.anz.com/etc/designs/mediacentre/favicon.ico",
          "source": "media.anz.com",
          "published": "",
          "ttr": 77
     }
}