{
     "Date": "9/03/2021",
     "Open": "1.97",
     "High": "1.98",
     "Low": "1.91",
     "Close": "1.91",
     "Adj Close": "1.708212",
     "Volume": "82483",
     "headLine": "GDP boosts consumer confidence",
     "link": "https://media.anz.com/posts/2021/march/GDP-boosts-consumer-confidence",
     "article": {
          "url": "https://media.anz.com/posts/2021/march/GDP-boosts-consumer-confidence",
          "title": "GDP boosts consumer confidence",
          "description": "Consumer confidence continues to rise, jumping 1.5 per cent last week as Australia reported stronger-than-expected fourth-quarter economic growth and ANZ job ads surged. ‘Current financial conditions’ gained...",
          "links": [
               "https://media.anz.com/posts/2021/march/GDP-boosts-consumer-confidence"
          ],
          "image": "https://media.anz.com/content/dam/mediacentre/images/consumerconfidence/2018/August/Consumer%20Confidence%20Aug.JPG",
          "content": "\n    \n            Consumer confidence continues to rise, jumping 1.5 per cent last week as Australia reported stronger-than-expected fourth-quarter economic growth and ANZ job ads surged.\n‘Current financial conditions’ gained 1.5 per cent following a two-week decline, while ‘future financial conditions’ improved 1.1 per cent.\n‘Current economic conditions’ rose 3.6 per cent and ‘future economic conditions’ registered a gain of 2.1 per cent – almost reversing the fall of 2.4 per cent the week before.\n‘Time to buy a major household item’ softened 0.8 per cent. ‘Weekly inflation expectations’ dropped to 3.8 per cent (down 0.1 percentage points), with the four-week moving average steady at 3.7 per cent.\n    \n    \n\n    \n            \"The ANZ Roy-Morgan Consumer Confidence index rose 1.5 per cent along with generous gains in four out of five of the sub-indices,\" ANZ Head of Australian Economics David Plank said. \"The rise likely reflects the strong gains registered by ANZ Job Ads and the GDP numbers released last week.\"\n\"Job ads grew 13.4 per cent ear-on-year in February and Australia saw two consecutive quarters of economic growth of more than 3 per cent for the first time in history.\" \n\"The long weekend of Victoria may also have contributed, as confidence rose 2.1 per cent in the state.\"\nDownload PDF\n    \n\t\t\t\t\t\t",
          "author": "Emma Mellow@/content/mediacentre/en/authors/emma-mellow",
          "favicon": "https://media.anz.com/etc/designs/mediacentre/favicon.ico",
          "source": "media.anz.com",
          "published": "",
          "ttr": 41
     }
}