{
     "Date": "20/09/2018",
     "Open": "1.1",
     "High": "1.11",
     "Low": "1.09",
     "Close": "1.1",
     "Adj Close": "0.895152",
     "Volume": "282122",
     "headLine": "ANZ announces package for customer impacted by fruit contamination",
     "link": "https://media.anz.com/posts/2018/09/anz-announces-package-for-customer-impacted-by-fruit-contaminati",
     "article": {
          "url": "https://media.anz.com/posts/2018/09/anz-announces-package-for-customer-impacted-by-fruit-contaminati",
          "title": "ANZ announces package for customer impacted by fruit contamination",
          "description": "ANZ today announced a financial assistance package for customers impacted by the fruit contamination crisis impacting farmers across Australia.",
          "links": [
               "https://media.anz.com/posts/2018/09/anz-announces-package-for-customer-impacted-by-fruit-contaminati"
          ],
          "image": "https://media.anz.com/content/dam/mediacentre/images/mediareleases/2018/September/Strawberry.jpg",
          "content": "\n            ANZ Head of Agribusiness, Mark Bennett said: “We are extremely saddened to hear how difficult things have been for some of our fruit growers over the past week as they have been forced to dispose of perfectly good crops due to the deliberate and callous contamination of a tiny amount of fruit.\n“We remain committed to all our fruit growers and hope that in some small way this support package will help our customers who have been impacted by this crisis,” Mr Bennett said.\nANZ encourages customers impacted to contact their Agribusiness Manager so we can provide support and work with them on the best possible solutions to meet their needs.\nAs part of its assistance package, ANZ offers to:\n\nsuspend repayments on loans, including credit cards, for up to three months (which includes interest capitalisation)\nwaiving fees associated with restructuring business loans considered necessary\nrestructuring finances or applying for new home or personal loans without incurring the usual application fees\nprovide temporary adjustments to existing lending limits, including credit cards, to assist with unexpected costs\naccessing term deposits early without incurring any fees for impacted customers\nwaive life insurance premiums for up to three months for eligible customers of ANZ\n\nCustomers who require assistance can visit an ANZ branch, speak to their Agribusiness manager or contact ANZ’s dedicated hardship team on 1800 351 548 or visit www.anz.com/hardship\nDownload PDF \n    ",
          "author": "Francesca Rizzo@/content/mediacentre/en/authors/Francesca-Rizzo",
          "favicon": "https://media.anz.com/etc/designs/mediacentre/favicon.ico",
          "source": "media.anz.com",
          "published": "",
          "ttr": 46
     }
}