{
     "Date": "25/03/2020",
     "Open": "1",
     "High": "1.04",
     "Low": "0.97",
     "Close": "1",
     "Adj Close": "0.878382",
     "Volume": "574368",
     "headLine": "ANZ pledges $1.5m to community partners supporting Australiaâ€™s most vulnerable",
     "link": "https://media.anz.com/posts/2020/03/anz-donation-community-partners-covid19",
     "article": {
          "url": "https://media.anz.com/posts/2020/03/anz-donation-community-partners-covid19",
          "title": "ANZ pledges $1.5m to community partners supporting Australia’s most vulnerable ",
          "description": "ANZ today announced it will donate $1.5m for three of its charity partners to provide additional support to some of the country’s most disadvantaged.",
          "links": [
               "https://media.anz.com/posts/2020/03/anz-donation-community-partners-covid19"
          ],
          "image": "https://media.anz.com/content/dam/mediacentre/images/mediareleases/2020/March/ANZ%20Generic_Logo00060.jpg",
          "content": "\n            The Brotherhood of St Laurence (BSL), The Smith Family and the Financial Counselling Foundation will each receive $500,000 to support the financial wellbeing of vulnerable Australians. The organisations will use the funds for education, employment, aged care and financial counselling programs targeted at disadvantaged people further affected by COVID-19.\nANZ CEO Shayne Elliott said: “Many Australians who were already doing it tough before COVID-19 will need additional help to get through this crisis. Our charity partners are experts in their respective fields and are best placed to make sure these funds are distributed where they will make the biggest difference.”\nConny Lenneberg, Executive Director of BSL said: “Many people in our community are already experiencing financial difficulty and will certainly be hit much harder by the unfolding coronavirus crisis. We know that the most disadvantaged often bear the greatest burden, and this support from ANZ will allow us to respond more effectively to the greatest hardships.”\nDr Lisa O’Brien, CEO of The Smith Family said: “We want to make sure this crisis does not have a prolonged impact on the thousands of children in our schools and on the families we support. We expect there will be more families pushed into extremely difficult financial situations because of this global pandemic, and that many families will need our support for a long time to come.”\nGeorge Brouwer, Chair of the Financial Counselling Foundation said: “Financial Counsellors will continue to play a critical role alongside government, the community and financial institutions like ANZ to support those hit the hardest. We would encourage people facing hardship to seek assistance from financial counsellors by calling the National Debt Hotline on 1800 007 007.”\nANZ is encouraging employees to support its community partners during this time through its workplace giving program, where ANZ will double match employee donations.\nANZ customers seeking hardship assistance should visit anz.com.au/covid-19/\nView PDF\n    ",
          "author": "Karly Dwyer@/content/mediacentre/en/authors/karly-dwyer",
          "favicon": "https://media.anz.com/etc/designs/mediacentre/favicon.ico",
          "source": "media.anz.com",
          "published": "",
          "ttr": 63
     }
}