{
     "Date": "6/09/2020",
     "Open": "1.63",
     "High": "1.65",
     "Low": "1.62",
     "Close": "1.63",
     "Adj Close": "1.457793",
     "Volume": "128039",
     "headLine": "Job ads plunge ends in May",
     "link": "https://media.anz.com/posts/2020/06/job-ads-plunge-ends-in-may",
     "article": {
          "url": "https://media.anz.com/posts/2020/06/job-ads-plunge-ends-in-may",
          "title": "Job ads plunge ends in May",
          "description": "ANZ Senior Economist, Catherine Birch, commented: The unprecedented 58% fall in ANZ Job Ads over March and April ended in May, with a 0.5% m/m rise in the monthly average. The week-to-week movements are more...",
          "links": [
               "https://media.anz.com/posts/2020/06/job-ads-plunge-ends-in-may"
          ],
          "image": "https://media.anz.com/content/dam/mediacentre/images/jobads/2020/May/Job%20ads%20april.jpg",
          "content": "\n            ANZ Senior Economist, Catherine Birch, commented:\nThe unprecedented 58% fall in ANZ Job Ads over March and April ended in May, with a 0.5% m/m rise in the monthly average. The week-to-week movements are more promising, with job ads improving steadily during May, from a low point at the beginning of the month. This is consistent with the gradual rollback of COVID-19 restrictions, which has allowed some businesses to reopen, extend\ntrading hours or increase activity and is seeing a recovery in household spending.\nA net 600,000 people lost employment in April, and another 600,000 people became underemployed. We expect to see another net employment loss in May, reflecting the weakness in labour demand in the second half of April and early May. But a period of rapid improvement in the labour market is likely from mid-year, as business activity rebounds.\nOver the longer term, though, the recovery in employment will be more of a grind. Some firms will prioritise increasing their current workers’ hours over hiring new workers and the fiscal cliff in September looms.\nDOWNLOAD PDF\n    ",
          "author": "Phoebe O’Sullivan@/content/mediacentre/en/authors/phoebe-o_sullivan",
          "favicon": "https://media.anz.com/etc/designs/mediacentre/favicon.ico",
          "source": "media.anz.com",
          "published": "",
          "ttr": 36
     }
}