{
     "Date": "23/04/2020",
     "Open": "1.28",
     "High": "1.29",
     "Low": "1.26",
     "Close": "1.26",
     "Adj Close": "1.106762",
     "Volume": "718299",
     "headLine": "ANZ to create dedicated hotline and prioritise business customers eligible for Job Keeper payments",
     "link": "https://media.anz.com/posts/2020/04/anz-to-create-dedicated-hotline-and-prioritise-business-customer",
     "article": {
          "url": "https://media.anz.com/posts/2020/04/anz-to-create-dedicated-hotline-and-prioritise-business-customer",
          "title": "ANZ to create dedicated hotline and prioritise business customers eligible for Job Keeper payments",
          "description": "ANZ will implement a process to identify which customers need this assistance and prioritise their funding requests until their payments arrive. The Australian Taxation Office is scheduled to make the first...",
          "links": [
               "https://media.anz.com/posts/2020/04/anz-to-create-dedicated-hotline-and-prioritise-business-customer"
          ],
          "image": "https://media.anz.com/content/dam/mediacentre/images/mediareleases/2020/March/Business_thumb.jpg",
          "content": "\n            ANZ will implement a process to identify which customers need this assistance and prioritise their funding requests until their payments arrive. The Australian Taxation Office is scheduled to make the first payments under the Federal Government’s Job Keeper program in early May.\nANZ Chief Executive Officer Shayne Elliott said: “This is a challenging time for some of our business customers as they try to make ends meet while supporting their staff members and their businesses.\n“ANZ is committed to helping those customers who need to fill an urgent short term funding gap while they wait for extraordinary financial support from the Government’s Job Keeper program.\n“Our dedicated hotline and financial support for these customers is in addition to the range of measures we already have in place to support them, such as loan repayment deferrals and a 10% increase in overdraft accounts,” Mr Elliott said.\nANZ has already provided more than 6300 small and medium enterprise (SME) customers with a 10% increase on their overdraft accounts, which has helped alleviate some of the financial pressure and provided support until Job Keeper payments arrive.\nANZ has also provided loan repayment deferrals to about 15% of its SME customers.\nANZ is also offering loans for business customers that are 50% guaranteed by Federal Government for up to $250,000 as another way to help them through this challenging time.   \nFor more information please call the dedicated hotline on 1800 571 123 or visit anz.com/covid-19 to complete a call-back form.\nDownload PDF\n    ",
          "author": "Nick Higginbottom@/content/mediacentre/en/authors/nick-higginbottom",
          "favicon": "https://media.anz.com/etc/designs/mediacentre/favicon.ico",
          "source": "media.anz.com",
          "published": "",
          "ttr": 50
     }
}