{
     "Date": "11/08/2020",
     "Open": "1.53",
     "High": "1.55",
     "Low": "1.52",
     "Close": "1.54",
     "Adj Close": "1.352709",
     "Volume": "702954",
     "headLine": "Consumer confidence jumps",
     "link": "https://media.anz.com/posts/2020/08/consumer-confidence-jumps",
     "article": {
          "url": "https://media.anz.com/posts/2020/08/consumer-confidence-jumps",
          "title": "Consumer confidence jumps",
          "description": "Consumer confidence gained 4.6 per cent last week, one of the highest increases in the last three months. Even more encouragingly, the increase in sentiment was broad-based with all the subindices...",
          "links": [
               "https://media.anz.com/posts/2020/08/consumer-confidence-jumps"
          ],
          "image": "https://media.anz.com/content/dam/irm/images/Mobile%20Card%20Payment.jpg",
          "content": "\n    \n            Consumer confidence gained 4.6 per cent last week, one of the highest increases in the last three months. Even more encouragingly, the increase in sentiment was broad-based with all the subindices gaining.\n‘Current finances’ gained 1.3 per cent, while ‘future finances’ gained 2.7 per cent and remains the only subcomponent above the neutral level of 100.\n‘Current economic conditions’ continued with the momentum seen in the last week, gaining a further 13.1 per cent to be up 25 per cent over the two weeks. ‘Future economic conditions’ rose 3.9 per cent for its third straight weekly gain.\n‘Time to buy a household item’ gained 6.4 per cent. ‘Inflation expectations’ declined by 0.1 per cent to 3.2 per cent (four-week moving average).\n    \n    \n\n    \n            \"In an encouraging development consumer confidence built on the gains seen in the previous week, with the strongest weekly gain for some time,\" ANZ Head of Australian Economics David Plank said.\n\"The substantial decline in active cases in Melbourne and continued low numbers in Sydney have raised hopes the pandemic can be contained without a broadening of lockdowns beyond those already in place.\" \n\"Although only one subcomponent is above the neutral level of 100, the gains made in the last two weeks have bought other subcomponents closer to that point, though ‘current economic conditions’ is still 38 per cent below the neutral level.\"\n\"Confidence was up firmly across all states except Victoria and NSW, where the gains were more subdued. Sentiment is now above neutral in Perth and Adelaide.\"\nDownload PDF\n    \n\t\t\t\t\t\t",
          "author": "Phoebe O’Sullivan@/content/mediacentre/en/authors/phoebe-o_sullivan",
          "favicon": "https://media.anz.com/etc/designs/mediacentre/favicon.ico",
          "source": "media.anz.com",
          "published": "",
          "ttr": 51
     }
}