{
     "Date": "20/02/2019",
     "Open": "1.02",
     "High": "1.02",
     "Low": "1.01",
     "Close": "1.01",
     "Adj Close": "0.821912",
     "Volume": "197284",
     "headLine": "ANZ Pride Network",
     "link": "https://media.anz.com/posts/2019/02/anz-pride-network",
     "article": {
          "url": "https://media.anz.com/posts/2019/02/anz-pride-network",
          "title": "ANZ Pride Network",
          "description": "ANZ is committed to:  raising awareness of LGBTIQ+ issues through education to promote respect and inclusion providing support through networks, information and resources taking action to ensure unconscious...",
          "links": [
               "https://media.anz.com/posts/2019/02/anz-pride-network"
          ],
          "image": "https://media.anz.com/content/dam/mediacentre/images/mediareleases/2019/February/YAY.JPG",
          "content": "\n            ANZ is committed to:\n\nraising awareness of LGBTIQ+ issues through education to promote respect and inclusion\nproviding support through networks, information and resources\ntaking action to ensure unconscious bias is removed from policies and processes\nbuilding a culture of respect by encouraging people to bring their authentic selves to work every day; and\nincreasing community engagement through various partnerships.\n\nANZ is proud to have an LGBTIQ+ network (Pride) available to our employees. Pride’s purpose is to ‘shape and connect our world so everyone can embrace their authentic selves and thrive’. The Pride strategy focuses on three key areas of LGBTIQ+ inclusion – customers, employees and community.\nPride has been in place since 2007 and aims to provide, contact point and support mechanism for LGBTIQ+ people as well as heterosexual and cisgender allies. ANZ Pride aims to increase diversity, inclusion and respect through active engagement of our people across the globe.\nMember of ANZ’s Pride network are recognised thought leaders in LGBTIQ+ inclusion across Australia and have provided support and advice to other organisations looking to develop and grow employee resource groups and inclusive policies.\nANZ is proud to be recognised as a Gold Tier employer for LGBTIQ+ inclusion in Australia, Hong Kong and New Zealand.\nANZ Pride achievements:\n  \n\nANZ is one of 235 organisations worldwide to support the UN LGBTI Standards of Conduct for Business\nANZ became the first major publically listed company in Australia and New Zealand to affirm the Darlington Statement which supports the intersex human rights movement.\nEnduring community partnerships with GLOBE, Sydney Gay and Lesbian Mardi Gras, Transgender Victoria and Intersex Human Rights Australia.\nIn partnership with Sydney Gay and Lesbian Mardi Gras, developed the ANZ Mardi Gras Community Grants program to provide funding for a wide range of purposes including education and training, community development and creation, arts and culture. In total, more than $200,000 worth of grants have been provided to community groups across Australia.\nFacilitate ongoing volunteering opportunities with community groups including Minus18, Thorne Harbour Health, JOYFM, Gay and Lesbian Archives, and NZ AIDS Foundation.\nANZ Pride members have volunteered hundreds of hours at LGBTIQ+ organisations and charities across Australia and Zealand.\nPartnered with marketing and creative teams to help produce GAYTMs, GAYNZ and YAYNZ campaigns for Sydney Gay and Lesbian Mardi Gras\nAdvocated for the inclusion of LGBTIQ+ people in advertising\nInternal support and guidance for transitioning employees\nSubject matter experts on policy guidance across the Group\n\nAwards and recognition:\n  \nAustralian Workplace Equality Index Awards\n\n2017 Employer of the Year\n2017 Transgender Inclusion Award\n2018 runner-up Employer of the Year\n2019 Platinum Tier Employer.\nPride Leader Melissa Tandy two-time Ally of the Year Award winner\nPride Leader Dave Beks Out Role Model of the Year Award winner\nPride Leader Caitlin Monnery-Korving Sapphire Inspire Award winner\nMedia and campaign awards for GAYTMs and #HoldTight\n\nNew Zealand Rainbow Tick Accredited Employer\n \nHong Kong LGBT+ Inclusion Index \n\n2018 Gold Standard\n2019 Silver Standard\n\n    ",
          "author": "Francesca Rizzo@/content/mediacentre/en/authors/Francesca-Rizzo",
          "favicon": "https://media.anz.com/etc/designs/mediacentre/favicon.ico",
          "source": "media.anz.com",
          "published": "",
          "ttr": 98
     }
}