{
     "Date": "28/08/2020",
     "Open": "1.67",
     "High": "1.68",
     "Low": "1.63",
     "Close": "1.64",
     "Adj Close": "1.440547",
     "Volume": "491309",
     "headLine": "PODCAST: Gonski reflects on time as Chair",
     "link": "https://bluenotes.anz.com/posts/2020/08/podcast-outgoing-anz-chairman-david-gonski-andrew-cornell?pid=bln-link-td-bln-08-20-tsk-mediatranscript-gonskipodcast",
     "article": {
          "url": "https://bluenotes.anz.com/posts/2020/08/podcast-outgoing-anz-chairman-david-gonski-andrew-cornell",
          "title": "PODCAST: Gonski reflects on time as Chair",
          "description": "Outgoing ANZ Chairman David Gonski opens up about his time on the bank’s board and the challenges of the times in this discussion with bluenotes.",
          "links": [
               "https://bluenotes.anz.com/posts/2020/08/podcast-outgoing-anz-chairman-david-gonski-andrew-cornell",
               "https://bluenotes.anz.com/posts/2020/08/podcast-outgoing-anz-chairman-david-gonski-andrew-cornell?pid=bln-link-td-bln-08-20-tsk-mediatranscript-gonskipodcast"
          ],
          "image": "https://bluenotes.anz.com/content/dam/bluenotes/images/articles/2020/August/CornellGonskiPodcast_thumb.jpg",
          "content": "\r\n            Click here for podcast transcript\nAn iconic history\nHowever, Gonski is keen to emphasise he is not retiring. He still holds roles across various organisations and boards and intends these to continue.\n“I don't want to retire, I want to keep doing things,” he explains. “[But] I think now is a good time for there to be a new chair. And the new chair, let me assure you, will be excellent.”\nGonski initially joined ANZ’s board in February 2002 as the bank strengthened its presence in New Zealand with the purchase of the National Bank. When he took a break between 2007 and 2014, the Global Financial Crisis hit and left a noticeable mark on the financial services industry. Upon his return, Gonski appointed Shayne Elliott (then Chief Financial Officer) as the bank’s Chief Executive and oversaw the simplification of the bank’s Asian strategy.\nIt was the appointment of Elliott, he says, that he is proudest of in his time as Chair.\n“I will not forget that period,” Gonski explains. “The proof is in the pudding and [Shayne has] done a wonderful job.\n“Shayne was the first to coin the concept that [ANZ would] be less complex, more simple in the way we do things, we'll refine our products and so on… And he has, in my opinion, walked the talk. We've done a lot of simplification and I think that will stand us - and other banks who seek to do that - in very good stead.”\nTough times\nReflecting on the more difficult periods of his time as chair, Gonski says the effect of the Financial Services Royal Commission was ultimately a good thing.\n“It made us have a look at have we lost our love and focus on our customers? Are we doing the right thing each time? Are we making mistakes and then perpetuating them? … But good lessons will flow from that,” he says.\nGonski also remembers watching the bank’s staff being questioned in the Royal Commission and being impressed the ANZ had people could be questioned so intensely and answer so “brilliantly” - including Elliott.\n“They were exemplary, amazing people,” he says. “I was very taken by the performance of the ANZ people.”\nHappening now\nLooking forward, Gonski says a sharper focus on environmental, social and corporate governance – known as ESG - will be an obligation for both non-executive directors and executive management across all organisations and industries.\n“Ultimately, if we ignore ESG we will be rightly ignored by our community,” Gonski explains. “But on the other hand, if we embrace it we're actually showing we're human. We are putting important emphasis towards important things in our lives.\n“What I love about ANZ… is that we are a group of people who do have an openness of mind to look at what our society is. To putting the ideas of ESG as paramount in some circumstances and very important in others.”\nLast words\nFinally, Gonski shares his thoughts on ANZ’s 40,000 staff across more than 30 markets worldwide.\n“I am amazed at how many great people work at ANZ. I've met many of them and there are many I haven't met but there's a consistency at ANZ of wonderful people and I think it sets us apart from other organisations,” he says.\n“Long may that be the case.”\nAndrew Cornell is managing editor of bluenotes\n    ",
          "author": "Andrew Cornell@/content/bluenotes/en/authors/a-e/andrew-cornell",
          "favicon": "https://bluenotes.anz.com/etc/designs/bluenotes/favicon.ico",
          "source": "bluenotes.anz.com",
          "published": "",
          "ttr": 113
     }
}