{
     "Date": "15/03/2021",
     "Open": "1.78",
     "High": "1.8",
     "Low": "1.74",
     "Close": "1.77",
     "Adj Close": "1.77",
     "Volume": "2041137",
     "Headline": "AirNewZealand says 'fakaalofa atu' to Niue",
     "link": "https://www.airnewzealand.co.nz/press-release-2021-airnz-nieu-update",
     "article": {
          "url": "https://www.airnewzealand.co.nz/press-release-2021-airnz-nieu-update",
          "title": "Air New Zealand says ‘fakaalofa atu’ to Niue",
          "description": "Flights from Niue to New Zealand are on sale now following the announcement of a one-way quarantine-free travel route from Niue to New Zealand.",
          "links": [
               "https://www.airnewzealand.co.nz/press-release-2021-airnz-nieu-update"
          ],
          "image": "",
          "content": "Flights from Niue to New Zealand are on sale now following the announcement of a one-way quarantine-free travel route from Niue to New Zealand.\n15 March 2021\nAir New Zealand will operate one return passenger service every two weeks on a Wednesday (NZT) using the airline's A320 fleet with the first flight arriving into Auckland on 24 March at 7:30pm.Air New Zealand Chief Executive Officer Greg Foran says the airline is excited to be bringing our Niuean neighbours to New Zealand.\"Since successfully and safely launching the one-way quarantine free flights from Rarotonga earlier in the year, our business is primed to operate to more international destinations when it is safe to do so.\"\"This quarantine free travel option from Niue to New Zealand is another great step forward on the journey to safe travel between New Zealand and the Pacific Islands.\"Returning Niuean citizens and residents will be required to quarantine on arrival into Niue. Customers travelling from Niue to New Zealand will be required to wear masks inflight and will arrive at Auckland Airport into a designated area separated from passengers arriving on quarantine flights.More information can be found on Air New Zealand's COVID-19 Information Hub.EndsIssued by Air New Zealand Communications.Email: media@airnz.co.nz  │  Twitter: @AirNZMedia",
          "author": "",
          "favicon": "https://www.airnewzealand.co.nz/koru-icon-256.png",
          "source": "airnewzealand.co.nz",
          "published": "",
          "ttr": 41
     }
}