{
     "Date": "7/04/2021",
     "Open": "1.85",
     "High": "1.89",
     "Low": "1.81",
     "Close": "1.81",
     "Adj Close": "1.81",
     "Volume": "3007238",
     "Headline": "Terrific demand for trans-Tasman travel",
     "link": "https://www.airnewzealand.co.nz/press-release-2021-terrific-demand-for-trans-tasman-travel",
     "article": {
          "url": "https://www.airnewzealand.co.nz/press-release-2021-terrific-demand-for-trans-tasman-travel",
          "title": "Terrific demand for trans-Tasman travel",
          "description": "It was a record sales day on the Tasman for Air New Zealand yesterday, with tens of thousands of Kiwis and Aussies booking flights across the ditch in the hours after the bubble announcement.",
          "links": [
               "https://www.airnewzealand.co.nz/press-release-2021-terrific-demand-for-trans-tasman-travel"
          ],
          "image": "",
          "content": "It was a record sales day on the Tasman for Air New Zealand yesterday, with tens of thousands of Kiwis and Aussies booking flights across the ditch in the hours after the bubble announcement.\n7 April 2021\nNaturally, April is shaping up to be the airline's busiest month so far, with flights from Auckland-Sydney, Auckland-Brisbane and Christchurch-Melbourne on 19 April selling out fast. May is coming in at a close second. Air New Zealand Chief Executive Officer Greg Foran says he is thrilled the airline can play a part in reuniting friends and whānau across the Tasman.\"Auckland-Sydney was our most popular route yesterday, seeing the largest growth in bookings to date. We expect this is a mixture of friends and family making up for a year of missed milestones, and business travellers keen to get moving again.\"While a lot of Kiwis are heading across the ditch, there have been really strong bookings for Australians coming to check out New Zealand. Queenstown will see an influx of Aussies in July and September and we expect to see a bigger boost around the country for the July school holidays. It's promising to be a busy ski season for the mountains.\"We've certainly been looking forward to this moment for a few months now, so to finally have the bubble open is terrific. This will be a great boost for the New Zealand economy and tourism sector.\"EndsIssued by Air New Zealand Communications.Email: media@airnz.co.nz  │  Twitter: @AirNZMediaNote to editors: Specific sales figures and regional breakdowns are unavailable due to commercial sensitivity",
          "author": "",
          "favicon": "https://www.airnewzealand.co.nz/koru-icon-256.png",
          "source": "airnewzealand.co.nz",
          "published": "",
          "ttr": 52
     }
}