{
     "Date": "25/05/2020",
     "Open": "1.25",
     "High": "1.265",
     "Low": "1.24",
     "Close": "1.255",
     "Adj Close": "1.255",
     "Volume": "1584238",
     "Headline": "AirANewAZealand adds extra regional flights for QueenAs Birthday",
     "link": "https://www.airnewzealand.co.nz/press-release-2020-air-new-zealand-adds-extra-regional-flights-for-queens-birthday",
     "article": {
          "url": "https://www.airnewzealand.co.nz/press-release-2020-air-new-zealand-adds-extra-regional-flights-for-queens-birthday",
          "title": "Air New Zealand adds extra regional flights for Queen’s Birthday",
          "description": "Air New Zealand will operate nearly 100 additional flights in and out of a number of regional ports over Queen’s Birthday weekend.",
          "links": [
               "https://www.airnewzealand.co.nz/press-release-2020-air-new-zealand-adds-extra-regional-flights-for-queens-birthday"
          ],
          "image": "",
          "content": "Air New Zealand will operate nearly 100 additional flights in and out of a number of regional ports over Queen's Birthday weekend.\n25 May 2020\nThere will be extra flights between 28 May and 2 June from Blenheim, Gisborne, Kerikeri, Napier, Nelson, Palmerston North, Whangārei, Hamilton, Rotorua, Invercargill and Tauranga.Air New Zealand General Manager Networks Scott Carr says the airline has been encouraged by demand for travel over the upcoming long weekend.\"It's clear a lot of New Zealanders are looking to take the opportunity of the long weekend to travel around the country and we're happy to play our part in reuniting friends and family and enabling domestic tourism across the main centres and regional New Zealand.\"The airline announced earlier this week it will restart its Wellington-Queenstown route in time for Queen's Birthday weekend and is also adding additional flights between Auckland and Queenstown for the long weekend.The airline will resume flying between the capital and Queenstown on 28 May.Flights are available to book now on the Air New Zealand website.EndsIssued by Air New Zealand Communications.Email: media@airnz.co.nz  │  Phone: +64 21 747 320  │  Twitter: @AirNZMedia",
          "author": "",
          "favicon": "https://www.airnewzealand.co.nz/koru-icon-256.png",
          "source": "airnewzealand.co.nz",
          "published": "",
          "ttr": 38
     }
}