{
     "Date": "10/04/2021",
     "Open": "",
     "High": "",
     "Low": "",
     "Close": "",
     "Adj Close": "",
     "Volume": "",
     "Headline": "Hop to Hobart with AirNewZealand direct flights on sale now",
     "link": "https://www.airnewzealand.co.nz/press-release-2021-hop-to-hobart-with-airnz-direct-flights-on-sale-now",
     "article": {
          "url": "https://www.airnewzealand.co.nz/press-release-2021-hop-to-hobart-with-airnz-direct-flights-on-sale-now",
          "title": "Hop to Hobart with Air New Zealand direct flights on sale now",
          "description": "Ever wanted to get up close to the iconic Tasmanian Devil? Now’s your chance – Air New Zealand flights to Hobart are on sale, with the first flight set to take off at 9:00am NZT on 22 April.",
          "links": [
               "https://www.airnewzealand.co.nz/press-release-2021-hop-to-hobart-with-airnz-direct-flights-on-sale-now"
          ],
          "image": "",
          "content": "Ever wanted to get up close to the iconic Tasmanian Devil? Now's your chance – Air New Zealand flights to Hobart are on sale, with the first flight set to take off at 9:00am NZT on 22 April.\n10 April 2021\nServices will operate using the airline's A320 fleet on Thursdays and Sundays to make the most of domestic connectivity and provide the best long weekend options for travellers.Air New Zealand Chief Executive Officer Greg Foran says it's terrific to be heading back to Hobart, adding a tenth Australian destination to the airline's network.\"It's really exciting to be launching a new route alongside reopening our other Australian ports after a year of being predominantly a domestic airline. \"Hobart offers a range of experiences that differ from the rest of Australia and there is much more to see beyond the city. It has a dynamic art and culture scene, and its stunning walks and landscapes are world-renowned.\"This non-stop service opens a direct link between 540,000 potential Tasmanian tourists and our biggest city, with regional Kiwi hot spots a short flight away, giving our Tasmanian friends the chance to hit the slopes in Queenstown or check out the natural hot springs in Taupō.\"The New Zealand – Hobart schedule will be as follows:Tickets are on sale now on the Air New Zealand website.EndsIssued by Air New Zealand Communications.Email: media@airnz.co.nz  │  Twitter: @AirNZMediaFlight NumberNZ197DepartAuckland9.00amArriveHobart11.00amDay of weekThu + SunFlight NumberNZ198DepartHobart12.30pmArriveAuckland6.00pmDay of weekThu + Sun",
          "author": "",
          "favicon": "https://www.airnewzealand.co.nz/koru-icon-256.png",
          "source": "airnewzealand.co.nz",
          "published": "",
          "ttr": 48
     }
}