{
     "Date": "4/12/2020",
     "Open": "1.89",
     "High": "1.9",
     "Low": "1.88",
     "Close": "1.9",
     "Adj Close": "1.9",
     "Volume": "1243226",
     "Headline": "AirNewZealand adds extra capacity in December",
     "link": "https://www.airnewzealand.co.nz/press-release-2020-airnz-adds-extra-capacity-in-december",
     "article": {
          "url": "https://www.airnewzealand.co.nz/press-release-2020-airnz-adds-extra-capacity-in-december",
          "title": "Air New Zealand adds extra capacity in December",
          "description": "Air New Zealand is adding more capacity to its domestic schedule for the busy festive season, upgauging existing A320 services to A321 aircraft from Monday 7 December until the end of December.",
          "links": [
               "https://www.airnewzealand.co.nz/press-release-2020-airnz-adds-extra-capacity-in-december"
          ],
          "image": "",
          "content": "Air New Zealand is adding more capacity to its domestic schedule for the busy festive season, upgauging existing A320 services to A321 aircraft from Monday 7 December until the end of December.\n4 December 2020\nAir New Zealand's Chief Customer and Sales Officer Leanne Geraghty says the airline will upgauge more than 350 flights to larger aircraft during December due to better than expected pre-Christmas and business travel demand.\"We want to make sure Kiwis can get to where they need to be in this busy Christmas period, so we'll be progressively adding around 16,000 new seats for travel in December. This will see around 80 percent of Auckland-Wellington services and around 25 percent of Auckland-Christchurch services operated by our new and larger A321 aircraft with 214 seats compared to the A320's 171. Customers will also get the bonus of inflight entertainment on these flights.\"As always, we recommend getting in early to take advantage of our lowest fares. Naturally demand is higher for travel at certain times of the day, for example first thing in the morning. By flying at different times of the day, customers will find more fare options available.\"Demand in a post-COVID world has been far more variable than pre-COVID, with bookings often being made very late and flights selling out. We've been adding capacity wherever possible which makes more seats available at lower fares. In November we added more than 26,000 seats to the network for travel in the same month, either by adding new flights or deploying larger aircraft on existing routes.\"We are doing what we can to keep Kiwis connected and have so far sold more than 550,000 seats for under $100 for travel between December and February.\"EndsIssued by Air New Zealand Communications.Email: media@airnz.co.nz  │  Twitter: @AirNZMedia",
          "author": "",
          "favicon": "https://www.airnewzealand.co.nz/koru-icon-256.png",
          "source": "airnewzealand.co.nz",
          "published": "",
          "ttr": 59
     }
}