{
     "Date": "17/02/2020",
     "Open": "2.755",
     "High": "2.78",
     "Low": "2.75",
     "Close": "2.78",
     "Adj Close": "2.620729",
     "Volume": "774708",
     "Headline": "AirANewAZealand offers Elton John fans fare flexibility",
     "link": "https://www.airnewzealand.co.nz/press-release-2020-airnz-offers-elton-john-fares-flexibility",
     "article": {
          "url": "https://www.airnewzealand.co.nz/press-release-2020-airnz-offers-elton-john-fares-flexibility",
          "title": "Air New Zealand offers Elton John fans fare flexibility",
          "description": "Air New Zealand has introduced special fare flexibility following the rescheduling of Elton John's Auckland concert from Tuesday 18 to Wednesday 19 February.",
          "links": [
               "https://www.airnewzealand.co.nz/press-release-2020-airnz-offers-elton-john-fares-flexibility"
          ],
          "image": "",
          "content": "Air New Zealand has introduced special fare flexibility following the rescheduling of Elton John's Auckland concert from Tuesday 18 to Wednesday 19 February.\n17 February 2020\nAs a gesture of goodwill, Air New Zealand is offering customers affected by this change the opportunity to defer travel plans by one day without cost by calling its contact centre. The airline will waive any service fees or fare difference associated with moving the booking.Customers who no longer wish to travel can also choose to the hold the value of their fare in credit for up to 12 months. Service fees will be waived but any fare difference will apply.The airline's Travel Alert page will be updated with the latest information. Air New Zealand's contact centre is currently operating at high volumes and the airline thanks customers for their patience as it works through the rebooking process.EndsIssued by Air New Zealand Communications.Email: media@airnz.co.nz  │  Phone: +64 21 747 320  │  Twitter: @AirNZMedia",
          "author": "",
          "favicon": "https://www.airnewzealand.co.nz/koru-icon-256.png",
          "source": "airnewzealand.co.nz",
          "published": "",
          "ttr": 32
     }
}