{
     "Date": "14/02/2021",
     "Open": "",
     "High": "",
     "Low": "",
     "Close": "",
     "Adj Close": "",
     "Volume": "",
     "Headline": "AirNewZealand update on Alert Level changes",
     "link": "https://www.airnewzealand.co.nz/press-release-2021-airnz-update-on-alert-level-changes",
     "article": {
          "url": "https://www.airnewzealand.co.nz/press-release-2021-airnz-update-on-alert-level-changes",
          "title": "Air New Zealand update on Alert Level changes",
          "description": "Following the Prime Minister's announcement that the Auckland Region will enter COVID-19 Alert Level 3 from 11:59pm 14 February, while the rest of New Zealand will move to Alert Level 2, Air New Zealand has made a number of changes to its services. ",
          "links": [
               "https://www.airnewzealand.co.nz/press-release-2021-airnz-update-on-alert-level-changes"
          ],
          "image": "",
          "content": "Following the Prime Minister's announcement that the Auckland Region will enter COVID-19 Alert Level 3 from 11:59pm 14 February, while the rest of New Zealand will move to Alert Level 2, Air New Zealand has made a number of changes to its services. The airline asks that customers travelling to and from Auckland check they are eligible to travel under the Alert Level 3 restrictions. Customers travelling from Alert Level 2 regions on our services are able to transit through Auckland on their way to other Alert Level 2 regions.Food and beverage service onboard domestic flights had already been suspended in response to the latest community cases and this suspension will remain in place until further notice. Water is available on request on all flights.From tomorrow, Air New Zealand's Auckland lounges and valet parking will close. Due to capacity restrictions under Alert Level 2, the maximum number of people able to access the airline's lounges in other regions is capped at 100.While the country is at elevated Alert Levels, Air New Zealand will be taking extra precautions to keep its staff and customers safe. Air New Zealand front line staff and cabin crew will be wearing masks and gloves and customers are required to continue to wear face coverings onboard.Customers with existing bookings between Monday 15 February and Sunday 21 February who wish to rebook to travel before Sunday 7 March will have any fare difference waived, and customers can call the contact centre to arrange this.In addition to this, customers who hold a ticket for a domestic flight scheduled to depart up until 30 March 2021 and no longer wish to travel are able to opt in for credit and can do this via the airline's online booking tool. Customers who are unable to manage their booking online do not need to contact Air New Zealand immediately or prior to their flight's departure - assistance will be provided at a later date to find an alternative flight option or a credit note can be arranged.The Air New Zealand contact centre and social media team are currently experiencing very high demand and the airline is grateful to customers for their patience while it works through these changes.For the latest information, customers can check the Air New Zealand COVID-19 Hub and travel alerts page.EndsIssued by Air New Zealand Communications.Email: media@airnz.co.nz  │  Twitter: @AirNZMedia",
          "author": "",
          "favicon": "https://www.airnewzealand.co.nz/koru-icon-256.png",
          "source": "airnewzealand.co.nz",
          "published": "",
          "ttr": 79
     }
}