{
     "Date": "7/04/2020",
     "Open": "0.86",
     "High": "0.865",
     "Low": "0.845",
     "Close": "0.85",
     "Adj Close": "0.85",
     "Volume": "8251494",
     "Headline": "AirANewAZealand announces new Chief People Officer",
     "link": "https://www.airnewzealand.co.nz/press-release-2020-airnz-announces-new-chief-people-officer",
     "article": {
          "url": "https://www.airnewzealand.co.nz/press-release-2020-airnz-announces-new-chief-people-officer",
          "title": "Air New Zealand announces new Chief People Officer",
          "description": "Air New Zealand has appointed Joe McCollum as Chief People Officer effective April 14 2020. 7 April 2020 Mr McCollum will take over from Jodie King, who is leaving the airline to become Chief People Officer...",
          "links": [
               "https://www.airnewzealand.co.nz/press-release-2020-airnz-announces-new-chief-people-officer"
          ],
          "image": "",
          "content": "Air New Zealand has appointed Joe McCollum as Chief People Officer effective April 14 2020.\n7 April 2020\nMr McCollum will take over from Jodie King, who is leaving the airline to become Chief People Officer at Vodafone New Zealand. Air New Zealand Chief Executive Officer Greg Foran says Mr McCollum will bring to the airline an extensive depth of global change management and Executive leadership experience forged in challenging environments.\"Joe is no stranger to the type of large scale, rapid workplace change that Air New Zealand has ahead in the wake of Covid-19.  He will be a key member of the team to rebuild our airline,\" Mr Foran says.Mr McCollum is a former Group Human Resources Director at Spark and prior to that headed Human Resources for global chemicals giant ICI plc based out of London.  He has also worked across the software, music and media industries.Meanwhile, the airline has contracted one of New Zealand's most experienced employment relations practitioners, Paul Diver, to support Mr McCollum with the workforce change management process currently underway. EndsIssued by Air New Zealand Communications.Email: media@airnz.co.nz  │  Phone: +64 21 747 320  │  Twitter: @AirNZMedia",
          "author": "",
          "favicon": "https://www.airnewzealand.co.nz/koru-icon-256.png",
          "source": "airnewzealand.co.nz",
          "published": "",
          "ttr": 39
     }
}