{
     "Date": "6/10/2020",
     "Open": "1.515",
     "High": "1.56",
     "Low": "1.51",
     "Close": "1.56",
     "Adj Close": "1.56",
     "Volume": "3508710",
     "Headline": "AirNewZealand jets to the deep south over the holidays",
     "link": "https://www.airnewzealand.co.nz/press-release-2020-airnz-jets-to-the-deep-south-over-the-holidays",
     "article": {
          "url": "https://www.airnewzealand.co.nz/press-release-2020-airnz-jets-to-the-deep-south-over-the-holidays",
          "title": "Air New Zealand jets to the deep south over the holidays",
          "description": "Air New Zealand's direct A320 jet service between Auckland and Invercargill will operate over Christmas and New Year. 13 October 2020 There will be 10 additional return services between 21 December and 10...",
          "links": [
               "https://www.airnewzealand.co.nz/press-release-2020-airnz-jets-to-the-deep-south-over-the-holidays"
          ],
          "image": "",
          "content": "Air New Zealand's direct A320 jet service between Auckland and Invercargill will operate over Christmas and New Year.\n13 October 2020\nThere will be 10 additional return services between 21 December and 10 January 2021.Air New Zealand Head of Tourism and Regional Affairs Reuben Levermore says it's fantastic news for Southland.\"We've been encouraged by Kiwis' appetite for leisure travel over recent months. By operating the jet service over the holiday period, more friends and families will have the chance to reunite, take a holiday north or experience the deep south.\"Invercargill Airport General Manager Nigel Finnerty says, \"Having the extra flights over the summer holidays gives those up north every opportunity to come down and taste our amazing southern hospitality, have a good look around and just spend some time at our place. It is great news for the whole southern region.\"The A320 jet service between Auckland and Invercargill didn't operate between 25 December 2019 and 11 January 2020.The additional flights are available now at www.airnewzealand.co.nz.EndsIssued by Air New Zealand Communications.Email: media@airnz.co.nz   │  Twitter: @AirNZMedia",
          "author": "",
          "favicon": "https://www.airnewzealand.co.nz/koru-icon-256.png",
          "source": "airnewzealand.co.nz",
          "published": "",
          "ttr": 35
     }
}