{
     "Date": "6/10/2020",
     "Open": "1.515",
     "High": "1.56",
     "Low": "1.51",
     "Close": "1.56",
     "Adj Close": "1.56",
     "Volume": "3508710",
     "Headline": "AirNewZealand offers thousands of domestic fares for under $60",
     "link": "https://www.airnewzealand.co.nz/press-release-2020-airnz-offers-thousands-of-domestic-fares-for-under-60",
     "article": {
          "url": "https://www.airnewzealand.co.nz/press-release-2020-airnz-offers-thousands-of-domestic-fares-for-under-60",
          "title": "Air New Zealand offers thousands of domestic fares for under $60",
          "description": "Air New Zealand is offering more than 140,000 domestic one-way fares for under $60. 12 October 2020 The fares are available for travel in the second half of November through to the first half of February...",
          "links": [
               "https://www.airnewzealand.co.nz/press-release-2020-airnz-offers-thousands-of-domestic-fares-for-under-60"
          ],
          "image": "",
          "content": "Air New Zealand is offering more than 140,000 domestic one-way fares for under $60.\n12 October 2020\nThe fares are available for travel in the second half of November through to the first half of February 2021.Air New Zealand Chief Customer and Sales Officer Leanne Geraghty says the fares are available to all of the domestic destinations the airline flies to.\"Whether Kiwis are looking to check out a place they're yet to explore in New Zealand or planning a catch up with friends and family, this is their chance to fly at a fantastic price.The school holidays brought a big boost to domestic tourism and we hope these fares will encourage New Zealanders to keep travelling and take advantage of some of the great deals tourism operators are providing at the moment.\"Flights are on sale today and tomorrow and are available to book at www.airnewzealand.co.nz.EndsIssued by Air New Zealand Communications.Email: media@airnz.co.nz   │  Twitter: @AirNZMedia",
          "author": "",
          "favicon": "https://www.airnewzealand.co.nz/koru-icon-256.png",
          "source": "airnewzealand.co.nz",
          "published": "",
          "ttr": 31
     }
}