{
     "Date": "11/05/2020",
     "Open": "1.265",
     "High": "1.28",
     "Low": "1.25",
     "Close": "1.27",
     "Adj Close": "1.27",
     "Volume": "3095209",
     "Headline": "AirANewAZealand adds further domestic flights for Alert Level 2",
     "link": "https://www.airnewzealand.co.nz/press-release-2020-air-new-zealand-adds-further-domestic-flights-for-alert-level-2",
     "article": {
          "url": "https://www.airnewzealand.co.nz/press-release-2020-air-new-zealand-adds-further-domestic-flights-for-alert-level-2",
          "title": "Air New Zealand adds further domestic flights for Alert Level 2 ",
          "description": "Air New Zealand adds further domestic flights for Alert Level 2 11 May 2020 Air New Zealand will resume seven more domestic routes when the country enters Alert Level 2.The airline released initial details...",
          "links": [
               "https://www.airnewzealand.co.nz/press-release-2020-air-new-zealand-adds-further-domestic-flights-for-alert-level-2"
          ],
          "image": "",
          "content": "Air New Zealand adds further domestic flights for Alert Level 2 \n11 May 2020\nAir New Zealand will resume seven more domestic routes when the country enters Alert Level 2.The airline released initial details of its domestic schedule on Friday for when the nation enters Alert Level 2, with plans to operate to the majority of its domestic ports from 18 May. Air New Zealand General Manager Networks Scott Carr says the airline has been working hard to add more flying to its domestic schedule over the past few days.\"We're pleased to be able to resume flights from Christchurch to Hokitika from 25 May. We're also going to bring more routes back into our domestic schedule in the coming weeks, with flights to and from Blenheim, Dunedin, Rotorua, Hamilton and Tauranga.\"Additional routes to resume during Level 2 (in addition to what was announced on Friday 8 May) includeAuckland to/fromBlenheim (from 1 June)Christchurch to/fromHamilton (from 18 May)Wellington to/fromDunedin (from 1 June)Auckland to/fromDunedin (from 1 June)Christchurch to/fromHokitika (from 25 May)Auckland to/fromRotorua (from 25 May)Christchurch to/fromTauranga (from 1 June)Additional routes and frequencies will be reintroduced back into the schedule as demand permits. The airline will also restart services to Taupō and Timaru as demand allows.Customers are advised that the airline's schedule for these additional routes is currently only available up until 7 June. The airline is working to issue the schedule for these routes post this date.As the airline prepares to enter Alert Level 2, it is also working to implement additional health protocols. Before making a booking, customers are reminded to check the latest information on the travel and transportation section of the Government COVID-19 website and the COVID-19 hub on the Air New Zealand website.EndsIssued by Air New Zealand Communications.Email: media@airnz.co.nz  │  Phone: +64 21 747 320  │  Twitter: @AirNZMedia",
          "author": "",
          "favicon": "https://www.airnewzealand.co.nz/koru-icon-256.png",
          "source": "airnewzealand.co.nz",
          "published": "",
          "ttr": 60
     }
}