{
     "Date": "20/02/2023",
     "Open": "0.81",
     "High": "0.82",
     "Low": "0.81",
     "Close": "0.81",
     "Adj Close": "0.81",
     "Volume": "2031905",
     "Headline": "More choice and comfort with AirNewZealand Economy Stretch",
     "link": "https://www.airnewzealand.co.nz/press-release-2023-more-choice-and-comfort-with-air-new-zealand-economy-stretch",
     "article": {
          "url": "https://www.airnewzealand.co.nz/press-release-2023-more-choice-and-comfort-with-air-new-zealand-economy-stretch",
          "title": "More choice and comfort with Air New Zealand Economy Stretch",
          "description": "Delivering more legroom than ever before, there’s a more comfortable way to fly economy with Air New Zealand. Introducing Economy Stretch, now available to book on the airline’s Los Angeles route for travel from 27 February 2023.",
          "links": [
               "https://www.airnewzealand.co.nz/press-release-2023-more-choice-and-comfort-with-air-new-zealand-economy-stretch"
          ],
          "image": "",
          "content": "Delivering more legroom than ever before, there's a more comfortable way to fly economy with Air New Zealand. Introducing Economy Stretch, now available to book on the airline's Los Angeles route for travel from 27 February 2023.\n20 February 2023\nRecognising one size doesn't fit all, customers flying the Auckland – Los Angeles route will now have three ways to fly in Economy: Economy, Economy Skycouch and the new Economy Stretch.From an additional NZD $175 one-way, customers can upgrade to a dedicated stretch zone in the first four rows, enhancing the economy travel experience by having:Up to 39 percent more legroom than the airline's standard Economy seatA roomy 35-inch (89cm) seat pitchA comfortable headset and pillow designed for long-haul comfortFree advanced seat selection and early disembarkationAs Air New Zealand operates some of the world's longest flights, Chief Customer and Sales Office Leanne Geraghty says space and comfort is always high on travellers' wish lists.\"Customers have told us they want more room to relax, and at a competitive price. Economy Stretch answers this challenge, with some luxury for the legs all while enjoying our renowned in-flight service, Kiwi cuisine and wine, and seat-back entertainment.\"Through innovations such as the Economy Skycouch and with Economy Skynest launching later next year, Air New Zealand continues to push boundaries in Economy travel.\"The Economy cabin welcomes the most diverse group of travellers. The introduction of Economy Stretch means we are providing more choice for customers at an Economy price point that will meet the needs of families, solo travellers, as well as those just looking for that little bit extra of extra comfort.\"There are 42 Economy Stretch seats on the airline's Boeing 777s. Seats are subject to availability and are charged on a per sector basis.EndsIssued by Air New Zealand Communications.Email: media@airnz.co.nz │Phone: +64 21 747 320│Twitter: @AirNZMedia",
          "author": "",
          "favicon": "https://www.airnewzealand.co.nz/koru-icon-256.png",
          "source": "airnewzealand.co.nz",
          "published": "",
          "ttr": 61
     }
}