{
     "Date": "5/03/2020",
     "Open": "2.17",
     "High": "2.2",
     "Low": "2.155",
     "Close": "2.18",
     "Adj Close": "2.055104",
     "Volume": "2404061",
     "Headline": "AirANewAZealand's latest safety video most viewed in history",
     "link": "https://www.airnewzealand.co.nz/press-release-2020-airnz-latest-safety-video-most-viewed-in-history",
     "article": {
          "url": "https://www.airnewzealand.co.nz/press-release-2020-airnz-latest-safety-video-most-viewed-in-history",
          "title": "Air New Zealand's latest safety video most viewed in history",
          "description": "Air New Zealand's latest safety video A Journey to Safety has become the airline's most viewed safety video ever, having been watched more than 27 million times since its release on Friday.",
          "links": [
               "https://www.airnewzealand.co.nz/press-release-2020-airnz-latest-safety-video-most-viewed-in-history"
          ],
          "image": "",
          "content": "Air New Zealand's latest safety video A Journey to Safety has become the airline's most viewed safety video ever, having been watched more than 27 million times since its release on Friday.\n5 March 2020\nThe video, created in partnership with the Department of Conservation (DOC), highlights the impact of New Zealand's biodiversity crisis through the story of a young girl named Janey and a lost CGI takahē known as Mr T.As well as winning fans down under, the video has captured the attention of millions around the world, including North and South America, China, Singapore, Japan and the United Kingdom.Air New Zealand General Manager Global Brand and Content Marketing Jodi Williams says it's fantastic to see this latest offering resonate with so many.\"It's been great to work with our longtime partner DOC to share the really important message that our native wildlife needs our help, and I know they're as delighted as we are to see this video really soar.\"Feedback through our social channels has also been really positive with comments such as 'my fave safety vid!', 'one of the best I've seen' and 'made me homesick.'\"DOC Threatened Species Ambassador Nicola Toki says, \"We are facing a global biodiversity crisis and the reach of this safety video raises awareness of some of the work that goes into helping our taonga species here in Aotearoa. Hopefully this gets people thinking about how they might contribute in their place in the world.\"A Journey to Safety can be viewed here.EndsIssued by Air New Zealand Communications.Email: media@airnz.co.nz  │  Phone: +64 21 747 320  │  Twitter: @AirNZMedia",
          "author": "",
          "favicon": "https://www.airnewzealand.co.nz/koru-icon-256.png",
          "source": "airnewzealand.co.nz",
          "published": "",
          "ttr": 53
     }
}