{
     "Date": "9/05/2023",
     "Open": "0.76",
     "High": "0.76",
     "Low": "0.74",
     "Close": "0.75",
     "Adj Close": "0.75",
     "Volume": "949928",
     "Headline": "From desert to dreamy destinations  AirNewZealand's last 777-300 returns from Mojave Desert ready for service",
     "link": "https://www.airnewzealand.co.nz/press-release-2023-from-desert-to-dreamy-destinations-air-new-zealands-last-777-300-returns-from-mojave-desert-ready-for-service",
     "article": {
          "url": "https://www.airnewzealand.co.nz/press-release-2023-from-desert-to-dreamy-destinations-air-new-zealands-last-777-300-returns-from-mojave-desert-ready-for-service",
          "title": "From desert to dreamy destinations – Air New Zealand's last 777-300 returns from Mojave Desert ready for service",
          "description": "The last Air New Zealand's 777 aircraft stored in the Mojave Desert during the pandemic is set to touch down in Auckland tomorrow May 10, after more than 855 days in storage.",
          "links": [
               "https://www.airnewzealand.co.nz/press-release-2023-from-desert-to-dreamy-destinations-air-new-zealands-last-777-300-returns-from-mojave-desert-ready-for-service"
          ],
          "image": "",
          "content": "The last Air New Zealand's 777 aircraft stored in the Mojave Desert during the pandemic is set to touch down in Auckland tomorrow May 10, after more than 855 days in storage.The last of four 777-300 aircraft that were stored in the in the Victorville Mojave Desert, United States, during Covid will touch down in Auckland on Wednesday evening 10 May.It will take off on its first commercial service on Saturday 13 May from Auckland to San FranciscoThe aircraft will help boost capacity on Air New Zealand's international network, adding an extra 342 seats into the schedule.When Covid hit in 2020 and aircraft around the world were grounded, all seven of the airline's 777 aircraft were taken and put into deep storage.Three were stored in Auckland, while the remaining four were stored in the desert near Victorville, USA, as the warm and dry conditions were ideal to keep the aircraft in pristine condition.Now the aircraft, registration OKM, is making the more than 10,000km journey from Victorville to Auckland via Singapore, before it gets ready to take off on its first commercial service on May 13 to San Francisco.Air New Zealand's Chief Operations Officer Alex Marren says the return of all seven of aircraft signals the airline has bounced back after Covid and customer demand is higher than ever.\"Having all of our 777-300s back will help build more resilience and more seats into our international operation, meaning we can fly more customers to where they need to go - whether that's San Francisco, Honolulu, Houston or Tahiti!,\" she says.\"An incredible amount of work has gone into bringing these aircraft back. The reanimation of OKM alone has taken more than seven weeks and involved more than 1500 manhours of work.\"A team of Air New Zealand engineers have been in Victorville working with a local maintenance provider to reanimate the aircraft.\"The process starts off with unwrapping the plane from its storage protection and then it gets a good wash, getting rid of the dust and grime that has accumulated in the desert. Then it goes through a thorough servicing and maintenance programme. It's a long and a complicated process and our engineering and maintenance team have done an amazing job getting the aircraft ready to fly again.\"As a final safety check, a pilot team spend a day running through checks and tests, similar to what's done when getting a new aircraft from the factory.\"Overall a team of more 100 Air New Zealanders have been involved in bringing back these 777 aircrafts in some way.\"OKM will undergo a short visit to the Auckland engineering and maintenance hangar before NZ8 takes off to San Francisco this weekend.\"We're really excited to be bringing these aircraft back into our skies for years to come.\"EndsFor images of the 777-300 aircraft in the Mojave Desert visit here.Issued by Air New Zealand Communications.Email: media@airnz.co.nz │ Phone: +64 21 747 320 ",
          "author": "",
          "favicon": "https://www.airnewzealand.co.nz/koru-icon-256.png",
          "source": "airnewzealand.co.nz",
          "published": "",
          "ttr": 96
     }
}