{
     "Date": "13/03/2023",
     "Open": "0.78",
     "High": "0.795",
     "Low": "0.78",
     "Close": "0.79",
     "Adj Close": "0.79",
     "Volume": "2111782",
     "Headline": "AirNewZealand extends Gisborne  Napier service",
     "link": "https://www.airnewzealand.co.nz/press-release-2023-air-new-zealand-extends-gisborne-napier-service",
     "article": {
          "url": "https://www.airnewzealand.co.nz/press-release-2023-air-new-zealand-extends-gisborne-napier-service",
          "title": "Air New Zealand extends Gisborne – Napier service",
          "description": "Air New Zealand is extending its temporary service between Tairāwhiti Gisborne and the Hawke's Bay, given roads between the two regions are still severely damaged from the devastating floods.",
          "links": [
               "https://www.airnewzealand.co.nz/press-release-2023-air-new-zealand-extends-gisborne-napier-service"
          ],
          "image": "",
          "content": "Air New Zealand is extending its temporary service between Tairāwhiti Gisborne and the Hawke's Bay, given roads between the two regions are still severely damaged from the devastating floods.\n13 March 2023\nThe temporary service, due to come to an end on 25 March, will now operate for a further eight weeks from 10 April to 9 June to help keep the two regions connected.The two-week pause of the service between 25 March and 10 April will allow the airline to secure the crew and aircraft required to continue operating the route for the eight-week period. Air New Zealand Regional Affairs Manager Jason Dawson says the airline is committed to supporting the communities most impacted by Cyclone Gabrielle to stay connected in their time of need.\"We launched this temporary service to restore vital transportation links between the two regions – to support families and friends looking to be reunited and help essential workers get to where they need to be.\"\"With the road link still cut off, we've extended the service for as long as we can to ensure connectivity between the regions while the roading infrastructure is being repaired.\" Flights will be operating six times per week and will go on sale on today.The schedule for the Gisborne - Napier flights between 10 April and to 10 June is as follows: FlightNZ8477DepartingGisborneTime7:35pm ArrivingNapier Time8:05pm FlightNZ8478DepartingNapierTime7:30am ArrivingGisborne Time8:00amGIS-NPE flight operates Sunday through Friday nights from 10 April to 9 June (excluding Sunday 4 June during King's Birthday Weekend)NPE-GIS flight operates Monday through Saturday mornings from 11 April – 10 June (excluding Monday 5 June during King's Birthday Weekend) EndsIssued by Air New Zealand Communications.Email: media@airnz.co.nz │Phone: +64 21 747 320│Twitter: @AirNZMedia",
          "author": "",
          "favicon": "https://www.airnewzealand.co.nz/koru-icon-256.png",
          "source": "airnewzealand.co.nz",
          "published": "",
          "ttr": 56
     }
}