{
     "Date": "24/03/2020",
     "Open": "0.84",
     "High": "0.88",
     "Low": "0.84",
     "Close": "0.845",
     "Adj Close": "0.845",
     "Volume": "5372017",
     "Headline": "AirANewAZealand advice for customers",
     "link": "https://www.airnewzealand.co.nz/press-release-2020-airnz-advice-for-customers",
     "article": {
          "url": "https://www.airnewzealand.co.nz/press-release-2020-airnz-advice-for-customers",
          "title": "Air New Zealand advice for customers",
          "description": "Video footage of Air New Zealand Senior Manager Customer Care and Communications Doug Grant discussing Air New Zealand's advice for customers over the next 24 hours.",
          "links": [
               "https://www.airnewzealand.co.nz/press-release-2020-airnz-advice-for-customers"
          ],
          "image": "",
          "content": "About Star AllianceThe Star Alliance network was established in 1997 as the first truly global airline alliance to offer worldwide reach, recognition and seamless service to the international traveller. Its acceptance by the market has been recognised by numerous awards, including the Air Transport World Market Leadership Award and Best Airline Alliance by both Business Traveller Magazine and Skytrax. The member airlines are: Aegean Airlines, Air Canada, Air China, Air India, Air New Zealand, ANA, Asiana Airlines, Austrian, Brussels Airlines, Copa Airlines, Croatia Airlines, EGYPTAIR, Ethiopian Airlines, EVA Air, LOT Polish Airlines, Lufthansa, Scandinavian Airlines, Shenzhen Airlines, Singapore Airlines, South African Airways, SWISS, TAP Air Portugal, THAI, Turkish Airlines, and United. Overall, the Star Alliance network currently offers more than 19,000 daily flights to more than 1,250 airports in 195 countries. Further connecting flights are offered by Star Alliance Connecting Partner, Juneyao Airlines.For more information please visit Air New Zealand and Star Alliance and/or follow Star Alliance on Facebook, Twitter,  Youtube, LinkedIn or Instagram.Star Alliance Press Office: Tel: +49 69 96375 183 or email: mediarelations@staralliance.com",
          "author": "",
          "favicon": "https://www.airnewzealand.co.nz/koru-icon-256.png",
          "source": "airnewzealand.co.nz",
          "published": "",
          "ttr": 35
     }
}