{
     "Date": "21/06/2021",
     "Open": "1.615",
     "High": "1.625",
     "Low": "1.575",
     "Close": "1.58",
     "Adj Close": "1.58",
     "Volume": "1906470",
     "Headline": "AirNewZealand's got a need for speed: Fast Bag is back",
     "link": "https://www.airnewzealand.co.nz/press-release-2021-fast-bag-is-back",
     "article": {
          "url": "https://www.airnewzealand.co.nz/press-release-2021-fast-bag-is-back",
          "title": "Air New Zealand’s got a need for speed: Fast Bag is back",
          "description": "Today Air New Zealand’s customer favourite, Fast Bag, returns to the airline’s regional network, with some updates to the in-demand service that helps eligible customers make a speedy exit. ",
          "links": [
               "https://www.airnewzealand.co.nz/press-release-2021-fast-bag-is-back"
          ],
          "image": "",
          "content": "Today Air New Zealand's customer favourite, Fast Bag, returns to the airline's regional network, with some updates to the in-demand service that helps eligible customers make a speedy exit. \n21 June 2021\nThe Fast Bag service was paused in mid-2020 due to changes in COVID-19 alert levels. More recently the airline undertook a series of customer trials to improve the flow of the service and lighten the load for customers going through the airport.Air New Zealand Chief Customer and Sales Officer Leanne Geraghty says the airline is excited to bring the popular service back after listening to customer and staff feedback.\"Through our trials we learned the most important aspect of the service to our customers was being able to pick up their bag while disembarking – they want to be able to grab and go once their flight has landed.\"We also found having customers check in their fast bags prior to departure, rather than carrying them to the aircraft door, made for a smoother journey through the airport without having to lug baggage around.\"Our teams are also working hard to deliver some digital enhancements to the Fast Bag service over the coming months, making it even more seamless for our customers.\"Fast Bag is available exclusively to Airpoints™ Elite, Gold, Elite Partner and Koru members travelling on an Air New Zealand regional flight with a Seat+Bag, FlexiTime or FlexiDate ticket.Learn more about the updated Fast Bag service here: https://www.airnewzealand.co.nz/fast-bagEndsIssued by Air New Zealand Communications.Email: media@airnz.co.nz   │  Twitter: @AirNZMedia",
          "author": "",
          "favicon": "https://www.airnewzealand.co.nz/koru-icon-256.png",
          "source": "airnewzealand.co.nz",
          "published": "",
          "ttr": 50
     }
}