{
     "Date": "6/01/2021",
     "Open": "1.78",
     "High": "1.79",
     "Low": "1.77",
     "Close": "1.78",
     "Adj Close": "1.78",
     "Volume": "822176",
     "Headline": "AirNewZealand to begin quarantine-free flights to Brisbane",
     "link": "https://www.airnewzealand.co.nz/press-release-2021-air-new-zealand-to-begin-quarantine-free-flights-to-brisbane",
     "article": {
          "url": "https://www.airnewzealand.co.nz/press-release-2021-air-new-zealand-to-begin-quarantine-free-flights-to-brisbane",
          "title": "Air New Zealand to begin quarantine-free flights to Brisbane",
          "description": "Air New Zealand will operate its first quarantine-free flight from Auckland to Brisbane tomorrow.Passengers travelling on this flight will not be required to quarantine on arrival in Brisbane. Before...",
          "links": [
               "https://www.airnewzealand.co.nz/press-release-2021-air-new-zealand-to-begin-quarantine-free-flights-to-brisbane"
          ],
          "image": "",
          "content": "Air New Zealand will operate its first quarantine-free flight from Auckland to Brisbane tomorrow.Passengers travelling on this flight will not be required to quarantine on arrival in Brisbane. Before customers travel to Australia they are required to complete the Australia Travel Declaration form stating they have been in New Zealand the preceding 14 days.Air New Zealand Chief Customer and Sales Officer Leanne Geraghty says flight NZ147 will depart Auckland at 7:40am with passengers on board not required to quarantine on arrival in Brisbane.\"Flights from Auckland to Brisbane will operate similarly to the flights we have been operating to Sydney and Melbourne – with quarantine-free flights for people whose travel originates in New Zealand, and quarantine flights for people who do not meet the Safe Travel Zone criteria and are required to quarantine on arrival in Australia.\"Our teams have been working closely with authorities in Australia to ensure all agencies are satisfied processes are in place to confidently accept quarantine-free flights, and we thank customers for their patience while we've worked with various agencies in Australia to ensure we can keep everyone safe.\"We currently operate five return flights per week between Auckland and Brisbane. Three of these services will be quarantine-free flights, while the remaining two will be quarantine flights. Quarantine flights are not able to be booked by people beginning their journey in New Zealand.\"Air New Zealand will directly contact customers if their booking is affected by these changes. Customers who booked via a travel agent (including online travel agents) will be contacted by their booking agent.Passengers planning to travel interstate beyond Queensland will need to ensure they have checked state and territory travel restrictions and have the appropriate exemptions/approvals to travel as these continue to change. More information on the Safe Travel Zone can be found here.This is a one-way arrangement and those returning to New Zealand will still need to quarantine for 14 days on return, provide payment for quarantine and register their managed isolation accommodation requirements via the New Zealand Government's Managed Isolation and Quarantine website.EndsIssued by Air New Zealand Communications.Email: media@airnz.co.nz   │  Twitter: @AirNZMedia",
          "author": "",
          "favicon": "https://www.airnewzealand.co.nz/koru-icon-256.png",
          "source": "airnewzealand.co.nz",
          "published": "",
          "ttr": 70
     }
}