{
     "Date": "28/01/2020",
     "Open": "2.905",
     "High": "2.905",
     "Low": "2.79",
     "Close": "2.865",
     "Adj Close": "2.700859",
     "Volume": "2458443",
     "Headline": "One million AirANewAZealand domestic fares go for under $50",
     "link": "https://www.airnewzealand.co.nz/press-release-2020-airnz-one-million-airnz-domestic-fares-go-for-under-fifty-dollars",
     "article": {
          "url": "https://www.airnewzealand.co.nz/press-release-2020-airnz-one-million-airnz-domestic-fares-go-for-under-fifty-dollars",
          "title": "One million Air New Zealand domestic fares go for under $50",
          "description": "Air New Zealand has sold more than one million domestic fares for under $50 since it overhauled its domestic pricing structure a year ago.",
          "links": [
               "https://www.airnewzealand.co.nz/press-release-2020-airnz-one-million-airnz-domestic-fares-go-for-under-fifty-dollars"
          ],
          "image": "",
          "content": "Air New Zealand has sold more than one million domestic fares for under $50 since it overhauled its domestic pricing structure a year ago.\n28 January 2020\nThe airline shrunk its lowest fares on 41 domestic routes in February 2019 reducing some by up to 50 percent.The move meant Kiwis can fly within each island for as low as $39 and between the North Island and South Island for as low as $39.Air New Zealand Chief Revenue Officer Cam Wallace says the response to the reduction to the airline's lowest fares has been fantastic.\"When we announced this overhaul in February last year, we committed to making three quarters of a million seats a year available for less than $50. It's terrific to have well and truly surpassed this and to hit the one million milestone.\"Around 600,000 of these fares sold for under $50 have been for flights on our regional routes. We remain committed to delivering great low fares for our customers, but they're in hot demand, so people need to remember to book early to get the best possible deals.\"EndsIssued by Air New Zealand Communications.Email: media@airnz.co.nz  │  Phone: +64 21 747 320  │  Twitter: @AirNZMedia",
          "author": "",
          "favicon": "https://www.airnewzealand.co.nz/koru-icon-256.png",
          "source": "airnewzealand.co.nz",
          "published": "",
          "ttr": 40
     }
}