{
     "Date": "14/11/2020",
     "Open": "",
     "High": "",
     "Low": "",
     "Close": "",
     "Adj Close": "",
     "Volume": "",
     "Headline": "AirNewZealand's World Premiere in the Air with Kiwi band SIX60 takes off",
     "link": "https://www.airnewzealand.co.nz/press-release-2020-airnz-world-premiere-in-the-air-with-kiwi-band-six60-takes-off",
     "article": {
          "url": "https://www.airnewzealand.co.nz/press-release-2020-airnz-world-premiere-in-the-air-with-kiwi-band-six60-takes-off",
          "title": "Air New Zealand’s World Premiere in the Air with Kiwi band SIX60 takes off",
          "description": "Air New Zealand’s World Premiere in the Air has departed Auckland Airport carrying popular Kiwi band SIX60 and a planeload of fans to the band’s birthplace of Dunedin.",
          "links": [
               "https://www.airnewzealand.co.nz/press-release-2020-airnz-world-premiere-in-the-air-with-kiwi-band-six60-takes-off"
          ],
          "image": "",
          "content": "Air New Zealand's World Premiere in the Air has departed Auckland Airport carrying popular Kiwi band SIX60 and a planeload of fans to the band's birthplace of Dunedin.The dedicated flight, specially numbered NZ660, will air the world premiere of a new film by Julia Parnell entitled SIX60: Till the Lights Go Out.Customers travelling on the themed flight will be treated to a surprise performance by SIX60 at the gate lounge in Auckland and are the very first in the world to see the film alongside the band themselves, who are also travelling on the service.Air New Zealand's Chief Customer and Sales Officer Leanne Geraghty says the airline is thrilled to host the world premiere of the film inflight.\"We're so excited to be operating this special flight today to premiere the film, celebrate SIX60's phenomenal success, and acknowledge our customers for their support throughout this year. The fact that tickets sold out in just seven hours is a reflection of the band's popularity and how proud we are of them as Kiwis.\"We specifically built the package around a one-way ticket to Dunedin as a way of supporting tourism to the city and the region. Our larger A321neo aircraft is operating today's service, and we expect the full flight will help boost local business and tourism over the weekend.\"SIX60's Matiu Walters says, \"We love new challenges and are always trying to push new boundaries in SIX60, so we are so stoked to be hosting the very first World Premiere in the Air. To be able to have the opportunity to fly alongside a planeload of fans back to Dunedin where it all began for us feels really special. This is the first time fans will be able to check out SIX60: Till The Lights Go Out, so it definitely feels like a day of firsts!\"SIX60 will be greeted at Dunedin Airport with a special performance by band Loose &amp; Colourful, who won the chance to perform through a local radio competition.Dunedin Airport GM Business Development Megan Crawford says the event has been a great promotion to be part of for both Dunedin Airport and the city.\"We appreciate this wonderful opportunity that Air New Zealand and Universal Music have provided us, not only to promote our city but also to involve our community. The collaboration between the teams at NZME, Enterprise Dunedin, Air New Zealand and Universal Music have enabled us to put together what we hope will be a wonderful experience for the passengers on this special flight.\"SIX60: Till The Lights Go Out produced by Notable Pictures in association with the New Zealand Film Commission and NZ On Air is in cinemas nationwide from 26 November 2020.EndsIssued by Air New Zealand Communications.Email: media@airnz.co.nz  │  Twitter: @AirNZMedia",
          "author": "",
          "favicon": "https://www.airnewzealand.co.nz/koru-icon-256.png",
          "source": "airnewzealand.co.nz",
          "published": "",
          "ttr": 91
     }
}