{
     "Date": "3/04/2020",
     "Open": "0.88",
     "High": "0.89",
     "Low": "0.86",
     "Close": "0.86",
     "Adj Close": "0.86",
     "Volume": "4917303",
     "Headline": "AirANewAZealand helps move goods in and out of Nelson",
     "link": "https://www.airnewzealand.co.nz/press-release-2020-air-new-zealand-helps-move-goods-in-and-out-of-nelson",
     "article": {
          "url": "https://www.airnewzealand.co.nz/press-release-2020-air-new-zealand-helps-move-goods-in-and-out-of-nelson",
          "title": "Air New Zealand helps move goods in and out of Nelson",
          "description": "Air New Zealand is encouraging its cargo clients in Nelson to get behind the services still operating into and out of the city.",
          "links": [
               "https://www.airnewzealand.co.nz/press-release-2020-air-new-zealand-helps-move-goods-in-and-out-of-nelson"
          ],
          "image": "",
          "content": "Air New Zealand is encouraging its cargo clients in Nelson to get behind the services still operating into and out of the city.\n3 April 2020\nThe airline has adjusted its domestic network with New Zealand now at Alert Level 4 to enable essential travel only and to keep air freight moving. This includes a return service between Nelson and Wellington using the airline's 50-seat Q300 turboprop aircraft which will operate Monday through Friday. Air New Zealand National Cargo Manager Blair Gourdie says Nelson is a key cargo port for the airline.\"We know many businesses around the country are managing their way through the impacts of COVID-19 right now and this is one way we can get behind those in Nelson. We are keen to work closely with our cargo clients in Nelson to keep their products moving during these exceptional times.\"Nelson Tasman Chamber of Commerce Chief Executive Officer Ali Boswijk says, \"Given the dynamic environment we are all now dealing with, it is vital that export-focused businesses that are able to operate have access to national and international markets. Freight and distribution services are essential links in the supply chain, they help to keep businesses functioning and people employed.\"The Monday to Friday service departs Nelson at 7:05am arriving in Wellington at 7:45am, with the return from Wellington departing at 3:25pm arriving in Nelson at 4:10pm.Air New Zealand is also offering its cargo customers a range of aircraft charter services covering every port on the Air New Zealand network (excluding London) to help keep New Zealand connected to the world.EndsIssued by Air New Zealand Communications.Email: media@airnz.co.nz  │  Phone: +64 21 747 320  │  Twitter: @AirNZMedia",
          "author": "",
          "favicon": "https://www.airnewzealand.co.nz/koru-icon-256.png",
          "source": "airnewzealand.co.nz",
          "published": "",
          "ttr": 55
     }
}