{
     "Date": "30/04/2020",
     "Open": "1.33",
     "High": "1.36",
     "Low": "1.325",
     "Close": "1.345",
     "Adj Close": "1.345",
     "Volume": "3694258",
     "Headline": "AirANewAZealand marks 80 years of flying",
     "link": "https://www.airnewzealand.co.nz/press-release-2020-airnz-marks-80-years-of-flying",
     "article": {
          "url": "https://www.airnewzealand.co.nz/press-release-2020-airnz-marks-80-years-of-flying",
          "title": "Air New Zealand marks 80 years of flying",
          "description": "Air New Zealand is celebrating its 80th birthday today.Despite recent turbulence experienced by the aviation industry, in its video 80 years of Air New Zealand, the airline takes a moment to reflect on some...",
          "links": [
               "https://www.airnewzealand.co.nz/press-release-2020-airnz-marks-80-years-of-flying"
          ],
          "image": "",
          "content": "Air New Zealand is celebrating its 80th birthday today.Despite recent turbulence experienced by the aviation industry, in its video 80 years of Air New Zealand, the airline takes a moment to reflect on some of the special memories it's shared with customers both at home and abroad over the past eight decades.Since its first TEAL flight to Sydney, a nine-hour journey using a Short S30 flying boat on 30 April 1940, Air New Zealand has connected Kiwis and their products with the world. The airline has also played a key role representing New Zealand on the world stage with its world class service delivery, operational excellence, passion for innovation with its safety videos and products like the SkyCouch, and commitment to sustainability.Chief Marketing and Customer Officer Mike Tod says the 80th anniversary birthday is a time to reflect on milestones and thank New Zealanders for their continued support of the airline, which has been named best in the world on numerous occasions.\"While this birthday sees the airline operating in some of the most extraordinary circumstances in its 80-year history, the heart and passion of our people remain as strong as it was on that historic first day of operation,\" Mr Tod says.\"The Kiwi can-do spirit is woven into everything we do and we look forward to building on the legacy of the past 80 years as we open a new chapter in our airline's history and begin the rebuilding process after the severe impact of Covid-19.\"Air New Zealand General Manager Global Brand and Content Marketing Jodi Williams says the airline's video released today, The Story of the Koru, expresses the true meaning of exploration and what it means to be a Kiwi abroad.\"New Zealanders are intrepid explorers, and people often tell me it's the Koru and the \"kia ora\" they experience when they step onboard our aircraft that makes them feel like they're already home. Over the years the people, destinations and aircraft may have changed, but the Air New Zealand Koru remains constant.\"The koru is symbolic of new life and new beginnings, and now is more important than ever to be reminded of how resilient we are as a business and as a nation - to continue to regenerate and bring new life to how we travel and connect with each other.\"Air New Zealand - 80 years of trivia:Note to editors: Click here to view and download Air New Zealand's '80 years of Air New Zealand' and 'Story of the Koru' videos.EndsIssued by Air New Zealand Communications.Email: media@airnz.co.nz  │  Phone: +64 21 747 320  │  Twitter: @AirNZMedia",
          "author": "",
          "favicon": "https://www.airnewzealand.co.nz/koru-icon-256.png",
          "source": "airnewzealand.co.nz",
          "published": "",
          "ttr": 86
     }
}