{
     "Date": "19/06/2020",
     "Open": "1.51",
     "High": "1.54",
     "Low": "1.5",
     "Close": "1.51",
     "Adj Close": "1.51",
     "Volume": "3696591",
     "Headline": "Fine Wines of New Zealand 2020 selection announced",
     "link": "https://www.airnewzealand.co.nz/press-release-2020-fine-wines-of-nz",
     "article": {
          "url": "https://www.airnewzealand.co.nz/press-release-2020-fine-wines-of-nz",
          "title": "Fine Wines of New Zealand 2020 selection announced",
          "description": "A total of 95 wines from across New Zealand have been selected as part of the Fine Wines of New Zealand list for 2020 with seven of the 14 new additions from the Marlborough region.",
          "links": [
               "https://www.airnewzealand.co.nz/press-release-2020-fine-wines-of-nz"
          ],
          "image": "",
          "content": "A total of 95 wines from across New Zealand have been selected as part of the Fine Wines of New Zealand list for 2020 with seven of the 14 new additions from the Marlborough region.The annual list is selected by seven of New Zealand's top independent wine experts including Masters of Wine Alastair Maling, Michael Brajkovich, Sam Harrop, Simon Nash, Emma Jenkins and Steve Smith along with Master Sommelier Cameron Douglas.The list is still strongly led by Pinot Noir with 26 wines, closely followed by Chardonnay with 15 wines, Sauvignon Blanc with 12 wines and Riesling 10 wines.\"Now into its fifth release, the Fine Wines of New Zealand programme continues to put a focus on the depth and breadth of diversity across our wine regions and varieties\" says Fine Wines of New Zealand Chair Alastair Maling MW.\"With over 100 new submissions and only 14 new entrants to the list, it recognises the high standards that have to be met including provenance, consistency, excellence in winemaking, a minimum of seven years of production, and meeting a very thorough tasting assessment.\"Air New Zealand General Manager Customer Experience Nikki Goodman says, \"Some of the best wines in the world are produced in New Zealand, with food and wine tourism a key reason why many international visitors choose to visit. It's important we continue to support local winemakers to achieve success and keep New Zealand as a lucrative destination for when we can welcome international visitors back to our shores.\"Air New Zealand is a patron of Fine Wines of New Zealand, a programme that has been in place since 2016 to showcase the finest wines produced in New Zealand. The airline's support to the wineries through events, inflight promotion and via its marketing channels has enabled the programme to gain international recognition.SparklingTohu Rewa Methode Traditionnelle Blanc de Blanc 2015Deutz Blanc de Blanc Vintage 2017Nautilus Cuvee Marlborough Brut NVDaniel Le Brun Blanc de Blanc 2013Cloudy Bay Pelorus NVQuartz Reef Methode Traditionelle 2015No. 1 Reserve Marlborough Methode Traditionelle NVAromaticsDry River Pinot Gris 2019Greystone Pinot Gris 2019Prophet's Rock Pinot Gris 2018Neudorf Pinot Gris 2018Johanneshof Cellars Gewürztraminer 2019Framingham Wines 'F' Gewürztraminer 2019Dry River Lovat Gewürztraminer 2019Te Whare Ra Toru SV5182 2018Felton Road Dry Riesling 2019Te Whare Ra Riesling 'D' 2017Maude, Mt Maude Vineyard East Block Riesling 2019Misha's Vineyard \"Limelight\" Riesling 2017Felton Road Block 1 Riesling 2019Domain Road Vineyard Duffers Creek Riesling 2017Fromm Spatlese Riesling 2019Framingham Select Riesling 2019Pegasus Bay Bel Canto Riesling 2017Framingham F series Riesling Kabinett 2017Sauvignon BlancAstrolabe Province Sauvignon Blanc 2019Auntsfield Single Vineyard Sauvignon Blanc 2019Brancott Estate Letter Series B Sauvignon Blanc 2019Grove Mill Sauvignon Blanc 2019Dog Point Sauvignon Blanc 2019Greywacke Sauvignon Blanc 2019Tohu Single Vineyard Sauvignon Blanc 2019Saint Clair Reserve Wairau Sauvignon Blanc 2019Vavasour Sauvignon Blanc 2019Te Mata Cape Crest Sauvignon Blanc 2019Villa Maria Single Vineyard Southern Clays Sauvignon Blanc 2019Cloudy Bay Te Koko Sauvignon Blanc 2016ChardonnayClearview Endeavour Chardonnay 2018Bell Hill Chardonnay 2016Te Awa Single Estate Chardonnay 2018Clearview Estate Reserve Chardonnay 2018Auntsfield Cobb Cottage Chardonnay 2016Dog Point Chardonnay 2017Felton Road Block 2 Chardonnay 2018Kumeu River Hunting Hill Chardonnay 2018Kumeu River Mate's Vineyard Chardonnay 2018Neudorf Moutere Chardonnay 2018Neudorf Rosie's Block Chardonnay 2018Greywacke Chardonnay 2016Vidal Legacy Chardonnay 2019Villa Maria Keltern Chardonnay 2019Sacred Hill Riflemans Chardonnay 2017Dessert winesSeifried Winemakers Collection Sweet Agnes 2019Framingham Wines Noble Riesling 2019Villa Maria Reserve Noble Botrytis Selection Riesling 2018Geisen Brothers Late Harvest Sauvignon Blanc 2015Pegasus Bay Encore 2016Forrest Wines Botrytised Riesling 2019Pinot NoirAta Rangi Pinot Noir 2017Valli Waitaki Vineyard Pinot Noir 2018Dry River Pinot Noir 2017Te Kairanga John Martin Pinot Noir 2018Auntsfield Single Vineyard Pinot Noir 2018Akarua Pinot Noir 2018Valli Gibbston Vineyard Pinot Noir 2018Vavasour Felix Pinot Noir 2017Craggy Range Aroha Pinot Noir 2018Burn Cottage Pinot Noir 2018Doctors Flat Pinot Noir 2017Grasshopper Rock Earnscleugh Vineyard Pinot Noir 2018Escarpment Kupe Pinot Noir 2017Felton Road Block 5 Pinot Noir 2018Bell Hill Pinot Noir 2016Rippon \"Tinker's Field\" Pinot Noir 2017Felton Road Block 3 Pinot Noir 2018Greystone Pinot Noir 2017Kusuda Pinot Noir 2017Maude Pinot Noir 2018Lowburn Ferry Home Block Pinot Noir 2017Prophet's Rock 'Home Vineyard Pinot Noir 2017Martinborough Vineyard Home Block Pinot Noir 2017Neudorf Moutere Pinot Noir 2017Peregrine Wines Pinot Noir 2017Rockburn Barrels Pinot Noir 2017SyrahTrinity Hill Homage Syrah 2018Bilancia La Collina Syrah 2018Villa Maria Reserve Syrah 2018Te Mata Bullnose Syrah 2018Church Road Grand Reserve Syrah 2017Craggy Range Le Sol Syrah 2018Bordeaux Villa Maria Reserve Cabernet Sauvignon Merlot 2018Te Mata Coleraine 2018Church Road TOM 2015Trinity Hill Gimblett Gravels 'The Gimblett' 2018Esk Valley The Terraces 2018EndsIssued by Air New Zealand Communications.Email: media@airnz.co.nz  │  Phone: +64 21 747 320  │  Twitter: @AirNZMedia",
          "author": "",
          "favicon": "https://www.airnewzealand.co.nz/koru-icon-256.png",
          "source": "airnewzealand.co.nz",
          "published": "",
          "ttr": 149
     }
}