{
     "Date": "25/01/2021",
     "Open": "1.7",
     "High": "1.7",
     "Low": "1.645",
     "Close": "1.65",
     "Adj Close": "1.65",
     "Volume": "1907967",
     "Headline": "AirNewZealand requires face masks on all flights",
     "link": "https://www.airnewzealand.co.nz/press-release-2021-air-new-zealand-requires-face-masks-on-flights",
     "article": {
          "url": "https://www.airnewzealand.co.nz/press-release-2021-air-new-zealand-requires-face-masks-on-flights",
          "title": "Air New Zealand requires face masks on all flights",
          "description": "From tomorrow, Air New Zealand will require the use of face masks on all international flights to and from New Zealand as a result of updated overseas government border requirements and as a further proactive safety measure to prevent the spread of COVID-19.",
          "links": [
               "https://www.airnewzealand.co.nz/press-release-2021-air-new-zealand-requires-face-masks-on-flights"
          ],
          "image": "",
          "content": "From tomorrow, Air New Zealand will require the use of face masks on all international flights to and from New Zealand as a result of updated overseas government border requirements and as a further proactive safety measure to prevent the spread of COVID-19.\n25 January 2021\nCurrently, customers travelling on the airline domestically, as well as between Australia, Rarotonga, Samoa, South Korea and Tonga are subject to local government requirements to wear masks inflight.Air New Zealand Chief Operational Integrity and Safety Officer David Morgan says the airline continues to proactively review operational processes to keep its customers, employees and New Zealand safe.\"As COVID-19 cases around the world continue to rise, particularly with new variant strains, we've put this requirement in place to further ensure the safety of our customers, aircrew and broader New Zealand.Our customers are already required by law to wear masks inflight to a number of our destinations, so extending this mandate to the remainder of our network provides a further safeguard against any potential spread of the virus. To date our customers have been overwhelmingly supportive of the requirement to wear masks and we thank them for their ongoing cooperation.\"Air New Zealand continues to work with the New Zealand Government on border requirements, such as pre-departure testing announced last week. For the latest information, customers can check the Air New Zealand COVID-19 Hub or the New Zealand Government website.EndsIssued by Air New Zealand Communications.Email: media@airnz.co.nz   │  Twitter: @AirNZMedia",
          "author": "",
          "favicon": "https://www.airnewzealand.co.nz/koru-icon-256.png",
          "source": "airnewzealand.co.nz",
          "published": "",
          "ttr": 49
     }
}