{
     "Date": "20/03/2020",
     "Open": "1.01",
     "High": "1.105",
     "Low": "0.84",
     "Close": "0.99",
     "Adj Close": "0.99",
     "Volume": "15313859",
     "Headline": "AirANewAZealand suspends Noumea and Tahiti services",
     "link": "https://www.airnewzealand.co.nz/press-release-2020-airnz-suspends-noumea-and-tahiti-services",
     "article": {
          "url": "https://www.airnewzealand.co.nz/press-release-2020-airnz-suspends-noumea-and-tahiti-services",
          "title": "Air New Zealand suspends Noumea and Tahiti services",
          "description": "Following further government restrictions for travel into New Caledonia and French Polynesia, Air New Zealand is suspending its Noumea and Tahiti routes until 30 June.",
          "links": [
               "https://www.airnewzealand.co.nz/press-release-2020-airnz-suspends-noumea-and-tahiti-services"
          ],
          "image": "",
          "content": "Following further government restrictions for travel into New Caledonia and French Polynesia, Air New Zealand is suspending its Noumea and Tahiti routes until 30 June.\n20 March 2020\nThe final Auckland-Noumea return service will be 21 March, and the final Tahiti service will be 23 March (ex Auckland) and 22 March (ex Tahiti).Air New Zealand Chief Operational Integrity and Standards Officer David Morgan says the new COVID-19 border measures pose significant operational and crewing challenges.\"We're working through options for our customers and will contact those affected in the coming days. These are challenging times for travel globally and we thank our customers for their understanding as we respond to new and changing border requirements.\"Air New Zealand's contact centre is operating at high volume. The latest Covid-19 information is published on the Travel Alerts section of the Air New Zealand website and customers are encouraged to check this and to get in touch with the airline via its social media channels in the first instance.Customers booked via a travel agent (including online travel agents) should contact their booking agent.EndsIssued by Air New Zealand Communications.Email: media@airnz.co.nz  │  Phone: +64 21 747 320  │  Twitter: @AirNZMedia",
          "author": "",
          "favicon": "https://www.airnewzealand.co.nz/koru-icon-256.png",
          "source": "airnewzealand.co.nz",
          "published": "",
          "ttr": 39
     }
}