{
     "Date": "22/02/2023",
     "Open": "0.815",
     "High": "0.815",
     "Low": "0.8",
     "Close": "0.805",
     "Adj Close": "0.805",
     "Volume": "1839716",
     "Headline": "AirNewZealand launches temporary Gisborne  Napier service",
     "link": "https://www.airnewzealand.co.nz/press-release-2023-air-new-zealand-launches-temporary-gisborne-napier-service",
     "article": {
          "url": "https://www.airnewzealand.co.nz/press-release-2023-air-new-zealand-launches-temporary-gisborne-napier-service",
          "title": "Air New Zealand launches temporary Gisborne – Napier service",
          "description": "Air New Zealand has added a new temporary service between Tairāwhiti Gisborne and the Hawke’s Bay at a time when the two regions are struggling with the impacts of devastating floods and severely damaged roads.",
          "links": [
               "https://www.airnewzealand.co.nz/press-release-2023-air-new-zealand-launches-temporary-gisborne-napier-service"
          ],
          "image": "",
          "content": "Air New Zealand has added a new temporary service between Tairāwhiti Gisborne and the Hawke's Bay at a time when the two regions are struggling with the impacts of devastating floods and severely damaged roads.\n22 February 2023\nThe direct service will operate Sunday to Friday and is in addition to the airline's existing services to and from Gisborne and Hawke's Bay.   Air New Zealand Chief Customer and Sales Officer Leanne Geraghty says that the airline is committed to supporting the communities most impacted by Cyclone Gabrielle and this temporary direct flight will provide a convenient and efficient travel option as recovery efforts continue. \"The floods have caused widespread damage to infrastructure and disrupted travel for many Kiwis. By launching this service, we're doing all we can to restore vital transportation links between the two regions, support families and friends looking to re-unite and help essential workers get to where they need to be. \"Flights go on sale tomorrow, 23 February and are available for travel from 26 February to 25 March.\" The demands of operating Air New Zealand's existing routes out of Gisborne and Napier mean that this service is limited to a daily operation and is made possible because of the current need to reposition an aircraft overnight in Hawke's Bay.   For customers, Air New Zealand has extended flexibility for those booked to travel to/from Gisborne or Napier between 17 February and 26 February 2023. Customers have until 31 March 2023 to change the date of their flight without a change fee, service fee or fare difference applying.  Customers can also choose to reroute their flight without facing additional charges provided it's to another domestic destination. The schedule for the Gisborne - Napier flights between 26 February to 25 March is as follows: Flight NZ8477 Departing Gisborne Time7:35pm ArrivingNapierTime8:05pm Flight NZ8478 Departing Napier Time7:30am ArrivingGisborneTime8:00amEndsIssued by Air New Zealand Communications.Email: media@airnz.co.nz │Phone: +64 21 747 320│Twitter: @AirNZMedia",
          "author": "",
          "favicon": "https://www.airnewzealand.co.nz/koru-icon-256.png",
          "source": "airnewzealand.co.nz",
          "published": "",
          "ttr": 64
     }
}