{
     "Date": "4/06/2020",
     "Open": "1.46",
     "High": "1.525",
     "Low": "1.455",
     "Close": "1.51",
     "Adj Close": "1.51",
     "Volume": "6697669",
     "Headline": "AirANewAZealand jets back to Invercargill",
     "link": "https://www.airnewzealand.co.nz/press-release-2020-air-new-zealand-jets-back-to-invercargill",
     "article": {
          "url": "https://www.airnewzealand.co.nz/press-release-2020-air-new-zealand-jets-back-to-invercargill",
          "title": "Air New Zealand jets back to Invercargill",
          "description": "Air New Zealand's direct A320 jet service between Auckland and Invercargill will resume on 6 July. 4 June 2020 The airline has today released its domestic schedule for July and August with the airline to...",
          "links": [
               "https://www.airnewzealand.co.nz/press-release-2020-air-new-zealand-jets-back-to-invercargill"
          ],
          "image": "",
          "content": "Air New Zealand's direct A320 jet service between Auckland and Invercargill will resume on 6 July.\n4 June 2020\nThe airline has today released its domestic schedule for July and August with the airline to operate four return jet services a week on its Auckland-Invercargill route. The airline resumed flights between Christchurch and Invercargill at the start of Alert Level 2 with that route operated by its 68-seat turboprop aircraft. Air New Zealand Head of Tourism and Regional Affairs Reuben Levermore says the airline is thrilled to be heading back to Invercargill using its A320 jet.\"When we launched the jet service in August last year, we had such an enthusiastic response from the Southland community who had long sought a direct connection to Auckland. Although times have since become more challenging, we are ready to resume the service and work with our partners in the region to enable tourism and broader economic recovery.\"\"In addition to the Auckland-Invercargill jet service, we will also be resuming services between Invercargill and Wellington from 6 July, with one daily return service operated by our 50-seat Q300 turboprop aircraft throughout the week.\"The new Auckland-Invercargill jet schedule will operate on Monday, Thursday, Friday and Sunday. The flight will depart Auckland at 10:35am, arriving in Invercargill at 12:40pm. The return flight will leave Invercargill at 1:20pm, arriving in Auckland at 3:20pm.Flights will be progressively available to book over the coming days on the Air New Zealand website.EndsIssued by Air New Zealand Communications.Email: media@airnz.co.nz   │  Twitter: @AirNZMedia",
          "author": "",
          "favicon": "https://www.airnewzealand.co.nz/koru-icon-256.png",
          "source": "airnewzealand.co.nz",
          "published": "",
          "ttr": 50
     }
}