{
     "Date": "31/12/2021",
     "Open": "1.52",
     "High": "1.52",
     "Low": "1.51",
     "Close": "1.51",
     "Adj Close": "1.51",
     "Volume": "238021",
     "Headline": "Temporary changes to AirNewZealand on-board food and beverage service",
     "link": "https://www.airnewzealand.co.nz/press-release-2021-temporary-changes-to-airnz-on-board-food-and-beverage-service",
     "article": {
          "url": "https://www.airnewzealand.co.nz/press-release-2021-temporary-changes-to-airnz-on-board-food-and-beverage-service",
          "title": "Temporary changes to Air New Zealand on-board food and beverage service",
          "description": "To add another layer of protection for New Zealanders over a busy summer season, the food and beverage services on board a domestic Air New Zealand aircraft will look a little different from 1 January 2022.",
          "links": [
               "https://www.airnewzealand.co.nz/press-release-2021-temporary-changes-to-airnz-on-board-food-and-beverage-service"
          ],
          "image": "",
          "content": "To add another layer of protection for New Zealanders over a busy summer season, the food and beverage services on board a domestic Air New Zealand aircraft will look a little different from 1 January 2022.\n31 December 2021\nAir New Zealand Chief Customer and Sales Officer Leanne Geraghty says the health and safety of our customers and crew is paramount so from tomorrow we will be providing our onboard snack to customers when they disembark the aircraft, rather than during the flight.\"We know customers look forward to their cookie, popcorn or bliss bites so rather than pause food and beverage service, we have made the decision to offer our popular snacks to our customers to enjoy when they arrive at their destination.\"\"It's anticipated that we will soon see the Omicron variant within the New Zealand community, so we are making this change now to further safeguard our customers and crew.\"Masks will continue to be mandatory for all customers onboard and must be worn throughout the duration of the flight.\"Masks are one of the key ways to limit transmission, so making this change will enable our customers' masks to be kept on throughout the flight and ensure they are as safe as possible while onboard an Air New Zealand aircraft\" Geraghty said.This temporary change will be reviewed on a regular basis and updated accordingly. Water will still be available upon request.EndsIssued by Air New Zealand Communications.Email: media@airnz.co.nz  │  Twitter: @AirNZMedia",
          "author": "",
          "favicon": "https://www.airnewzealand.co.nz/koru-icon-256.png",
          "source": "airnewzealand.co.nz",
          "published": "",
          "ttr": 48
     }
}