{
     "Date": "24/02/2021",
     "Open": "1.59",
     "High": "1.61",
     "Low": "1.575",
     "Close": "1.575",
     "Adj Close": "1.575",
     "Volume": "5030623",
     "Headline": "AirNewZealand reconfirms New Zealand Government air travel contract",
     "link": "https://www.airnewzealand.co.nz/press-release-2021-airnz-reconfirms-new-zealand-government-air-travel-contract",
     "article": {
          "url": "https://www.airnewzealand.co.nz/press-release-2021-airnz-reconfirms-new-zealand-government-air-travel-contract",
          "title": "Air New Zealand reconfirms New Zealand Government air travel contract",
          "description": "Air New Zealand is pleased to have reached an agreement to continue supplying air travel services to New Zealand government agencies for a further two years as part of a panel of airline carriers.",
          "links": [
               "https://www.airnewzealand.co.nz/press-release-2021-airnz-reconfirms-new-zealand-government-air-travel-contract"
          ],
          "image": "",
          "content": "Air New Zealand is pleased to have reached an agreement to continue supplying air travel services to New Zealand government agencies for a further two years as part of a panel of airline carriers.\n24 February 2021\nThe renewal will see Air New Zealand continue to partner with government agencies to match their specific needs for both domestic and international travel from 1 March 2021.Air New Zealand's Chief Customer and Sales Officer Leanne Geraghty says the airline is proud to continue working with MBIE to provide air travel solutions that cater to all government agencies.\"We have worked closely with MBIE and multiple government agencies to offer a revised agreement that best serves all agencies' air travel needs. We are delighted to continue evolving this long-standing relationship and we're really pleased to provide air travel to the Government to support the work they do for Kiwis around Aotearoa.\"MBIE Acting General Manager New Zealand Government Procurement and Property Angela Xygalas says the new commercial model caters to the wide range of travel needs of government agencies.\"We are pleased the collaboration with Air New Zealand has resulted in the development of a new commercial model that reflects our shared objectives. We value our long-standing relationship with Air New Zealand and look forward to continuing our work together\".The first All-of-Government Air Travel Agreement was signed in 2011 with an updated contract agreed in 2017.EndsIssued by Air New Zealand Communications.Email: media@airnz.co.nz  │  Twitter: @AirNZMedia",
          "author": "",
          "favicon": "https://www.airnewzealand.co.nz/koru-icon-256.png",
          "source": "airnewzealand.co.nz",
          "published": "",
          "ttr": 48
     }
}