{
     "Date": "14/02/2023",
     "Open": "0.81",
     "High": "0.81",
     "Low": "0.8",
     "Close": "0.8",
     "Adj Close": "0.8",
     "Volume": "559545",
     "Headline": "AirNewZealand restarts flights but conditions remain difficult",
     "link": "https://www.airnewzealand.co.nz/press-release-2023-air-new-zealand-restarts-flights-but-conditions-remain-difficult",
     "article": {
          "url": "https://www.airnewzealand.co.nz/press-release-2023-air-new-zealand-restarts-flights-but-conditions-remain-difficult",
          "title": "Air New Zealand restarts flights but conditions remain difficult",
          "description": "Flights planned to resume today to all ports other than New Plymouth, Napier and GisborneHigh winds challenging airport operations in some parts of the country. Ongoing disrupted expectedExtra flights to get...",
          "links": [
               "https://www.airnewzealand.co.nz/press-release-2023-air-new-zealand-restarts-flights-but-conditions-remain-difficult"
          ],
          "image": "",
          "content": "Flights planned to resume today to all ports other than New Plymouth, Napier and GisborneHigh winds challenging airport operations in some parts of the country. Ongoing disrupted expectedExtra flights to get customers home sooner – 11 around New Zealand and 3 to Pacific IslandsSupporting national emergency response and employees in affected regionsInternational flexibility extended.Air New Zealand is adding extra flights to get customers where they need to be as flights resume today across its North Island network. Challenging winds at airports remain.Domestic and international jet operations started from mid-morning today but have been temporarily paused due to strong gusts at Auckland Airport.Air New Zealand intends to resume turboprop operations from mid-afternoon today, however high winds may inhibit this, and the airline will keep a watching brief. Turboprop flights in and out Auckland are subject to weather considerations, and flights in and out of New Plymouth, Napier and Gisborne remain suspended due to airport closures and poor weather conditions.Air New Zealand Chief Customer and Sales Officer Leanne Geraghty says 11 flights have been added to its domestic schedule to help with recovery efforts, with more to come.\"While its good news that planes are able to start flying again across the North Island, unfortunately conditions at New Plymouth, Napier and Gisborne airports mean flying isn't possible until tomorrow at the earliest.\"Our hearts go out to these affected regions who continue to be battered by Cyclone Gabrielle. We'll get services back up to connect these regions as soon as possible.\"We're ready and waiting to support the national state of emergency response and are talking to affected communities on how we can help. We're also supporting our own people who are still badly affected by the terrible weather. We will continue to monitor the situation and support wherever we can.\"Once again we thank our incredible customers for their patience and understanding as we work through the impacts of these major events.\"Extra flights to get customers flyingThe airline says a total of 592 flights have been impacted due to the cyclone, with around 35,000 customers disrupted across our whole network.\"Urgent work is underway to rebook customers onto other flights – with around 1,500 international customers still to be rebooked.\"Flights are very full but we're working as fast as we can to rebook these remaining customers into the next available seats, and we've been in touch with them to let them know we're pulling out all the stops to get people flying again. This includes getting all our customer teams to support the rebooking effort.\"This includes adding extra flights where possible to get our customers where they need to be as quickly as possible. We're looking at all available options, including adding larger planes, working with Star Alliance partners, converting cargo flights and adding additional services where possible. These aren't easy to stand up but they're the right thing to do.\"Extra international flights and bigger planes to Fiji, Samoa and Tahiti will speed up recovery from the Pacific.Extending international flexibilityAir New Zealand is also extending flexibility for those customers affected by cyclone disruptions up to 17 February 2023.International customers can now change travel up to 8 March 2023 without a change fee, service fee or fare difference applying. If travel is only available in a higher cabin, the fare differential will apply. Tickets can also be put into credit towards travel within 12 months.For those travelling domestically, flexibility applies until 22 February 2023.Customers who booked through a travel agent or third-party online agent should contact them directly about making changes to their bookings or credit validity.The airline's Travel Alerts page has the most up to date information on operating flights.The airline is focused on managing these impacts for our customer and will not be able to provide specific flight details at this time.EndsIssued by Air New Zealand Communications.Email: media@airnz.co.nz │Phone: +64 21 747 320│Twitter: @AirNZMedia",
          "author": "",
          "favicon": "https://www.airnewzealand.co.nz/koru-icon-256.png",
          "source": "airnewzealand.co.nz",
          "published": "",
          "ttr": 128
     }
}