{
     "Date": "17/07/2020",
     "Open": "1.335",
     "High": "1.35",
     "Low": "1.3",
     "Close": "1.3",
     "Adj Close": "1.3",
     "Volume": "2572833",
     "Headline": "AirNewZealand runs dedicated repatriation flights to Samoa for fruit industry workers",
     "link": "https://www.airnewzealand.co.nz/press-release-2020-airnz-runs-dedicated-repatriation-flights-to-samoa-for-fruit-industry-workers-2",
     "article": {
          "url": "https://www.airnewzealand.co.nz/press-release-2020-airnz-runs-dedicated-repatriation-flights-to-samoa-for-fruit-industry-workers-2",
          "title": "Air New Zealand runs dedicated repatriation flights to Samoa for fruit industry workers",
          "description": "With New Zealand's fruit picking season coming to an end, the first of two dedicated Air New Zealand repatriation flights to return Recognised Seasonal Employees home to Samoa has taken off from Auckland International Airport.",
          "links": [
               "https://www.airnewzealand.co.nz/press-release-2020-airnz-runs-dedicated-repatriation-flights-to-samoa-for-fruit-industry-workers-2"
          ],
          "image": "",
          "content": "With New Zealand's fruit picking season coming to an end, the first of two dedicated Air New Zealand repatriation flights to return Recognised Seasonal Employees home to Samoa has taken off from Auckland International Airport.Flight NZ990, operated by a 787-9 Dreamliner aircraft, departed just before 9.00am and is expected to touch down in Apia around 1.40pm local time today, carrying 300 seasonal workers from Hawke's Bay, Blenheim, Gisborne, Martinborough and the Bay of Plenty. The airline has been working closely with New Zealand Apples and Pears Inc, the largest employer of Samoan seasonal workers in the country, which has been coordinating the return of workers employed by several orchards across New Zealand.  There are more than 2,000 Samoan workers in New Zealand who carry out valuable work during the country's fruit picking season. Air New Zealand received approval from the Samoan Government to operate today's flight, and another on Friday 31 July which will carry only seasonal workers. These services are in addition to the fortnightly repatriation flights the airline has been operating between Auckland and Apia since 29 May.Air New Zealand's Country Manager Samoa Karen Gatt says the airline is pleased to support New Zealand Apples and Pears Inc with the repatriation of Samoan seasonal workers with assistance from the Samoan and New Zealand governments.\"We're happy to play a part in returning workers home to Samoa via these two dedicated services between Auckland and Apia. We will also continue to offer seats to seasonal workers on our fortnightly scheduled repatriation flights which are currently approved to operate to the end of September.\"New Zealand Apples and Pears Inc Trade Strategy and Policy Manager Gary Jones says the relationship between Samoa and the New Zealand pipfruit industry is deep and personal.\"We are family, and when regional leaders in Samoa asked our industry and the Samoan Government to bring seasonal workers home safely, we responded immediately. We're working closely with Recognised Seasonal Employers across New Zealand and Air New Zealand to ensure their workers from across New Zealand are able to get home.\"EndsIssued by Air New Zealand Communications.Email: media@airnz.co.nz  │  Twitter: @AirNZMedia",
          "author": "",
          "favicon": "https://www.airnewzealand.co.nz/koru-icon-256.png",
          "source": "airnewzealand.co.nz",
          "published": "",
          "ttr": 70
     }
}