{
     "Date": "28/02/2020",
     "Open": "2.38",
     "High": "2.38",
     "Low": "2.27",
     "Close": "2.27",
     "Adj Close": "2.139948",
     "Volume": "2588439",
     "Headline": "AirANewAZealand offers fares on the Tasman for as low as $69",
     "link": "https://www.airnewzealand.co.nz/press-release-2020-airnz-offers-low-fares-on-the-tasman",
     "article": {
          "url": "https://www.airnewzealand.co.nz/press-release-2020-airnz-offers-low-fares-on-the-tasman",
          "title": "Air New Zealand offers fares on the Tasman for as low as $69",
          "description": "Air New Zealand is slashing the price of Tasman fares to stimulate travel in the wake of softening demand due to the coronavirus.",
          "links": [
               "https://www.airnewzealand.co.nz/press-release-2020-airnz-offers-low-fares-on-the-tasman"
          ],
          "image": "",
          "content": "Air New Zealand is slashing the price of Tasman fares to stimulate travel in the wake of softening demand due to the coronavirus.\n28 February 2020\nAir New Zealand Chief Revenue Officer Cam Wallace says one-way fares will drop as low as NZD $69 on flights from Auckland to Melbourne as an example.\"Customers are going to get some ridiculously good deals on flights across the Tasman. Like all airlines we have seen some softness in demand on routes like the Tasman where we now have some empty seats due to travellers mainly from Asian destinations not connecting between New Zealand and Australia.\"Kiwis and Aussies are going to be able to head away for holidays or to see family and friends or do business for cheaper than a night's accommodation at most hotels.\"We'd encourage customers to get in quick as the cheap seats are likely to sell faster than tickets for this weekend's $50 million dollar Lotto draw,\" Mr Wallace says.Here are some of the ridiculously cheap seat only fares going on sale today for travel from mid-March 2020:Auckland-Melbourne:      $69Auckland-Brisbane:      $79Auckland-Sydney:      $79 Christchurch-Melbourne:      $69 Christchurch-Brisbane:      $79 Wellington-Sydney:      $79The ridiculously cheap fares are available now until the end of Monday.EndsIssued by Air New Zealand Communications.Email: media@airnz.co.nz  │  Phone: +64 21 747 320  │  Twitter: @AirNZMedia",
          "author": "",
          "favicon": "https://www.airnewzealand.co.nz/koru-icon-256.png",
          "source": "airnewzealand.co.nz",
          "published": "",
          "ttr": 43
     }
}