{
     "Date": "8/10/2020",
     "Open": "1.54",
     "High": "1.56",
     "Low": "1.525",
     "Close": "1.54",
     "Adj Close": "1.54",
     "Volume": "1493291",
     "Headline": "Tickets for AirNewZealand'sWorld Premiere in the Airwith Kiwi band SIX60 sell out in seven hours",
     "link": "https://www.airnewzealand.co.nz/press-release-2020-tickets-for-air-new-zealands-world-premiere-in-the-air-with-kiwi-band-six60-sell-out-in-seven-hours",
     "article": {
          "url": "https://www.airnewzealand.co.nz/press-release-2020-tickets-for-air-new-zealands-world-premiere-in-the-air-with-kiwi-band-six60-sell-out-in-seven-hours",
          "title": "Tickets for Air New Zealand's <i>World Premiere in the Air</i> with Kiwi band SIX60 sell out in seven hours",
          "description": "Tickets for Air New Zealand’s <i>World Premiere in the Air</i>, a dedicated flight from Auckland to Dunedin that will premiere a new film about Kiwi band SIX60 have been snapped up in just seven hours.",
          "links": [
               "https://www.airnewzealand.co.nz/press-release-2020-tickets-for-air-new-zealands-world-premiere-in-the-air-with-kiwi-band-six60-sell-out-in-seven-hours"
          ],
          "image": "",
          "content": "Tickets for Air New Zealand's World Premiere in the Air, a dedicated flight from Auckland to Dunedin that will premiere a new film about Kiwi band SIX60 have been snapped up in just seven hours.\n8 October 2020\nTicket holders will have the chance to rub shoulders with the band, who will be travelling on the service, as well as be the first in the world to see the film SIX60: Till the Lights Go Out by local film maker Julia Parnell.Air New Zealand's General Manager Brand and Marketing Jeremy O'Brien says the speed at which the flight sold out is a sign of just how popular SIX60 is with New Zealanders young and old.\"We're thrilled the tickets sold so quickly – it's a real reflection of the band's popularity and how proud we are of them as Kiwis. We're putting on our larger A321neo aircraft for the service, and we expect the full flight will help boost local business and tourism in Dunedin over the weekend. We're really excited to host the premiere inflight and look forward to welcoming customers on board in November.\"Flight NZ660 departs Auckland for Dunedin on Saturday 14 November.EndsIssued by Air New Zealand Communications.Email: media@airnz.co.nz  │  Twitter: @AirNZMedia",
          "author": "",
          "favicon": "https://www.airnewzealand.co.nz/koru-icon-256.png",
          "source": "airnewzealand.co.nz",
          "published": "",
          "ttr": 41
     }
}