{
     "Date": "24/07/2020",
     "Open": "1.33",
     "High": "1.34",
     "Low": "1.31",
     "Close": "1.325",
     "Adj Close": "1.325",
     "Volume": "636571",
     "Headline": "AirNewZealand domestic schedule ramps up",
     "link": "https://www.airnewzealand.co.nz/press-release-2020-air-new-zealand-domestic-schedule-ramps-up",
     "article": {
          "url": "https://www.airnewzealand.co.nz/press-release-2020-air-new-zealand-domestic-schedule-ramps-up",
          "title": "Air New Zealand domestic schedule ramps up",
          "description": "Air New Zealand has ramped up its domestic schedule for August to 70 percent of pre-Covid-19 levels. 24 July 2020 Air New Zealand has ramped up its domestic schedule for August to 70 percent of pre-Covid-19...",
          "links": [
               "https://www.airnewzealand.co.nz/press-release-2020-air-new-zealand-domestic-schedule-ramps-up"
          ],
          "image": "",
          "content": "Air New Zealand has ramped up its domestic schedule for August to 70 percent of pre-Covid-19 levels. \n24 July 2020\nAir New Zealand has ramped up its domestic schedule for August to 70 percent of pre-Covid-19 levels.The airline had planned to operate around 55 percent of its usual domestic capacity (compared to pre-Covid-19 levels) during August.Air New Zealand General Manager Networks Scott Carr says the airline has been pleasantly surprised with demand for domestic travel.\"As a result of demand, we've added or upgauged more than 400 one-way flights in August. This includes operating an additional 408 one-way flights and 18 flights which have been upgauged to a larger aircraft.\"The following domestic routes will see additional or upgauged flights in August –Auckland to/fromChristchurchChristchurch to/fromDunedinWellington to/fromBlenheimAuckland to/fromNelsonChristchurch to/fromHamiltonWellington to/fromDunedinAuckland to/fromQueenstownChristchurch to/fromInvercargillWellington to/fromHamiltonAuckland to/fromWellingtonChristchurch to/fromNelsonWellington to/fromNapierAuckland to/fromChristchurch to/fromNew PlymouthWellington to/fromNelsonAuckland to/fromChristchurch to/fromPalmerston NorthWellington to/fromNew PlymouthAuckland to/fromChristchurch to/fromQueenstownWellington to/fromQueenstownAuckland to/fromChristchurch to/fromTaurangaWellington to/fromTaurangaAuckland to/fromChristchurch to/fromWellingtonWellington to/fromTimaruEarlier in the week Air New Zealand's online credit tool went live allowing customers who hold credit directly with the airline to manage their credit online.EndsIssued by Air New Zealand Communications.Email: media@airnz.co.nz  │ Twitter: @AirNZMedia",
          "author": "",
          "favicon": "https://www.airnewzealand.co.nz/koru-icon-256.png",
          "source": "airnewzealand.co.nz",
          "published": "",
          "ttr": 37
     }
}