{
     "Date": "22/02/2021",
     "Open": "1.54",
     "High": "1.575",
     "Low": "1.535",
     "Close": "1.555",
     "Adj Close": "1.555",
     "Volume": "1933523",
     "Headline": "AirNewZealand trials global digital travel pass",
     "link": "https://www.airnewzealand.co.nz/press-release-2021-airnz-trials-global-digital-travel-pass",
     "article": {
          "url": "https://www.airnewzealand.co.nz/press-release-2021-airnz-trials-global-digital-travel-pass",
          "title": "Air New Zealand trials global digital travel pass",
          "description": "Air New Zealand customers and employees will be among the first to trial a digital initiative to get people moving safely across the globe again.",
          "links": [
               "https://www.airnewzealand.co.nz/press-release-2021-airnz-trials-global-digital-travel-pass"
          ],
          "image": "",
          "content": "Air New Zealand customers and employees will be among the first to trial a digital initiative to get people moving safely across the globe again.With constantly changing entry and departure testing and paperwork requirements, the airline wants to streamline the health verification process to help customers know what they need to take their next international trip safely.The airline will trial the digital Travel Pass app developed by International Air Transport Association (IATA) on its Auckland-Sydney route in April.Air New Zealand Chief Digital Officer Jennifer Sepull says the goal is to enable customers to seamlessly manage their digital travel documentation throughout their travel experience.\"Once borders reopen, travel is going to look very different, with customers' health data needing to be verified at check-in. It's essentially like having a digital health certificate that can be easily and securely shared with airlines. This will give customers peace of mind that they meet all travel requirements for the different countries around the world before they even get to the airport.\"Reassuring customers that travel is in fact safe is one of our priorities. By using the app, customers can have confidence that everyone onboard meets the same government health requirements they do.\"By having a place to store all your health credentials digitally in one place, it will not only speed up the check-in process but unlock the potential for contactless travel.\"Customer privacy is at the heart of the design. There is no central database storing personal information - rather it is shared at the travellers' discretion, in a safe and secure way.IATA's Senior Vice President Airport, Passenger, Cargo and Security, Nick Careen says Air New Zealand's trial of IATA Travel Pass is an important milestone towards restarting international travel.\"Air New Zealand is demonstrating its industry leadership being among the first airlines in the world to offer its passengers a digital travel pass.\"Air New Zealand's trial of IATA Travel Pass will help give governments the confidence to re-open borders and passengers the confidence to travel. The app has been developed with the highest levels of data privacy and security, so passengers always remain in control of their COVID-19 health information. And governments can be confident that passengers who are \"Ok to Travel\" are in full compliance of COVID-19 travel requirements.\"The trial will run for three weeks once the app hits app/android store shelves in April and both aircrew and customers will be invited to join the trial. The airline is in conversation with government agencies about options for validation of testing and vaccination.How it worksCustomers will be able to create a digital health wallet linked to their e-passport. Once travellers have been tested and/or vaccinated, labs will securely send data to the individual's app. It then checks requirements for travel against the data and customers who meet those travel requirements will be given the green tick to travel.EndsIssued by Air New Zealand Communications.Email: media@airnz.co.nz │ Twitter: @AirNZMedia",
          "author": "",
          "favicon": "https://www.airnewzealand.co.nz/koru-icon-256.png",
          "source": "airnewzealand.co.nz",
          "published": "",
          "ttr": 97
     }
}