{
     "Date": "12/11/2020",
     "Open": "1.645",
     "High": "1.65",
     "Low": "1.59",
     "Close": "1.6",
     "Adj Close": "1.6",
     "Volume": "4070883",
     "Headline": "AirNewZealand Chief Financial Officer appointment",
     "link": "https://www.airnewzealand.co.nz/press-release-2020-airnz-chief-financial-officer-appointment",
     "article": {
          "url": "https://www.airnewzealand.co.nz/press-release-2020-airnz-chief-financial-officer-appointment",
          "title": "Air New Zealand Chief Financial Officer appointment",
          "description": "Air New Zealand has appointed Richard Thomson as its next Chief Financial Officer. 12 November 2020 Mr Thomson is a former Air New Zealander and has been Chief Financial Officer of publicly listed Metlifecare...",
          "links": [
               "https://www.airnewzealand.co.nz/press-release-2020-airnz-chief-financial-officer-appointment"
          ],
          "image": "",
          "content": "Air New Zealand has appointed Richard Thomson as its next Chief Financial Officer.\n12 November 2020\nMr Thomson is a former Air New Zealander and has been Chief Financial Officer of publicly listed Metlifecare for the past three years where he has been closely involved in its recent acquisition by APVG.\"Richard is an exceptionally well respected executive, with a proven track record as a listed company CFO and is regarded as an outstanding leader with in-depth airline knowledge and experience. He is highly regarded in Air New Zealand after holding a series of senior commercial and finance roles between 2004 and 2017. His understanding of the domestic and international aviation markets will be critical as we seize the opportunities that will emerge when borders begin to reopen,\" says Chief Executive Officer Greg ForanMr Thomson holds Bachelor of Commerce and Bachelor of Law (Hons) qualifications from the University of Canterbury and maintains a license as a private pilot. He is expected to take up his appointment with Air New Zealand in early 2021 once he has completed his contractual obligations with Metlifecare.The airline's current Chief Financial Officer, Jeff McDowall, will undertake a structured transition with Mr Thomson and as previously announced he will leave the airline after the completion of the equity raise in the first half of next year.EndsIssued by Air New Zealand Communications.Email: media@airnz.co.nz   │  Twitter: @AirNZMedia",
          "author": "",
          "favicon": "https://www.airnewzealand.co.nz/koru-icon-256.png",
          "source": "airnewzealand.co.nz",
          "published": "",
          "ttr": 46
     }
}