{
     "Date": "10/12/2020",
     "Open": "1.895",
     "High": "1.92",
     "Low": "1.845",
     "Close": "1.85",
     "Adj Close": "1.85",
     "Volume": "1218472",
     "Headline": "AirNewZealand to operate Wildfoods flight from Wellington",
     "link": "https://www.airnewzealand.co.nz/press-release-2020-airnz-to-operate-wildfoods-flight-from-wellington",
     "article": {
          "url": "https://www.airnewzealand.co.nz/press-release-2020-airnz-to-operate-wildfoods-flight-from-wellington",
          "title": "Air New Zealand to operate Wildfoods flight from Wellington",
          "description": "Air New Zealand will operate a special flight between Wellington and Hokitika to help get festival goers to the Wildfoods Festival in March.",
          "links": [
               "https://www.airnewzealand.co.nz/press-release-2020-airnz-to-operate-wildfoods-flight-from-wellington"
          ],
          "image": "",
          "content": "Air New Zealand will operate a special flight between Wellington and Hokitika to help get festival goers to the Wildfoods Festival in March.\n10 December 2020\nThe Grabaseat Hokitika Wildfoods Festival Flight will depart Wellington at 10:00am on Saturday 13 March, with the service returning the same day at 6:25pm. The flight will be operated by one of the airline's 68-seat ATR aircraft.Flight and ticket packages are available for sale via Air New Zealand's Grabaseat website for $299 and include transfers to and from Hokitika Airport. There is also an option for people to fly from Auckland and connect onto the Wellington-Hokitika Wildfoods flight.Air New Zealand Chief Customer and Sales Officer Leanne Geraghty says the Hokitika Wildfoods Festival is one of the biggest events on the West Coast calendar.\"We're proud to get behind this iconic event which is unique to the West Coast. Events like the Wildfoods Festival give Kiwis a great reason to travel domestically and support our regions. By operating this special flight between Wellington and Hokitika we can help get even more people to the event and experience the West Coast.\"Mayor of Westland Bruce Smith says, \"We've enjoyed a long-standing relationship with Air New Zealand and it's great they will once again support the Wildfoods Festival with a special service. I look forward to welcoming guests when they arrive in Hokitika on 13 March.\"More details can be found on the Grabaseat website.EndsIssued by Air New Zealand Communications.Email: media@airnz.co.nz   │  Twitter: @AirNZMedia",
          "author": "",
          "favicon": "https://www.airnewzealand.co.nz/koru-icon-256.png",
          "source": "airnewzealand.co.nz",
          "published": "",
          "ttr": 49
     }
}