{
     "Date": "5/05/2021",
     "Open": "1.71",
     "High": "1.72",
     "Low": "1.69",
     "Close": "1.7",
     "Adj Close": "1.7",
     "Volume": "1162614",
     "Headline": "Services between Auckland and Adelaide take off",
     "link": "https://www.airnewzealand.co.nz/press-release-2021-extension-to-air-nz-air-china-alliance",
     "article": {
          "url": "https://www.airnewzealand.co.nz/press-release-2021-extension-to-air-nz-air-china-alliance",
          "title": "Extension to Air New Zealand and Air China alliance",
          "description": "Air New Zealand and Air China have extended their strategic alliance partnership on services between New Zealand and China for a further five years.",
          "links": [
               "https://www.airnewzealand.co.nz/press-release-2021-extension-to-air-nz-air-china-alliance"
          ],
          "image": "",
          "content": "Air New Zealand and Air China have extended their strategic alliance partnership on services between New Zealand and China for a further five years.The announcement was made by Air New Zealand Chief Executive Officer Greg Foran at the China Business Summit in Auckland this morning. Mr Foran welcomed the extension, saying it will help New Zealand rebuild together.\"China is an incredibly important market for Aotearoa, and for Air New Zealand. The renewal of our strategic cooperation with Air China will be a vital boost for our tourism industry as it recovers from the severe impact of COVID-19. \"Our alliance with Air China has delivered, and will continue to deliver, real benefit to New Zealand – including greater choice, extra seats and more flights into New Zealand. \"It's a great example of how we can build sustainable air connectivity to and from New Zealand.\"Mr Foran told the summit that although COVID-19 has affected passenger travel, the trade and business cooperation between China and New Zealand has remained relatively stable.\"Our Shanghai route has the highest proportion of cargo on any network we fly. Last year we carried 2,600 tonnes of exports to Shanghai – up 23 percent on the year before. We're proud to bring PPE into New Zealand and take the best of Aotearoa's premium fresh produce – seafood, red meat, dairy, fresh fruit and vegetables – to Shanghai.\"Pre-pandemic, China was New Zealand's second-largest international visitor market (450,000 in 2019) and one of the most valuable in terms of holiday visitor spend ($1.5 billion).The alliance agreement was first put in place in 2015 and will be extended to March 2026, having been approved by regulators in New Zealand and China.Through the strategic alliance, services can be easily booked through either airline. Air New Zealand and Air China customers enjoy reciprocal frequent flyer benefits, such as earning and spending loyalty points and lounge access. Air New Zealand customers also receive better access to Air China's comprehensive domestic network. For Air China customers the alliance enhances their customers' access to New Zealand's regions.EndsIssued by Air New Zealand Communications.Email: media@airnz.co.nz   │  Twitter: @AirNZMedia",
          "author": "",
          "favicon": "https://www.airnewzealand.co.nz/koru-icon-256.png",
          "source": "airnewzealand.co.nz",
          "published": "",
          "ttr": 70
     }
}