{
     "Date": "23/04/2020",
     "Open": "1.33",
     "High": "1.33",
     "Low": "1.28",
     "Close": "1.28",
     "Adj Close": "1.28",
     "Volume": "3623900",
     "Headline": "AirANewAZealand to help the New Zealand Government bring home Kiwis stranded in India",
     "link": "https://www.airnewzealand.co.nz/press-release-air-new-zealand-to-help-the-new-zealand-government-bring-home-kiwis-stranded-in-india",
     "article": {
          "url": "https://www.airnewzealand.co.nz/press-release-air-new-zealand-to-help-the-new-zealand-government-bring-home-kiwis-stranded-in-india",
          "title": "Air New Zealand to help the New Zealand Government bring home Kiwis stranded in India",
          "description": "The New Zealand Government has chartered three Air New Zealand B777-300 aircraft to repatriate New Zealand nationals stranded in India due to COVID-19.",
          "links": [
               "https://www.airnewzealand.co.nz/press-release-air-new-zealand-to-help-the-new-zealand-government-bring-home-kiwis-stranded-in-india"
          ],
          "image": "",
          "content": "The New Zealand Government has chartered three Air New Zealand B777-300 aircraft to repatriate New Zealand nationals stranded in India due to COVID-19.\n23 April 2020\nFlight NZ1954 departed Auckland International Airport yesterday morning, and two subsequent flights are due to depart over the coming days. The Air New Zealand aircraft will pick up travellers in Delhi and Mumbai before returning directly to New Zealand.A team of Air New Zealand employees, including six pilots, fourteen cabin crew and one ramp support staff member, have volunteered to operate these repatriation flights.Air New Zealand Chief Operational Integrity and Standards Officer Captain David Morgan says the airline is looking forward to welcoming Kiwis back on to home soil.\"We're pleased to be able to assist the New Zealand Government with these repatriation flights to bring Kiwis home.\"There's always an additional level of complexity to a repatriation mission when landing at a new location. Our teams are highly experienced in managing such a detailed operation, and we have been working closely with both governments to ensure safety is the number one priority.\"Three direct, return flights are scheduled between Auckland–Delhi and Auckland–Mumbai between 22–30 April.Air New Zealand continues to work with various governments on repatriation flights.India charter details:Aircraft: Boeing 777-300Expected flight time: Approx. 15.5 hoursCapacity: 342 seatsEndsIssued by Air New Zealand Communications.Email: media@airnz.co.nz  │  Phone: +64 21 747 320  │  Twitter: @AirNZMedia",
          "author": "",
          "favicon": "https://www.airnewzealand.co.nz/koru-icon-256.png",
          "source": "airnewzealand.co.nz",
          "published": "",
          "ttr": 46
     }
}