{
     "Date": "29/08/2022",
     "Open": "0.66",
     "High": "0.665",
     "Low": "0.65",
     "Close": "0.655",
     "Adj Close": "0.655",
     "Volume": "1505234",
     "Headline": "A star is born as AirNewZealand unveils new Star Alliance aircraft",
     "link": "https://www.airnewzealand.co.nz/press-release-2022-airnz-a-star-is-born-as-air-new-zealand-unveils-new-star-alliance-aircraft",
     "article": {
          "url": "https://www.airnewzealand.co.nz/press-release-2022-airnz-a-star-is-born-as-air-new-zealand-unveils-new-star-alliance-aircraft",
          "title": "A star is born as Air New Zealand unveils new Star Alliance aircraft",
          "description": "Kiwis will see a new star in the sky over Aotearoa as Air New Zealand reveals its world-first Star Alliance livery.The airline's newest A321neo will sport a one-of-a-kind look - a jet black Star Alliance...",
          "links": [
               "https://www.airnewzealand.co.nz/press-release-2022-airnz-a-star-is-born-as-air-new-zealand-unveils-new-star-alliance-aircraft"
          ],
          "image": "",
          "content": "Kiwis will see a new star in the sky over Aotearoa as Air New Zealand reveals its world-first Star Alliance livery.The airline's newest A321neo will sport a one-of-a-kind look - a jet black Star Alliance livery.Air New Zealand's Chief Transformation and Alliances Officer Mike Williams says the A321neo is the world's first black Star Alliance aircraft.\"While Star Alliance livery is typically white with a black tail fin, we asked if we could do something a little different and inverse the colours in celebration of how important black is to Air New Zealand and New Zealand.\"Black is an iconic Kiwi colour. From sports jerseys to gumboots, black is embedded in New Zealand's national identity and worn with pride, so it's fantastic to welcome this aircraft with its special black livery into our fleet.\"Kiwis missing the Koru need not look too far - our iconic mangōpare will feature on the wingtips in this one-off design.\"Star Alliance Vice President for Alliance Development and Communications Siu Ling Fock says \"as the largest and longest-running airline alliance in the world, Star Alliance honours each of our 26 member airlines' distinct heritage, character and style. We know the significance of the colour black to New Zealanders, so when Air New Zealand proposed to launch the first-ever all-black aircraft with Star Alliance livery, we were happy to agree. This launch also comes at a special time for Star Alliance, as we celebrate our 25th anniversary this year.\"\"Since Air New Zealand joined us as a member in 1999, we've been proud to have them be a part of the Star Alliance network that flies people to destinations all over the world, from Canada to Croatia, and Turkey to Thailand.\"The new aircraft, which can seat up to 217 customers, will be one of three A321neos to join the airline's fleet in the coming months, helping get customers to where they need to be in time for the busy Christmas and holiday period.The aircraft will fly on the airline's domestic network so there will be plenty of opportunities for Kiwi plane spotters to see the unique livery.It is expected to touch down in November, after making the 17,825km journey from the Airbus factory in Hamburg in Germany, through Muscat, Kuala Lumpur and Cairns, before arriving in Auckland.\"Demand for travel is showing no signs of slowing down anytime soon, so we're excited that these aircraft will help add much needed capacity on our domestic routes – they won't be sitting on the tarmac for long!\"We are proud that this special domestic A321neo will soon be flying customers from our fellow Star Alliance members across Aotearoa.\"Another A321neo, which will be painted in the Air New Zealand's classic black and white livery, is expected to arrive in September.Air New Zealand has an average fleet age of 7.3 years making it one of the youngest and most efficient fleets in the world.The new aircraft will go through a process to get it ready for service once they arrive.Note to editorImages of the new Star Alliance livery and it being painted can be found here.EndsIssued by Air New Zealand Communications.Email: media@airnz.co.nz │Twitter: @AirNZMedia ",
          "author": "",
          "favicon": "https://www.airnewzealand.co.nz/koru-icon-256.png",
          "source": "airnewzealand.co.nz",
          "published": "",
          "ttr": 104
     }
}