{
     "Date": "9/07/2022",
     "Open": "",
     "High": "",
     "Low": "",
     "Close": "",
     "Adj Close": "",
     "Volume": "",
     "Headline": "AirNewZealand brings back Covid Flexibility Policy to help customers",
     "link": "https://www.airnewzealand.co.nz/press-release-2022-airnz-brings-back-covid-flexibility-policy-to-help-customers",
     "article": {
          "url": "https://www.airnewzealand.co.nz/press-release-2022-airnz-brings-back-covid-flexibility-policy-to-help-customers",
          "title": "Air New Zealand brings back Covid Flexibility Policy to help customers",
          "description": "In response to increasing levels of illness in the community, Air New Zealand is reintroducing its Covid Flexibility Policy until 31 July, offering customers the flexibility of opting into credit if they are no longer able to travel.",
          "links": [
               "https://www.airnewzealand.co.nz/press-release-2022-airnz-brings-back-covid-flexibility-policy-to-help-customers"
          ],
          "image": "",
          "content": "In response to increasing levels of illness in the community, Air New Zealand is reintroducing its Covid Flexibility Policy until 31 July, offering customers the flexibility of opting into credit if they are no longer able to travel.The airline is hearing from a large number of customers who are falling sick with Covid or other winter illnesses and can no longer travel. It's also seeing higher-than-usual employee sickness leading to flight cancellations.From today, the airline is temporarily bringing back its Covid Flexibility Policy, which allows customers travelling around New Zealand or overseas to cancel their travel if they are unwell and either put their booking into credit or change their flight and have their change fee waived.Air New Zealand Chief Customer and Sales Officer Leanne Geraghty says the decision is the right thing to do by the airline's customers.\"With more than 670,000 customers booked to travel with us in the next two weeks alone, it's likely that some will find themselves in a position where they can no longer fly due to illness or looking after unwell family members.\"This change will give them the flexibility to change their plans, so they don't miss out on their holidays or being reunited with friends and whānau, and they can still get to where they want to be at a later time.\"Customers booked between now and 31 July can hold the value of their fare in credit for 12 months from the time they requested their credit.Customers can easily opt into credit via the Air New Zealand app or website in the Manage Booking tab, by selecting request a credit. They can also use the app or website to change their flights to another date and have their change fee waived, though a fare difference may apply.\"With sickness and wild winter weather disrupting flights over the past few days, our Contact Centre team are under an enormous amount of pressure and are doing everything they can to help our customers at this time. So we thank our customers for being patient and understanding while we work through these challenges.\"Customers are encouraged to only contact the team if their flight is departing within the next 48 hours and to check out Air New Zealand's travel alerts page before getting in touch.Customers who booked through a travel agent or third-party online agent should contact them directly about making changes to their bookings or credit validity.",
          "author": "",
          "favicon": "https://www.airnewzealand.co.nz/koru-icon-256.png",
          "source": "airnewzealand.co.nz",
          "published": "",
          "ttr": 80
     }
}