{
     "Date": "29/07/2020",
     "Open": "1.325",
     "High": "1.34",
     "Low": "1.32",
     "Close": "1.325",
     "Adj Close": "1.325",
     "Volume": "840889",
     "Headline": "AirNewZealand update on Australia services",
     "link": "https://www.airnewzealand.co.nz/air-new-zealand-update-on-australia-services",
     "article": {
          "url": "https://www.airnewzealand.co.nz/air-new-zealand-update-on-australia-services",
          "title": "Air New Zealand update on Australia services",
          "description": "Due to Australian Government restrictions Air New Zealand has put a hold on further bookings to Australia until 28 August.",
          "links": [
               "https://www.airnewzealand.co.nz/air-new-zealand-update-on-australia-services"
          ],
          "image": "",
          "content": "Due to Australian Government restrictions Air New Zealand has put a hold on further bookings to Australia until 28 August.\n29 July 2020\nThe Australian Government has a cap of 30 passenger arrivals per flight into Sydney and Brisbane in place. International passenger arrivals into Melbourne are not currently permitted to 8 August.Air New Zealand Chief Commercial and Customer Officer Cam Wallace says while the government restrictions are in place until 8 August, the airline is placing a hold on future bookings to help prevent disruptions to customer journeys should these restrictions be extended.\"We know there are people wanting to head home to Australia at this time and we'll be ready to fly them as soon as we are able to accommodate more passengers.\"EndsIssued by Air New Zealand Communications.Email: media@airnz.co.nz  │  Twitter: @AirNZMedia",
          "author": "",
          "favicon": "https://www.airnewzealand.co.nz/koru-icon-256.png",
          "source": "airnewzealand.co.nz",
          "published": "",
          "ttr": 27
     }
}