{
     "Date": "31/10/2022",
     "Open": "0.775",
     "High": "0.785",
     "Low": "0.77",
     "Close": "0.78",
     "Adj Close": "0.78",
     "Volume": "2799146",
     "Headline": "AirNewZealand resumes non-stop flights to Bali",
     "link": "https://www.airnewzealand.co.nz/press-release-2022-airnz-air-new-zealand-resumes-non-stop-flights-to-bali",
     "article": {
          "url": "https://www.airnewzealand.co.nz/press-release-2022-airnz-air-new-zealand-resumes-non-stop-flights-to-bali",
          "title": "Air New Zealand resumes non-stop flights to Bali",
          "description": "Kiwis wanting to escape wintery months next year will be delighted to hear Air New Zealand will be returning to the tropical shores of Bali in March 2023.",
          "links": [
               "https://www.airnewzealand.co.nz/press-release-2022-airnz-air-new-zealand-resumes-non-stop-flights-to-bali"
          ],
          "image": "",
          "content": "Kiwis wanting to escape wintery months next year will be delighted to hear Air New Zealand will be returning to the tropical shores of Bali in March 2023.\n31 October 2022\nAir New Zealand Chief Customer and Sales Officer Leanne Geraghty says tickets have gone on sale today to Bali, which remains one of the hottest international holiday spots for Kiwis.\"We first flew to Bali in 2012. Our last flight was in 2019 when we flew around 17,000 customers. It's awesome to be back offering non-stop services and give Kiwis direct access to a tropical paradise that suits any type of travellers.\"Bali regularly features as one of our topmost searched destinations – currently in the top five – and we're expecting interest to be hotter than the Balinese sunshine as Kiwis flock to book a winter getaway.\"Next year, Air New Zealand will fly a seasonal service between 29 March – 27 October 2023. This seasonal service covers April, July and October school holidays and is subject to government and regulatory approvals.The airline will fly a 787-9 Dreamliner three times weekly in the only non-stop flight between Auckland and Denpasar.Following Air New Zealand's customer research on longer flights, Bali will move to our full-service longhaul which means all Economy customers will receive a tasty meal, Inflight Entertainment, and a checked bag. Customers will also be able to book our award-winning Business Premier and Premium Economy.More information on where to go and what to see in Bali can be found at: www.airnewzealand.co.nz/destination-bali.Bali Flight Schedule from 29 March 2023:Flight NumberNZ64DepartsAuckland 11:00am*ArrivesBali (DPS) 4:20pmDay of WeekWed, Fri, SunFlight NumberNZ65DepartsBali (DPS) 5:50pmArrivesAuckland 5:30am*Day of WeekWed, Fri, Sun* Time will be adjusted by one hour during daylight savings (29-31 March and 27 September-27 October)EndsIssued by Air New Zealand Communications.Email: media@airnz.co.nz │Phone: +64 21 747 320│Twitter: @AirNZMedia ",
          "author": "",
          "favicon": "https://www.airnewzealand.co.nz/koru-icon-256.png",
          "source": "airnewzealand.co.nz",
          "published": "",
          "ttr": 60
     }
}