{
     "Date": "8/10/2020",
     "Open": "1.54",
     "High": "1.56",
     "Low": "1.525",
     "Close": "1.54",
     "Adj Close": "1.54",
     "Volume": "1493291",
     "Headline": "Tickets now on sale for AirNewZealand's World Premiere in the Air with Kiwi band SIX60",
     "link": "https://www.airnewzealand.co.nz/press-release-2020-tickets-now-on-sale-for-airnz-world-premiere-in-the-air-with-kiwi-band-six60",
     "article": {
          "url": "https://www.airnewzealand.co.nz/press-release-2020-tickets-now-on-sale-for-airnz-world-premiere-in-the-air-with-kiwi-band-six60",
          "title": "Tickets now on sale for Air New Zealand’s World Premiere in the Air with Kiwi band SIX60",
          "description": "The dedicated flight from Auckland to Dunedin will premiere a new film by Julia Parnell entitled SIX60: Till the Lights Go Out about the popular Kiwi band.",
          "links": [
               "https://www.airnewzealand.co.nz/press-release-2020-tickets-now-on-sale-for-airnz-world-premiere-in-the-air-with-kiwi-band-six60"
          ],
          "image": "",
          "content": "The dedicated flight from Auckland to Dunedin will premiere a new film by Julia Parnell entitled SIX60: Till the Lights Go Out about the popular Kiwi band.\n8 October 2020\nCustomers on board flight NZ660 from Auckland for Dunedin on Saturday 14 November will have the chance to rub shoulders with the band, who will be travelling on the service, as well as be the first in the world to see the film.Air New Zealand's General Manager Brand and Marketing Jeremy O'Brien says the airline is thrilled to be hosting the world premiere of the film inflight.\"As a nation we're so proud of SIX60 and the phenomenal success they've achieved on the global stage, so we're really excited to be able to offer this experience for New Zealand fans. Because the package is built around a one-way ticket to Dunedin, it's also a way of supporting tourism to the city and the region. We hope most passengers will consider staying a night or two or exploring the region further once they get there.\"We wanted to put on this special service to Dunedin – the place where it all began for SIX60 – as a way of saying thank you to our customers for their support this year. It's fantastic to be able to host the premiere and help celebrate the band's incredible success with Kiwis.\"Tickets are on sale now from $159 and available through Air New Zealand's grabaseat website.EndsIssued by Air New Zealand Communications.Email: media@airnz.co.nz  │  Twitter: @AirNZMedia",
          "author": "",
          "favicon": "https://www.airnewzealand.co.nz/koru-icon-256.png",
          "source": "airnewzealand.co.nz",
          "published": "",
          "ttr": 50
     }
}