{
     "Date": "20/07/2020",
     "Open": "1.315",
     "High": "1.33",
     "Low": "1.29",
     "Close": "1.295",
     "Adj Close": "1.295",
     "Volume": "1357259",
     "Headline": "AirNewZealand's Koru Hour is back",
     "link": "https://www.airnewzealand.co.nz/press-release-2020-air-new-zealands-koru-hour-is-back",
     "article": {
          "url": "https://www.airnewzealand.co.nz/press-release-2020-air-new-zealands-koru-hour-is-back",
          "title": "Air New Zealand's Koru Hour is back",
          "description": "Air New Zealand's popular Koru Hour will be back onboard the airline's domestic jet flights from today.The airline has been working with its partners and suppliers to bring the service back on its evening jet...",
          "links": [
               "https://www.airnewzealand.co.nz/press-release-2020-air-new-zealands-koru-hour-is-back"
          ],
          "image": "",
          "content": "Air New Zealand's popular Koru Hour will be back onboard the airline's domestic jet flights from today.The airline has been working with its partners and suppliers to bring the service back on its evening jet services after it was suspended in response to COVID-19.Air New Zealand General Manager Customer Liz Fraser says it's great to bring Koru Hour back today.\"We know customers travelling in the evening love having a wine or beer, along with some cheese and crackers as part of Koru Hour and we're really proud to showcase some of New Zealand's finest products in the sky.\"For Air New Zealand customers participating in Dry July, non-alcoholic beverages will be available to enjoy with cheese and crackers.Koru Hour is in addition to the tea, coffee and cookie or corn chip offer which is available on domestic jet flights throughout the day.EndsIssued by Air New Zealand Communications.Email: media@airnz.co.nz  │ Twitter: @AirNZMedia",
          "author": "",
          "favicon": "https://www.airnewzealand.co.nz/koru-icon-256.png",
          "source": "airnewzealand.co.nz",
          "published": "",
          "ttr": 30
     }
}