{
     "Date": "16/06/2023",
     "Open": "0.795",
     "High": "0.8",
     "Low": "0.79",
     "Close": "0.8",
     "Adj Close": "0.8",
     "Volume": "3341303",
     "Headline": "AirNewZealand and New Zealand Government to invest more than $2m in sustainable aviation fuel studies",
     "link": "https://www.airnewzealand.co.nz/press-release-2023-air-new-zealand-and-new-zealand-government-to-invest-more-than-2-million-in-sustainable-aviation-fuel-studies",
     "article": {
          "url": "https://www.airnewzealand.co.nz/press-release-2023-air-new-zealand-and-new-zealand-government-to-invest-more-than-2-million-in-sustainable-aviation-fuel-studies",
          "title": "Air New Zealand and New Zealand Government to invest more than $2m in sustainable aviation fuel studies",
          "description": "Air New Zealand and the New Zealand Government have today announced a $2 million plus investment in next phase studies to consider the feasibility of producing sustainable aviation fuel (SAF) in Aotearoa.",
          "links": [
               "https://www.airnewzealand.co.nz/press-release-2023-air-new-zealand-and-new-zealand-government-to-invest-more-than-2-million-in-sustainable-aviation-fuel-studies"
          ],
          "image": "",
          "content": "Air New Zealand and the New Zealand Government have today announced a $2 million plus investment in next phase studies to consider the feasibility of producing sustainable aviation fuel (SAF) in Aotearoa.The announcement, including a commitment of more than $1.5 million from Air New Zealand and $765,000 from the Government, was made today at the launch of the draft Tourism Environment Action Plan, hosted by Air New Zealand and attended by the Minister of Tourism, Hon Peeni Henare.SAF is fuel made from waste feedstocks, like forestry residues, municipal waste, or used cooking oils, and can be 'dropped in' to existing refueling systems for current aircraft without any modification. The inputs and processes used to make SAF result in significantly lower lifecycle greenhouse gas emissions than fossil jet fuel.This new investment follows an earlier yearlong RFP process that invited innovators to demonstrate the viability of operating a SAF plant at a commercial scale in New Zealand.The airline, along with Government officials, evaluated proposals from multiple international SAF producers to understand what technologies are available globally and how these could be transposed into the New Zealand context.Moving into phase two, the working group is progressing two proposals: one with LanzaJet and another with Fulcrum BioEnergy, both US-based. The next phase will further evaluate the technical, economic, supply chain, and environmental feasibility of establishing and operating a SAF production facility in New Zealand.   Air New Zealand Chief Sustainability Officer Kiri Hannifin says the airline is grateful for the support from the Government to progress work considering the viability of SAF production in New Zealand.\"Our climate is worsening at a rate far faster than predicted. We all need to take immediate and drastic action to protect what we love, including our land, and all that depends on her. \"So much of what we rely on in Aotearoa is based on our magnificent natural assets including tourism and food production. Air New Zealand has a significant role to play in transitioning our economy to a lower carbon future and flying with SAF is a key part of this transition. \"Globally, SAF is in very high demand but limited supply. Commercially producing SAF in New Zealand would not only help lower the country's emissions while creating jobs, regional economic development, and Māori and Iwi investment opportunities, but also provide energy security and energy independence which is something New Zealand doesn't have.\"The second stage of the SAF feasibility work will continue through to early 2024.  EndsIssued by Air New Zealand Communications.Email: media@airnz.co.nz │Twitter: @AirNZMedia",
          "author": "",
          "favicon": "https://www.airnewzealand.co.nz/koru-icon-256.png",
          "source": "airnewzealand.co.nz",
          "published": "",
          "ttr": 84
     }
}