{
     "Date": "15/05/2020",
     "Open": "1.255",
     "High": "1.265",
     "Low": "1.22",
     "Close": "1.22",
     "Adj Close": "1.22",
     "Volume": "2659671",
     "Headline": "AirANewAZealand to resume Taupo and Timaru services",
     "link": "https://www.airnewzealand.co.nz/press-release-2020-air-new-zealand-resume-taupo-and-timaru-services",
     "article": {
          "url": "https://www.airnewzealand.co.nz/press-release-2020-air-new-zealand-resume-taupo-and-timaru-services",
          "title": "Air New Zealand to resume Taupō and Timaru services",
          "description": "Air New Zealand will restart flights to and from Taupō and Timaru on 8 June. 15 May 2020 The airline has started operating to the majority of its domestic ports with the country's move to Alert Level...",
          "links": [
               "https://www.airnewzealand.co.nz/press-release-2020-air-new-zealand-resume-taupo-and-timaru-services"
          ],
          "image": "",
          "content": "Air New Zealand will restart flights to and from Taupō and Timaru on 8 June.\n15 May 2020\nThe airline has started operating to the majority of its domestic ports with the country's move to Alert Level 2.Air New Zealand General Manager Networks Scott Carr says the airline has been encouraged by the customer response to its recently released schedule.\"We're pleased to be able to restart both our Taupō-Auckland and Timaru-Wellington routes early next month and we know this news will be welcomed by these towns and their wider regions.\"Bringing Taupō and Timaru back into our domestic schedule means we'll soon operate to all 20 of the domestic destinations we serviced pre COVID-19, albeit with reduced frequencies.\"Initially the airline will operate three return services a week between Taupō and Auckland on Monday, Wednesday and Friday as well as three return services per week between Timaru and Wellington also on Monday, Wednesday and Friday.Additional frequencies will be reintroduced back into Air New Zealand's domestic schedule as demand permits.Flights are available to book now at www.airnewzealand.co.nzEndsIssued by Air New Zealand Communications.Email: media@airnz.co.nz  │  Phone: +64 21 747 320  │  Twitter: @AirNZMedia",
          "author": "",
          "favicon": "https://www.airnewzealand.co.nz/koru-icon-256.png",
          "source": "airnewzealand.co.nz",
          "published": "",
          "ttr": 38
     }
}