{
     "Date": "4/06/2020",
     "Open": "1.46",
     "High": "1.525",
     "Low": "1.455",
     "Close": "1.51",
     "Adj Close": "1.51",
     "Volume": "6697669",
     "Headline": "AirANewAZealand updates domestic schedule for July and August",
     "link": "https://www.airnewzealand.co.nz/press-release-2020-air-new-zealand-updates-domestic-schedule-for-july-and-august",
     "article": {
          "url": "https://www.airnewzealand.co.nz/press-release-2020-air-new-zealand-updates-domestic-schedule-for-july-and-august",
          "title": "Air New Zealand updates domestic schedule for July and August",
          "description": "Air New Zealand has today released its domestic schedule for July and August. 4 June 2020 The airline plans to operate around 55 percent of its usual domestic capacity (compared to pre-COVID-19 levels) during...",
          "links": [
               "https://www.airnewzealand.co.nz/press-release-2020-air-new-zealand-updates-domestic-schedule-for-july-and-august"
          ],
          "image": "",
          "content": "Air New Zealand has today released its domestic schedule for July and August.\n4 June 2020\nThe airline plans to operate around 55 percent of its usual domestic capacity (compared to pre-COVID-19 levels) during July and August.Since the start of Alert Level 2 the airline has been flying to the majority of the domestic ports it serviced pre-COVID-19, albeit with reduced frequencies. Its Timaru-Wellington and Taupō-Auckland routes resume this coming Monday.  Air New Zealand General Manager Networks Scott Carr says the airline continues to further build its domestic schedule.\"We've been encouraged by demand from leisure travellers recently and we're also expecting demand for business travel to continue to build. As a result, we have been working to add more flying to our domestic schedule from next month and this includes additional services for the July school holidays. \"From next month, we'll resume our Invercargill-Auckland A320 jet service which will operate four return services a week and we'll also resume operating our Invercargill-Wellington, Christchurch-Rotorua and Christchurch-New Plymouth routes. These routes will add further direct connections for customers travelling between the North and South Islands.\"The airline will operate the following return services in July and August –Auckland to/from:DestinationBlenheimWeekly returns16Aircraft typeQ300DestinationChristchurchWeekly returns59Aircraft typeA320DestinationDunedin Weekly returns13Aircraft typeA320DestinationGisborneWeekly returns23 Aircraft typeQ300DestinationInvercargillWeekly returns4Aircraft typeA320DestinationKerikeriWeekly returns16Aircraft typeQ300DestinationNapierWeekly returns36Aircraft typeATR/Q300DestinationNelsonWeekly returns32Aircraft typeATR/Q300DestinationNew PlymouthWeekly returns25Aircraft typeATR/Q300DestinationPalmerston NorthWeekly returns37Aircraft typeATRDestinationRotoruaWeekly returns10Aircraft typeQ300DestinationTaurangaWeekly returns28Aircraft typeATR/Q300DestinationTaupōWeekly returns9Aircraft typeQ300DestinationWellingtonWeekly returns64Aircraft typeA320DestinationWhangāreiWeekly returns17Aircraft typeQ300DestinationQueenstownWeekly returns47Aircraft typeA320Wellington to/from:DestinationBlenheimWeekly returns17Aircraft typeQ300DestinationDunedinWeekly returns19Aircraft typeA320/ATRDestinationGisborneWeekly returns11Aircraft typeQ300DestinationHamiltonWeekly returns27Aircraft typeATR/Q300DestinationInvercargillWeekly returns7Aircraft typeQ300DestinationNapierWeekly returns16Aircraft typeATRDestinationNelsonWeekly returns33Aircraft typeATR/Q300DestinationNew PlymouthWeekly returns16Aircraft typeATR/Q300DestinationRotoruaWeekly returns16Aircraft typeATR/Q300DestinationTaurangaWeekly returns22Aircraft typeATR/Q300DestinationTimaruWeekly returns9Aircraft typeQ300DestinationQueenstownWeekly returns19Aircraft typeA320/ATRChristchurch to/from:DestinationDunedinWeekly returns25Aircraft typeATRDestinationHokitikaWeekly returns9Aircraft typeQ300DestinationHamiltonWeekly returns15Aircraft typeATRDestinationInvercargillWeekly returns20Aircraft typeATRDestinationNapierWeekly returns15Aircraft typeATR/Q300DestinationNelsonWeekly returns25Aircraft typeQ300DestinationNew PlymouthWeekly returns7Aircraft typeQ300DestinationPalmerston NorthWeekly returns19Aircraft typeATRDestinationRotoruaWeekly returns7Aircraft typeQ300DestinationTaurangaWeekly returns10Aircraft typeQ300DestinationWellingtonWeekly returns66Aircraft typeA320/ATR/Q300DestinationQueenstownWeekly returns18Aircraft typeA320/ATRFlights will be progressively available to book over the coming days via the Air New Zealand website. Additional frequencies will continue to be reintroduced back into the schedule as demand permits.The airline will notify any affected customers in the coming days. Air New Zealand's dedicated COVID-19 information hub is being updated continuously and customers should check this first, before calling the airline's contact centre.EndsIssued by Air New Zealand Communications.Email: media@airnz.co.nz  │  Phone: +64 21 747 320  │  Twitter: @AirNZMedia",
          "author": "",
          "favicon": "https://www.airnewzealand.co.nz/koru-icon-256.png",
          "source": "airnewzealand.co.nz",
          "published": "",
          "ttr": 73
     }
}