{
     "Date": "13/05/2020",
     "Open": "1.22",
     "High": "1.24",
     "Low": "1.21",
     "Close": "1.22",
     "Adj Close": "1.22",
     "Volume": "2452927",
     "Headline": "AirANewAZealand Dreamliner to connect South Island exporters",
     "link": "https://www.airnewzealand.co.nz/press-release-2020-air-new-zealand-dreamliner-to-connect-south-island-exporters",
     "article": {
          "url": "https://www.airnewzealand.co.nz/press-release-2020-air-new-zealand-dreamliner-to-connect-south-island-exporters",
          "title": "Air New Zealand Dreamliner to connect South Island exporters",
          "description": "Air New Zealand will fly its 787-9 Dreamliner aircraft between Christchurch and Auckland three times a week to help transport cargo from the South Island to the rest of the world.",
          "links": [
               "https://www.airnewzealand.co.nz/press-release-2020-air-new-zealand-dreamliner-to-connect-south-island-exporters"
          ],
          "image": "",
          "content": "Air New Zealand will fly its 787-9 Dreamliner aircraft between Christchurch and Auckland three times a week to help transport cargo from the South Island to the rest of the world.\n13 May 2020\nAir New Zealand General Manager Cargo Rick Nelson says these services are being launched in response to significant demand from the South Island freight forwarding and export communities.The first flight will depart from Christchurch tomorrow night as part of a support agreement with the Ministry of Transport. The agreement sees the Dreamliner fly Christchurch to Auckland on Tuesdays, Thursdays and Saturdays, departing Christchurch at 5pm and arriving in Auckland at 6:25pm so that cargo can then be airfreighted to other global destinations.\"Flights are timed so cargo goods are able to connect to our new Los Angeles, San Francisco, Hong Kong, Narita and Shanghai cargo flights, as well as onto our trans-Tasman flights from Auckland.\"As the nation emerges from lockdown, it's critical our exporters in the South Island are well supported in order for them to remain viable. These Dreamliner services from Christchurch will allow exporters with high value, perishable and time sensitive goods access to a same day air cargo link into international services departing from Auckland.\"Passengers will also be able to book return flights on the Dreamliner services between Christchurch and Auckland.EndsIssued by Air New Zealand Communications.Email: media@airnz.co.nz  │  Phone: +64 21 747 320  │  Twitter: @AirNZMedia",
          "author": "",
          "favicon": "https://www.airnewzealand.co.nz/koru-icon-256.png",
          "source": "airnewzealand.co.nz",
          "published": "",
          "ttr": 47
     }
}