{
     "Date": "14/09/2020",
     "Open": "1.33",
     "High": "1.345",
     "Low": "1.33",
     "Close": "1.345",
     "Adj Close": "1.345",
     "Volume": "733939",
     "Headline": "AirNewZealand says thank you by releasing thousands of fares under $50",
     "link": "https://www.airnewzealand.co.nz/press-release-2020-september-thousands-of-cheap-fares",
     "article": {
          "url": "https://www.airnewzealand.co.nz/press-release-2020-september-thousands-of-cheap-fares",
          "title": "Air New Zealand says thank you by releasing thousands of fares under $50",
          "description": "Air New Zealand is making more than 180,000 of its cheapest fares available for sale across all 20 ports it flies to following the removal of physical distancing on aircraft. The airline is also removing change fees for domestic flights booked for travel up until 31 March 2021.",
          "links": [
               "https://www.airnewzealand.co.nz/press-release-2020-september-thousands-of-cheap-fares"
          ],
          "image": "",
          "content": "Air New Zealand is making more than 180,000 of its cheapest fares available for sale across all 20 ports it flies to following the removal of physical distancing on aircraft. The airline is also removing change fees for domestic flights booked for travel up until 31 March 2021.Air New Zealand Chief Executive Officer Greg Foran says 2020 has been a difficult year to plan travel but the removal of physical distancing allows the airline to make more seats available at cheaper prices.\"We're thrilled to be able to offer 160,000 of these fares for under $50, with 9,000 of these available during the upcoming school holidays. This is our way of saying thanks to our customers for their support over the past few months. While our borders are closed, we know Kiwis are keen to get out and explore or visit friends and family, so we want to make travel as easy as possible – and this is also great news for local tourism.\"We had been planning for physical distancing up until late this week, so this news allows us to immediately make those seats available for those who want to travel in the coming days.\"It's also important to note the removal of physical distancing doesn't mean it's not safe to fly – our crew will continue to wear masks, and face coverings are still a requirement for customers.\"Waiving domestic change fees also means customers can book with confidence in the coming months knowing if their circumstances change, we'll look after them.\"Customers will be able to change their flight to a new date or time, or if they no longer wish to travel, they can put their fare in credit for a later trip. Any fare difference will apply.Customers who choose to put their fare in credit before the end of March 2021 will have until the end of December 2021 to book using their credit and a further 12 months to fly after the date of booking.The airline is encouraging anyone who no longer wishes to fly to place their fare in credit through our online booking tool. This is to ensure those who wish to travel can do so. If a customer does not turn up to their flight, normal fare rules will apply.All customers with international flights booked for travel up until 31 March 2021 can also opt-in for credit.Flights are available to book at www.airnewzealand.co.nz.EndsIssued by Air New Zealand Communications.Email: media@airnz.co.nz   │  Twitter: @AirNZMedia",
          "author": "",
          "favicon": "https://www.airnewzealand.co.nz/koru-icon-256.png",
          "source": "airnewzealand.co.nz",
          "published": "",
          "ttr": 82
     }
}