{
     "Date": "16/06/2020",
     "Open": "1.64",
     "High": "1.685",
     "Low": "1.59",
     "Close": "1.63",
     "Adj Close": "1.63",
     "Volume": "2830262",
     "Headline": "AirANewAZealand to resume Auckland-Shanghai service",
     "link": "https://www.airnewzealand.co.nz/press-release-2020-airnz-to-resume-auckland-shanghai-service",
     "article": {
          "url": "https://www.airnewzealand.co.nz/press-release-2020-airnz-to-resume-auckland-shanghai-service",
          "title": "Air New Zealand to resume Auckland-Shanghai service",
          "description": "Air New Zealand will resume passenger flights between Auckland and Shanghai next week, with passengers subject to government border controls in each direction.",
          "links": [
               "https://www.airnewzealand.co.nz/press-release-2020-airnz-to-resume-auckland-shanghai-service"
          ],
          "image": "",
          "content": "Air New Zealand will resume passenger flights between Auckland and Shanghai next week, with passengers subject to government border controls in each direction.\n16 June 2020\nPre-Covid-19 Air New Zealand operated seven services per week on its Auckland-Shanghai route, however the route has been suspended since early February due to the outbreak.Air New Zealand General Manager Networks Scott Carr says the airline will operate one return service per week on its Auckland-Shanghai route with the first flight departing Auckland on 22 June.\"Shanghai was the first route to be impacted by the Covid-19 pandemic and government travel restrictions, so it's pleasing to be able to resume operating passenger services on this route from Monday.\"\"While we have been operating some dedicated cargo flights between Auckland and Shanghai, it's great to be able to now open these services up for passengers to book and we expect Chinese nationals in New Zealand wanting to return to China, or New Zealanders in China seeking to return home, will look to use these services.\"The schedule for Auckland-Shanghai is as follows:DateFrom 22 JuneFlight No.NZ289Aircraft787-9 DreamlinerDepartsAuckland11:00pmArrivesShanghai7:15am FrequencyMondayDateFrom 24 June Flight No.NZ288Aircraft787-9 DreamlinerDepartsShanghai2:15pmArrivesAuckland5:45amFrequencyWednesdayThe airline announced last week it will resume services to Narita, Tokyo from 25 June with one return service a week to operate on that route. Customers travelling on this service will also be subject to government border controls.EndsIssued by Air New Zealand Communications.Email: media@airnz.co.nz  │  Phone: +64 21 747 320  │  Twitter: @AirNZMedia",
          "author": "",
          "favicon": "https://www.airnewzealand.co.nz/koru-icon-256.png",
          "source": "airnewzealand.co.nz",
          "published": "",
          "ttr": 48
     }
}