{
     "Date": "21/01/2021",
     "Open": "1.67",
     "High": "1.7",
     "Low": "1.665",
     "Close": "1.675",
     "Adj Close": "1.675",
     "Volume": "1163082",
     "Headline": "AirNewZealand's first quarantine-free flight from Rarotonga takes off",
     "link": "https://www.airnewzealand.co.nz/press-release-2021-air-new-zealands-first-quarantine-free-flight-from-rarotonga-takes-off",
     "article": {
          "url": "https://www.airnewzealand.co.nz/press-release-2021-air-new-zealands-first-quarantine-free-flight-from-rarotonga-takes-off",
          "title": "Air New Zealand’s first quarantine-free flight from Rarotonga takes off",
          "description": "Air New Zealand’s very first quarantine-free flight from Rarotonga, NZ941, is now on its way to New Zealand, having departed at 7:45 am local time.",
          "links": [
               "https://www.airnewzealand.co.nz/press-release-2021-air-new-zealands-first-quarantine-free-flight-from-rarotonga-takes-off"
          ],
          "image": "",
          "content": "Air New Zealand's very first quarantine-free flight from Rarotonga, NZ941, is now on its way to New Zealand, having departed at 7:45 am local time.\n21 January 2021\nThe flight is due to land at 11:10am NZT today at Auckland International Airport.Air New Zealand Chief Executive Officer Greg Foran is pleased with how bookings have been tracking and what this flight means for more travel between New Zealand and neighbouring nations.\"We have been encouraged by an increase in bookings following the announcement, especially for January and February. The first couple of flights inbound have had strong uptake, which is terrific. We knew there was pent up demand from Cook Islanders waiting to come to New Zealand without quarantining. We're thrilled to bring the first wave of Cook Islanders who meet the quarantine-free requirements into New Zealand. We see this as a really positive step towards a two-way airbridge with Rarotonga.\"The health checks for quarantine-free travel from Rarotonga to New Zealand will occur both at the airport in Rarotonga and in Auckland Airport on arrival.EndsIssued by Air New Zealand Communications.Email: media@airnz.co.nz   │  Twitter: @AirNZMedia",
          "author": "",
          "favicon": "https://www.airnewzealand.co.nz/koru-icon-256.png",
          "source": "airnewzealand.co.nz",
          "published": "",
          "ttr": 37
     }
}