{
     "Date": "24/06/2021",
     "Open": "1.565",
     "High": "1.58",
     "Low": "1.55",
     "Close": "1.55",
     "Adj Close": "1.55",
     "Volume": "979143",
     "Headline": "AirNewZealand enters new cargo route",
     "link": "https://www.airnewzealand.co.nz/press-release-2021-airnz-enters-new-cargo-route",
     "article": {
          "url": "https://www.airnewzealand.co.nz/press-release-2021-airnz-enters-new-cargo-route",
          "title": "Air New Zealand enters new cargo route",
          "description": "Air New Zealand cargo flights between Melbourne and Los Angeles will soon be taking off after the airline was awarded the route as part of the Australian Government’s International Freight Assistance Mechanism (IFAM) programme.",
          "links": [
               "https://www.airnewzealand.co.nz/press-release-2021-airnz-enters-new-cargo-route"
          ],
          "image": "",
          "content": "Air New Zealand cargo flights between Melbourne and Los Angeles will soon be taking off after the airline was awarded the route as part of the Australian Government's International Freight Assistance Mechanism (IFAM) programme.The airline will operate one flight per week until 31 October 2021, with the first flight bound for Melbourne on 3 July. This will be in addition to the Brisbane – Los Angeles flying the airline has been doing since August 2020 under the same scheme.Air New Zealand General Manager Cargo Anna Palairet says this will be the first time the airline has flown the route, and with the limited international flying currently happening, adding a new route to the mix is positive.\"This service will help Australian exporters get high-value, time-sensitive perishable exports to global markets and assist with importing nationally important goods to Australia. Over the next four months, the route will open the potential for nearly 1000 tonnes to be moved between Melbourne and Los Angeles.\"We know there is some big cargo demand on this route as it gives Australian exporters and importers another option to move products to and from the US. In fact, the first flight is already pre-sold.In May, the airline was also awarded more flying under the New Zealand Government's Maintaining International Air Connectivity (MIAC) scheme.\"This scheme has been extended through to October, and we will operate around 30 flights per week to 13 destinations including Los Angeles, Hong Kong, Taipei, and Shanghai, as well as maintaining air connectivity with key ports within the Pacific Islands.\"Our Cargo team has worked hard to keep products moving for the past 15 months which has also allowed us to bring Kiwis home while international travel is constrained by border closures.\"For more about Air New Zealand Cargo, please visit: airnewzealandcargo.com EndsIssued by Air New Zealand Communications.Email: media@airnz.co.nz   │  Twitter: @AirNZMedia",
          "author": "",
          "favicon": "https://www.airnewzealand.co.nz/koru-icon-256.png",
          "source": "airnewzealand.co.nz",
          "published": "",
          "ttr": 61
     }
}