{
     "Date": "22/04/2020",
     "Open": "1.36",
     "High": "1.37",
     "Low": "1.26",
     "Close": "1.275",
     "Adj Close": "1.275",
     "Volume": "4934123",
     "Headline": "AirANewAZealand updates domestic network for Alert Level 3",
     "link": "https://www.airnewzealand.co.nz/press-release-air-new-zealand-updates-domestic-network-for-alert-level-three",
     "article": {
          "url": "https://www.airnewzealand.co.nz/press-release-air-new-zealand-updates-domestic-network-for-alert-level-three",
          "title": "Air New Zealand updates domestic network for Alert Level 3",
          "description": "Air New Zealand is adjusting its domestic network with New Zealand to enter Alert Level 3 next week. 22 April 2020 The airline will operate a limited domestic schedule from Tuesday 28 April to enable...",
          "links": [
               "https://www.airnewzealand.co.nz/press-release-air-new-zealand-updates-domestic-network-for-alert-level-three"
          ],
          "image": "",
          "content": "Air New Zealand is adjusting its domestic network with New Zealand to enter Alert Level 3 next week.\n22 April 2020\nThe airline will operate a limited domestic schedule from Tuesday 28 April to enable essential travel only and to keep air freight moving.The airline's domestic schedule while the country is at Alert Level 3 is as follows –RouteAuckland-ChristchurchServices2x return services Mon-Sat1x return service SunAircraft typeA320RouteAuckland-WellingtonServices1x return service Mon-SunAircraft typeA320RouteAuckland-TaurangaServices3x return services Tues/Thurs/FriAircraft typeQ300RouteAuckland-NapierServices3x return services Tues/Thurs/FriAircraft typeQ300RouteWellington-ChristchurchServices2x return services Mon-Fri1x return service Sat/SunAircraft typeQ300ATRRouteWellington-NelsonServices1x return service Mon-Wed2x return services Thurs/FriAircraft typeQ300RouteChristchurch-DunedinServices1x return service Mon-SunAircraft typeATRAir New Zealand General Manager Networks Scott Carr says travel remains very restricted under Alert Level 3.\"We have made some slight adjustments to our Domestic schedule in the coming weeks and that includes adding several services a week between Auckland and Napier and Auckland and Tauranga. We'll also be adding additional capacity between Christchurch and Dunedin with flights in and out of Dunedin across the week.\"Before making a booking, customers are reminded to check the latest information on the travel and transportation section of the Government COVID-19 website and the COVID-19 hub on the Air New Zealand website.EndsIssued by Air New Zealand Communications.Email: media@airnz.co.nz  │  Phone: +64 21 747 320  │  Twitter: @AirNZMedia",
          "author": "",
          "favicon": "https://www.airnewzealand.co.nz/koru-icon-256.png",
          "source": "airnewzealand.co.nz",
          "published": "",
          "ttr": 42
     }
}