{
     "Date": "19/03/2020",
     "Open": "1.54",
     "High": "1.54",
     "Low": "1.54",
     "Close": "1.54",
     "Adj Close": "1.54",
     "Volume": "0",
     "Headline": "AirANewAZealand to close London cabin crew base",
     "link": "https://www.airnewzealand.co.nz/press-release-2020-airnz-to-close-london-cabin-crew-base",
     "article": {
          "url": "https://www.airnewzealand.co.nz/press-release-2020-airnz-to-close-london-cabin-crew-base",
          "title": "Air New Zealand to close London cabin crew base",
          "description": "Air New Zealand has made the decision to bring forward the closure of its London cabin crew base of 130 flight attendants due to the impact of COVID-19 and travel restrictions imposed by governments around the world.",
          "links": [
               "https://www.airnewzealand.co.nz/press-release-2020-airnz-to-close-london-cabin-crew-base"
          ],
          "image": "",
          "content": "Air New Zealand has made the decision to bring forward the closure of its London cabin crew base of 130 flight attendants due to the impact of COVID-19 and travel restrictions imposed by governments around the world.\n19 March 2020\nLondon-based cabin crew will operate their final service on the route on 20 March (ex Los Angeles). A New Zealand-based crew will operate the remaining flight on 21 March. The route will then be suspended until 30 June.Air New Zealand had planned to close the cabin crew base with its withdrawal from the route in October 2020.Air New Zealand General Manager Cabin Crew Leeanne Langridge says these are unprecedented times for the airline and the past few weeks have presented an unsettling period for many staff.\"The increasing travel restrictions due to COVID-19 are having a significant impact on bookings and flight cancellations. While this is a tough decision, it's important we take action now to responsibly manage Air New Zealand through this difficult period to maintain a national airline that is fit for the future.\"Our London-based cabin crew have always gone above and beyond. They consistently provide exemplary service to our customers and we remain incredibly proud of the base. Our priority now is supporting our people and we'll be working closely with them and their union.\"Earlier in the week, Air New Zealand announced it is reviewing its cost base in response to COVID-19 and is working with unions on a range of measures to reduce its labour bill by 30 percent.The airline placed itself into a trading halt on Monday to allow it time to fully assess the operational and financial impacts of global travel restrictions. The trading halt remains in place.EndsIssued by Air New Zealand Communications.Email: media@airnz.co.nz  │  Phone: +64 21 747 320  │  Twitter: @AirNZMedia",
          "author": "",
          "favicon": "https://www.airnewzealand.co.nz/koru-icon-256.png",
          "source": "airnewzealand.co.nz",
          "published": "",
          "ttr": 60
     }
}