{
     "Date": "19/01/2021",
     "Open": "1.7",
     "High": "1.71",
     "Low": "1.68",
     "Close": "1.685",
     "Adj Close": "1.685",
     "Volume": "3463228",
     "Headline": "AirNewZealand updates international schedule to end of June",
     "link": "https://www.airnewzealand.co.nz/press-release-2021-air-new-zealand-updates-international-schedule-to-end-of-june",
     "article": {
          "url": "https://www.airnewzealand.co.nz/press-release-2021-air-new-zealand-updates-international-schedule-to-end-of-june",
          "title": "Air New Zealand updates international schedule to end of June",
          "description": "Air New Zealand is extending its COVID-19 international schedule through to 30 June 2021 in response to ongoing travel restrictions and low passenger demand. The schedule aims to keep air links open for essential travel and cargo movement on key trade routes.",
          "links": [
               "https://www.airnewzealand.co.nz/press-release-2021-air-new-zealand-updates-international-schedule-to-end-of-june"
          ],
          "image": "",
          "content": "Air New Zealand is extending its COVID-19 international schedule through to 30 June 2021 in response to ongoing travel restrictions and low passenger demand. The schedule aims to keep air links open for essential travel and cargo movement on key trade routes.\n19 January 2021\nAir New Zealand's General Manager Networks Scott Carr says the airline has been progressively updating its schedule over the past 12 months in response to the global pandemic.\"Our schedule is driven by a number of factors including airport takeoff and landing slots which generally operate on a 'use it or lose it' basis. This means if you don't fly the majority of your schedule you may lose access to airports. We have been waiting to receive slot alleviation for the April to end of June period, which means our regular slot times are protected even if we can't fly them all. As this is now progressing, we are now able to move ahead with adapting our schedule through to 30 June to better reflect the low demand environment we are currently operating in.\"\"We understand these are very uncertain times and it can be tricky for people looking to get home with a lot of things needing to line up including flights, testing and managed isolation bookings. We feel a responsibility to ensure Kiwis can come home and are doing our best to make this happen as smoothly as possible. We strongly recommend customers check government border restrictions for the relevant countries and/or individual passport requirements before booking a ticket.\"The airline's customer service team is supporting those affected by these changes. Customers booked via a travel agent, including a third-party website (e.g. Expedia, Booking.com) should speak with their agent. Air New Zealand's dedicated COVID-19 information hub is being updated continuously and customers should check this first, before calling the airline's contact centre.The updated schedule from 28 March 2021 to 30 June 2021 is below. There is no change to trans-Tasman services at this stage. All services are subject to change in line with global travel and border restrictions.Pacific servicesAuckland - NadiFrequencyOne return service per weekPacific servicesAuckland - NiueFrequencyOne return service per weekPacific servicesAuckland - RarotongaFrequencyDaily return servicePacific servicesAuckland - SamoaFrequencyOne return service per weekPacific servicesAuckland - TongaFrequencyOne return service per weekPacific servicesSydney - Norfolk IslandFrequencyThree return services per weekPacific servicesBrisbane - Norfolk IslandFrequencyThree return services per weekLong haul servicesAuckland - Los AngelesFrequencyTwo return services per weekLong haul servicesAuckland - Hong KongFrequencyTwo return services per weekLong haul servicesAuckland - ShanghaiFrequencyTwo return services per weekLong haul servicesAuckland - TokyoFrequencyOne return service per weekLong haul servicesAuckland - SeoulFrequencyOne return service per monthEndsIssued by Air New Zealand Communications.Email: media@airnz.co.nz  │  Twitter: @AirNZMedia",
          "author": "",
          "favicon": "https://www.airnewzealand.co.nz/koru-icon-256.png",
          "source": "airnewzealand.co.nz",
          "published": "",
          "ttr": 89
     }
}