{
     "Date": "29/05/2020",
     "Open": "1.38",
     "High": "1.435",
     "Low": "1.37",
     "Close": "1.37",
     "Adj Close": "1.37",
     "Volume": "6327469",
     "Headline": "AirANewAZealand adds business-timed flights for regions",
     "link": "https://www.airnewzealand.co.nz/press-release-2020-air-new-zealand-adds-business-timed-flights-for-regions",
     "article": {
          "url": "https://www.airnewzealand.co.nz/press-release-2020-air-new-zealand-adds-business-timed-flights-for-regions",
          "title": "Air New Zealand adds business-timed flights for regions",
          "description": "Air New Zealand will operate business-timed flights in and out of a number of regional ports from next month. 29 May 2020 The flights will allow customers in Hamilton, Tauranga, Napier, New Plymouth,...",
          "links": [
               "https://www.airnewzealand.co.nz/press-release-2020-air-new-zealand-adds-business-timed-flights-for-regions"
          ],
          "image": "",
          "content": "Air New Zealand will operate business-timed flights in and out of a number of regional ports from next month.\n29 May 2020\nThe flights will allow customers in Hamilton, Tauranga, Napier, New Plymouth, Palmerston North, Nelson, Dunedin and Invercargill to undertake a day of business in either Auckland, Wellington or Christchurch.Air New Zealand General Manager Networks Scott Carr says the airline has also timed flights allowing those in the main centres to be able to fly to the majority of these regions for a day of business. \"Since publishing our domestic schedule for Alert Level 2, we've seen a good initial response from leisure travellers. As we further build our domestic schedule, we're looking to cater for resumed business travel which we know helps support economic activity in regional New Zealand.  As our corporate customers get moving again, we encourage take-up of these new services which depart first thing in the morning, returning in the late afternoon or evening.\"The new flights are as follows:  RouteHamilton-WellingtonTime Departs Hamilton 7:30amDeparts Wellington 6:05pm RouteTauranga-AucklandTime Departs Tauranga 7:00amDeparts Auckland 6:15pm RouteNapier-AucklandTime Departs Napier 7:20amDeparts Auckland 3:30pm/6:30pm RouteNew Plymouth-AucklandTime Departs New Plymouth 8:05amDeparts Auckland 4:25pm RouteNew Plymouth-WellingtonTime Departs New Plymouth 7:30amDeparts Wellington 5:00pm RoutePalmerston North-AucklandTime Departs Palmerston North 7:15amDeparts Auckland 4:30pm RouteNelson-AucklandTime Departs Nelson 6:30am/8:05amDeparts Auckland 3:00pm/5.20pm RouteNelson-WellingtonTime Departs Nelson 7:05amDeparts Wellington 4:30pm/5:50pm RouteNelson-ChristchurchTime Departs Nelson 7:25amDeparts Christchurch 6:15pm RouteDunedin-ChristchurchTime Departs Dunedin 7:00amDeparts Christchurch 5:55pm RouteInvercargill-Christchurch Time Departs Invercargill 8:45amDeparts Christchurch 4:45pmThe business-timed flights take effect from 8 June are available to book now on the Air New Zealand website.EndsIssued by Air New Zealand Communications.Email: media@airnz.co.nz  │  Phone: +64 21 747 320  │  Twitter: @AirNZMedia",
          "author": "",
          "favicon": "https://www.airnewzealand.co.nz/koru-icon-256.png",
          "source": "airnewzealand.co.nz",
          "published": "",
          "ttr": 54
     }
}