{
     "Date": "14/08/2020",
     "Open": "1.3",
     "High": "1.32",
     "Low": "1.285",
     "Close": "1.305",
     "Adj Close": "1.305",
     "Volume": "2129011",
     "Headline": "AirNewZealand cancels outbound passenger service to Rarotonga",
     "link": "https://www.airnewzealand.co.nz/press-release-2020-air-new-zealand-cancels-outbound-passenger-service-to-rarotonga",
     "article": {
          "url": "https://www.airnewzealand.co.nz/press-release-2020-air-new-zealand-cancels-outbound-passenger-service-to-rarotonga",
          "title": "Air New Zealand cancels outbound passenger service to Rarotonga",
          "description": "After consultation with the New Zealand Ministry of Health, Air New Zealand has made the decision not to carry customers on flight NZ946 from Auckland to Rarotonga on Saturday 15 August. ",
          "links": [
               "https://www.airnewzealand.co.nz/press-release-2020-air-new-zealand-cancels-outbound-passenger-service-to-rarotonga"
          ],
          "image": "",
          "content": "After consultation with the New Zealand Ministry of Health, Air New Zealand has made the decision not to carry customers on flight NZ946 from Auckland to Rarotonga on Saturday 15 August. \n14 August 2020\nThe service will still operate outbound to Rarotonga carrying cargo, and the return service will carry customers into Auckland.Air New Zealand's Chief Executive Officer Greg Foran says the decision was made not to carry passengers out of Auckland due to the city currently being at Alert Level 3.\"The Cook Islands has so far had no cases of COVID-19 and we want to make sure we are doing the right thing for both countries in terms of safety and wellbeing. That's why we have taken the precautionary decision not to carry passengers out of Auckland on tomorrow's service. We are contacting affected customers directly to let them know their options.\"EndsIssued by Air New Zealand Communications.Email: media@airnz.co.nz   │  Twitter: @AirNZMedia",
          "author": "",
          "favicon": "https://www.airnewzealand.co.nz/koru-icon-256.png",
          "source": "airnewzealand.co.nz",
          "published": "",
          "ttr": 31
     }
}