{
     "Date": "30/03/2022",
     "Open": "0.857707",
     "High": "0.863834",
     "Low": "0.842391",
     "Close": "0.842391",
     "Adj Close": "0.842391",
     "Volume": "3802361",
     "Headline": "Singapore latest destination to resume as flight touches down",
     "link": "https://www.airnewzealand.co.nz/press-release-2022-singapore-latest-destination-to-resume-as-flight-touches-down",
     "article": {
          "url": "https://www.airnewzealand.co.nz/press-release-2022-singapore-latest-destination-to-resume-as-flight-touches-down",
          "title": "Singapore latest destination to resume as flight touches down",
          "description": "The first Air New Zealand flight from Singapore in over 720 days arrived into Auckland yesterday marking the resumption of services to the Southeast Asian nation.",
          "links": [
               "https://www.airnewzealand.co.nz/press-release-2022-singapore-latest-destination-to-resume-as-flight-touches-down"
          ],
          "image": "",
          "content": "The first Air New Zealand flight from Singapore in over 720 days arrived into Auckland yesterday marking the resumption of services to the Southeast Asian nation.\"This is a special moment for Air New Zealand and our two countries. Singapore is the gateway to Southeast Asia, and a melting pot of people, business, design and ideas. Moreover, our customers can connect to 98 other destinations through alliance partner Singapore Airlines,\" says Air New Zealand Chief Customer and Sales Officer Leanne Geraghty.\"We're excited to bring Kiwis and Singaporeans back to New Zealand. Early response and demand since the announcement on the reopening of borders have been positive for the first flights both in and out of Singapore. Off the back of our New York launch last week, it's great to have one of our key Asia destinations back up and running.\"\"Air New Zealand, together with alliance partner Singapore Airlines, will fly up to 14 services every week between Singapore and Auckland to meet demand for flights between the two destinations and beyond.\"Air New Zealand's first flight arrived just ahead of the Singaporean Government easing cross-border travel restrictions from 1 April, meaning fully vaccinated customers will be able to enter the Lion City without needing to quarantine or isolate.More international destinations resuming soonSingapore is the latest Air New Zealand destination to resume services, joining Los Angeles and Vancouver. This means 40% of Air New Zealand's international destinations are back up and running.San Francisco and Honolulu are the next big international destinations to launch.\"Air New Zealand is ready to take Kiwis on their long-awaited vacations with flights. Family holidays, honeymoons, reconnecting with whānau and friends – the pandemic has put all of this on hold for the last two years. We hope that booking these services will give New Zealanders something to look forward to.\"An updated flight schedule is below.New international flight sale launchedAs it ramps up its services again, Air New Zealand has launched a flight sale to popular international holiday destinations.The 'Explore the world in 2022' sale is on now, with fares available to Australia, the Islands, the USA and Canada. Prices starting from $200 to the Islands and $789 to the USA.\"With Kiwis now being able to travel freely, and shortly the rest of the world being able to visit New Zealand, this is the perfect time to start exploring the world. As the cooler months approach, Kiwis will be thinking about finding a tropical spot to warm up for a few weeks, and Air New Zealand is here to help.\"'Explore the world in 2022' sale detailsIslands from $200 seat one wayAussie from $220 seat one wayUSA from $789 economy one wayCanada from $825 economy one way.Sale ends 1 April. Terms and conditions apply.Updated international flight scheduleDestination (from Auckland)RarotongaCommencing fromAlready operatingDestination (from Auckland)NadiCommencing fromAlready operatingDestination (from Auckland)TongaCommencing fromAlready operatingDestination (from Auckland)ApiaCommencing fromAlready operatingDestination (from Auckland)SydneyCommencing fromAlready operatingDestination (from Auckland)MelbourneCommencing fromAlready operatingDestination (from Auckland)BrisbaneCommencing fromAlready operatingDestination (from Auckland)Gold CoastCommencing fromAlready operatingDestination (from Auckland)PerthCommencing fromAlready operatingDestination (from Auckland)Los AngelesCommencing fromAlready operatingDestination (from Auckland)VancouverCommencing fromAlready operatingDestination (from Auckland)SingaporeCommencing fromAlready operatingDestination (from Auckland)San FranciscoDestination (from Auckland)HonoluluDestination (from Auckland)CairnsDestination (from Auckland)TahitiDestination (from Auckland)New CaledoniaDestination (from Auckland)AdelaideDestination (from Auckland)HoustonDestination (from Auckland)HobartDestination (from Auckland)New YorkCommencing from17 SeptemberDestination (from Auckland)ChicagoCommencing from30 OctoberDestination (from Christchurch)BrisbaneCommencing from Already operatingDestination (from Christchurch)SydneyCommencing from Already operatingDestination (from Christchurch)MelbourneCommencing from Already operatingDestination (from Christchurch)Gold CoastDestination (from Christchurch)NadiDestination (from Wellington)BrisbaneDestination (from Wellington)SydneyDestination (from Wellington)MelbourneDestination (from Wellington)NadiDestination (from Queenstown)BrisbaneDestination (from Queenstown)MelbourneDestination (from Queenstown)SydneyEndsIssued by Air New Zealand Communications.Email: media@airnz.co.nz  │  Twitter: @AirNZMedia",
          "author": "",
          "favicon": "https://www.airnewzealand.co.nz/koru-icon-256.png",
          "source": "airnewzealand.co.nz",
          "published": "",
          "ttr": 116
     }
}