{
     "Date": "22/09/2020",
     "Open": "1.32",
     "High": "1.33",
     "Low": "1.3",
     "Close": "1.315",
     "Adj Close": "1.315",
     "Volume": "1002932",
     "Headline": "AirNewZealand super school holiday schedule",
     "link": "https://www.airnewzealand.co.nz/press-release-2020-airnz-super-school-holiday-schedule",
     "article": {
          "url": "https://www.airnewzealand.co.nz/press-release-2020-airnz-super-school-holiday-schedule",
          "title": "Air New Zealand super school holiday schedule",
          "description": "Air New Zealand will ramp up its domestic schedule during the upcoming school holidays to almost 90 percent of pre-COVID-19 levels.",
          "links": [
               "https://www.airnewzealand.co.nz/press-release-2020-airnz-super-school-holiday-schedule"
          ],
          "image": "",
          "content": "Air New Zealand will ramp up its domestic schedule during the upcoming school holidays to almost 90 percent of pre-COVID-19 levels.\n22 September 2020\nAir New Zealand General Manager Networks Scott Carr says when you consider that prior to COVID-19, at least 20 percent of passengers on the airline's domestic network were international visitors, it's very apparent that more Kiwis than ever are taking the opportunity to travel the country.\"They will be giving a boost to local tourism operators, accommodation providers and rental car companies, and Air New Zealand is proud to be a part of that.\"We've added capacity to the majority of our routes in the two-week holiday period. We're operating 1000 extra one-way flights these school holidays compared with the July break.\"We are also offering even more capacity over the school holidays on our Queenstown routes when compared with the same time last year and the July school holidays, with more than 73,000 seats available in and out of the resort town. Overall capacity to and from Queenstown will operate at 125 percent during the holidays compared to the same school holiday period last year.\"Overall, in October the airline's domestic schedule will be operating at nearly 85 percent of pre-COVID-19 levels.Air New Zealand is still requiring face coverings/masks on all domestic flights while Auckland remains at Alert Level 2.EndsIssued by Air New Zealand Communications.Email: media@airnz.co.nz  │  Twitter: @AirNZMedia",
          "author": "",
          "favicon": "https://www.airnewzealand.co.nz/koru-icon-256.png",
          "source": "airnewzealand.co.nz",
          "published": "",
          "ttr": 46
     }
}