{
     "Date": "3/06/2021",
     "Open": "1.695",
     "High": "1.7",
     "Low": "1.67",
     "Close": "1.695",
     "Adj Close": "1.695",
     "Volume": "530320",
     "Headline": "AirNewZealand appoints Chief Digital Officer",
     "link": "https://www.airnewzealand.co.nz/press-release-2021-airnz-appoints-chief-digital-officer",
     "article": {
          "url": "https://www.airnewzealand.co.nz/press-release-2021-airnz-appoints-chief-digital-officer",
          "title": "Air New Zealand appoints Chief Digital Officer",
          "description": "After an extensive global search, Air New Zealand has appointed Nikhil Ravishankar as its Chief Digital Officer. 3 June 2021 Mr Ravishankar is currently Chief Digital Officer at Vector New Zealand, having led...",
          "links": [
               "https://www.airnewzealand.co.nz/press-release-2021-airnz-appoints-chief-digital-officer"
          ],
          "image": "",
          "content": "After an extensive global search, Air New Zealand has appointed Nikhil Ravishankar as its Chief Digital Officer.\n3 June 2021\nMr Ravishankar is currently Chief Digital Officer at Vector New Zealand, having led the company's digital and information technology function and its transformation programme since 2017. Prior to this he was Managing Director at Accenture New Zealand and Head of Technology Strategy at Telecom New Zealand (now Spark).Air New Zealand Chief Executive Officer, Greg Foran, says Mr Ravishankar will bring a wealth of knowledge and will be an excellent addition to the Air New Zealand executive team.\"Digital will play an important role in our recovery from Covid-19, and as a key pillar in our strategy, we've got big plans for what we want to achieve in the digital space. Nikhil's industry expertise will ensure we deliver on what we set out to do.\"We look forward to welcoming Nikhil to the Air New Zealand team in September.\"Mr Ravishankar is a member of the AUT AUTEUR Influencer Network, on the board of New Zealand Asian Leaders and an advisory committee member of The Blues Foundation. He holds a Bachelor of Science and a Bachelor of Commerce (Honours) from the University of Auckland.EndsIssued by Air New Zealand Communications.Email: media@airnz.co.nz   │  Twitter: @AirNZMedia",
          "author": "",
          "favicon": "https://www.airnewzealand.co.nz/koru-icon-256.png",
          "source": "airnewzealand.co.nz",
          "published": "",
          "ttr": 42
     }
}