{
     "Date": "22/12/2020",
     "Open": "1.77",
     "High": "1.77",
     "Low": "1.705",
     "Close": "1.715",
     "Adj Close": "1.715",
     "Volume": "3575472",
     "Headline": "AirNewZealand welcomes customers for busiest week",
     "link": "https://www.airnewzealand.co.nz/press-release-2020-air-new-zealand-welcomes-customers-for-busiest-week",
     "article": {
          "url": "https://www.airnewzealand.co.nz/press-release-2020-air-new-zealand-welcomes-customers-for-busiest-week",
          "title": "Air New Zealand welcomes customers for busiest week",
          "description": "Air New Zealand is ready for its busiest week on the network since pre-COVID, as customers head to their holiday destinations around Aotearoa.",
          "links": [
               "https://www.airnewzealand.co.nz/press-release-2020-air-new-zealand-welcomes-customers-for-busiest-week"
          ],
          "image": "",
          "content": "Air New Zealand is ready for its busiest week on the network since pre-COVID, as customers head to their holiday destinations around Aotearoa.\n22 December 2020\nThe airline is expecting to welcome more than 170,000 customers on its domestic network this week across 2,589 flights. The busiest day is expected to be Christmas Eve, with the airline operating more than 420 flights – the most popular route being Auckland to Christchurch.Air New Zealand Group General Manager Airports Chloe Surridge says it's great to see so many people connecting with loved ones around the country for a well-deserved break after what has been a very challenging year.\"Operationally, it takes a lot of work to get our customers to their holiday destinations on busy days like these. All of our teams, from flight planners right through to our airport teams, pilots and cabin crew, are working hard to connect customers with friends and family this festive season.\"We've also been working with Santa to make travelling on our aircraft even more enjoyable this year, so our younger travellers should keep an eye out for Air New Zealand elves at the airport.\"Naturally, airports are busier during this time and customers are encouraged to allow more travel time to get to the terminal. We also recommend people check in for their flight via the Air New Zealand app so they can keep up to date with the latest information on their flight.\"Head to the Air New Zealand COVID-19 Information Hub for more information on travelling safely these holidays.EndsIssued by Air New Zealand Communications.Email: media@airnz.co.nz  │  Twitter: @AirNZMedia",
          "author": "",
          "favicon": "https://www.airnewzealand.co.nz/koru-icon-256.png",
          "source": "airnewzealand.co.nz",
          "published": "",
          "ttr": 53
     }
}