{
     "Date": "1/05/2022",
     "Open": "",
     "High": "",
     "Low": "",
     "Close": "",
     "Adj Close": "",
     "Volume": "",
     "Headline": "Arrival of visa-waiver visitors marks another great day for Aotearoa: AirNewZealand",
     "link": "https://www.airnewzealand.co.nz/press-release-2022-arrival-of-visa-waiver-visitors-marks-another-great-day-for-aotearoa-airnz",
     "article": {
          "url": "https://www.airnewzealand.co.nz/press-release-2022-arrival-of-visa-waiver-visitors-marks-another-great-day-for-aotearoa-airnz",
          "title": "Arrival of visa-waiver visitors marks another great day for Aotearoa: Air New Zealand",
          "description": "Air New Zealand is delighted to fly the first wave of visa-waiving visitors into Auckland tomorrow as New Zealand takes an important step in reconnecting with the world.",
          "links": [
               "https://www.airnewzealand.co.nz/press-release-2022-arrival-of-visa-waiver-visitors-marks-another-great-day-for-aotearoa-airnz"
          ],
          "image": "",
          "content": "Air New Zealand is delighted to fly the first wave of visa-waiving visitors into Auckland tomorrow as New Zealand takes an important step in reconnecting with the world.\n1 May 2022\nAir New Zealand Chief Customer and Sales Officer Leanne Geraghty says Flight NZ5, arriving from Los Angeles into Auckland at 5.45am on Monday 2 May, will be packed with customers and excitement.\"We've got three flights arriving into Auckland on 2 May, which are filled to the brim with overseas visitors and returning Kiwis thrilled to land on New Zealand shores once again as they reconnect with family, start their studies or build their businesses. It's great to have international tourists being able to visit our beautiful country again and explore everything Aotearoa New Zealand has to offer.\"The three Air New Zealand flights arriving on 2 May are:NZ5 Los Angeles – Auckland: Arriving 5:45amNZ7 San Francisco – Auckland: Arriving 6:10amNZ953 Nadi – Auckland: Arriving 5pm.\"Demand has exceeded expectations with many of our services filling up. We're pleased with how bookings are going across the network, both domestic and international. This is welcome news for the New Zealand tourism industry who has weathered a difficult storm over the past 800 days.\"\"To help New Zealand's tourism industry recover, we're ramping up our network as quickly as we can – with Honolulu and Houston routes resuming on 4 July and 7 July, respectively.\"\"We're also seeing great demand out of New Zealand as Kiwis book their long-awaited winter getaway, with popular destinations like Fiji and Honolulu being snapped up.\"EndsIssued by Air New Zealand Communications.Email: media@airnz.co.nz │ Twitter: @AirNZMedia",
          "author": "",
          "favicon": "https://www.airnewzealand.co.nz/koru-icon-256.png",
          "source": "airnewzealand.co.nz",
          "published": "",
          "ttr": 53
     }
}