{
     "Date": "11/08/2022",
     "Open": "0.655",
     "High": "0.665",
     "Low": "0.65",
     "Close": "0.655",
     "Adj Close": "0.655",
     "Volume": "5448304",
     "Headline": "AirNewZealand plans ahead for a smoother summer",
     "link": "https://www.airnewzealand.co.nz/press-release-2022-airnz-plans-ahead-for-a-smoother-summer",
     "article": {
          "url": "https://www.airnewzealand.co.nz/press-release-2022-airnz-plans-ahead-for-a-smoother-summer",
          "title": "Air New Zealand plans ahead for a smoother summer",
          "description": "Air New Zealand is taking proactive measures to protect the travel plans of its customers as sickness levels continue to cause disruption.",
          "links": [
               "https://www.airnewzealand.co.nz/press-release-2022-airnz-plans-ahead-for-a-smoother-summer"
          ],
          "image": "",
          "content": "Air New Zealand is taking proactive measures to protect the travel plans of its customers as sickness levels continue to cause disruption.Over the next six months, the airline will operate a slightly reduced schedule of 1.5 percent fewer seats than originally planned, meaning a change to some flights.Most customers who experience a flight change will be transferred to another flight on the same day for domestic travel, and for international travel, on the same day or a day either side of their original booking. Where customers cannot be accommodated within these timeframes, they may change their booking online, opt into credit or request a refund.Those customers with changes will start to see them from today and will be automatically transferred to another flight. Those with further onward connections may also be disrupted and we will work through these directly with impacted customers. Air New Zealand Chief Executive Officer Greg Foran says making these changes now gives customers advance notice and will help the airline provide a service that's more reliable during its rebuild. \"Like many airlines around the world, we've been ramping up our operation at a time when Covid and the flu continues to impact the aviation industry. Looking at the disruptions our customers and staff have faced over the past five weeks, we've made some adjustments to reduce short-notice cancellations in the months ahead. \"While we did factor sickness into our ramp up plan, we've seen the highest rates of crew sickness in over a decade. We see these challenges continuing not just for crew, but for our whole operation, and so we're making proactive changes to address them.\" Mr Foran says reducing the number of flights means the airline will be able to have crew on standby to cover illness, which has not been possible lately. \"We're pulling out all the stops to minimise disruption and provide surety for our customers over the next six months. We have rehired or brought on more than 2,000 pilots, airport staff, cabin crew, contact centre and engineers, and we're going as fast as we can with recruitment and training.\"We're also exploring options to lease a crewed widebody aircraft for the busy summer period. We know customers want the Air New Zealand experience, and that's what we want to deliver too. But at the moment we're stretched to capacity and making sure our customers are able to travel is our top priority. The lease of an additional crewed aircraft may help us achieve that.\" Air New Zealand's domestic and international schedule will be operating at 90% of pre-Covid capacity for the next six months.EndsWhat should I do if my flight changes because of these schedule changes?If your domestic flight has changed and you have not been given a flight on the same day, then you will be able to request a change online under Manage my booking, opt into credit or request a refund.If your international flight has changed and you have not been given a flight on the same day or on a day either side of your original booking, then you will be able to request a change online under Manage my booking, opt into credit or request a refund. If you have booked through a travel agent, you will need to contact them if changes are needed, or to request a refund if eligible. When can you get a refund?For other controllable events like staff sickness, engineering or operational requirements, a refund may also be available when Air New Zealand is unable to provide an alternative flight within the timeframes stated above*.For disruptions outside of the airline's control (e.g weather), where the alternative flight offered is not suitable, customers can opt into credit or if they purchased a refundable ticket, they will be eligible for a refund or where a refund is required by applicable legislation.*In some countries, refunds may be required under applicable legislation.Issued by Air New Zealand Communications.Email: media@airnz.co.nz │ Twitter: @AirNZMedia",
          "author": "",
          "favicon": "https://www.airnewzealand.co.nz/koru-icon-256.png",
          "source": "airnewzealand.co.nz",
          "published": "",
          "ttr": 132
     }
}