{
     "Date": "1/06/2021",
     "Open": "1.67",
     "High": "1.67",
     "Low": "1.64",
     "Close": "1.65",
     "Adj Close": "1.65",
     "Volume": "898100",
     "Headline": "AirNewZealand steps in to help Canterbury in wake of floods",
     "link": "https://www.airnewzealand.co.nz/press-release-2021-airnz-additional-wellington-timaru-flights-for-canterbury-floods",
     "article": {
          "url": "https://www.airnewzealand.co.nz/press-release-2021-airnz-additional-wellington-timaru-flights-for-canterbury-floods",
          "title": "Air New Zealand steps in to help Canterbury in wake of floods",
          "description": "Air New Zealand has added one additional flight per day for the next six days for customers travelling between Timaru and Wellington in the wake of severe flooding affecting the area.",
          "links": [
               "https://www.airnewzealand.co.nz/press-release-2021-airnz-additional-wellington-timaru-flights-for-canterbury-floods"
          ],
          "image": "",
          "content": "Air New Zealand has added one additional flight per day for the next six days for customers travelling between Timaru and Wellington in the wake of severe flooding affecting the area.\n1 June 2021\nSeat-only fares for additional flights between Timaru and Wellington are being offered at $100.The airline has also added fare flexibility for customers with existing bookings who may no longer be able to travel. Customers booked to travel to and from Christchurch or Timaru up to and including Tuesday 8 June 2021 may fly in or out of another port in the South Island on or before Sunday 13 June 2021.Customers wishing to make changes to their booking should call Air New Zealand's Contact Centre on 0800 737 000 or contact the airline via its social media channels to have the fare difference and fees waived.Air New Zealand Chief Executive Officer Greg Foran says the additional services are being put in place to help out customers and communities in the wake of severe flooding.\"We have added 12 flights between Wellington and Timaru over the next few days and Queen's Birthday Weekend to help move customers and cargo to and through the region.\"We appreciate how difficult it's been for parts of Canterbury and our customers in the flood-affected areas. That's why we are offering them fare flexibility to get to their destinations, including over the holiday weekend. We have also offered to carry essential supplies or emergency personnel helping with the flood response.\"The schedule for the additional flights extending from Wednesday 2 June and over Queen's Birthday Weekend to Monday 7 June is as below:Flight NumberNZ8403DepartWellington - 2.55pmArriveTimaru - 4.15pmDay of weekMon, Wed, Thu, SatFlight NumberNZ8404DepartTimaru - 4.50pmArriveWellington - 6.05pm Day of weekMon, Wed, Thu, SatFlight NumberNZ8415DepartWellington - 8.00amArriveTimaru - 9.20amDay of weekFridayFlight NumberNZ8416DepartTimaru - 9.50amArriveWellington - 11.05amDay of weekFridayFlight NumberNZ8415DepartWellington - 11.20am ArriveTimaru - 12.40pmDay of weekSundayFlight NumberNZ8416DepartTimaru - 1.05pmArriveWellington - 2.20pmDay of weekSundayEndsIssued by Air New Zealand Communications.Email: media@airnz.co.nz  │  Twitter: @AirNZMedia",
          "author": "",
          "favicon": "https://www.airnewzealand.co.nz/koru-icon-256.png",
          "source": "airnewzealand.co.nz",
          "published": "",
          "ttr": 66
     }
}