{
     "Date": "3/04/2020",
     "Open": "0.88",
     "High": "0.89",
     "Low": "0.86",
     "Close": "0.86",
     "Adj Close": "0.86",
     "Volume": "4917303",
     "Headline": "First AirANewAZealand repatriation flight takes off for Frankfurt",
     "link": "https://www.airnewzealand.co.nz/press-release-2020-first-air-new-zealand-repatriation-flight-takes-off-for-frankfurt",
     "article": {
          "url": "https://www.airnewzealand.co.nz/press-release-2020-first-air-new-zealand-repatriation-flight-takes-off-for-frankfurt",
          "title": "First Air New Zealand repatriation flight takes off for Frankfurt ",
          "description": "The first of several flights Air New Zealand is operating for the German Government to repatriate stranded German nationals has departed Auckland International Airport this afternoon.",
          "links": [
               "https://www.airnewzealand.co.nz/press-release-2020-first-air-new-zealand-repatriation-flight-takes-off-for-frankfurt"
          ],
          "image": "",
          "content": "The first of several flights Air New Zealand is operating for the German Government to repatriate stranded German nationals has departed Auckland International Airport this afternoon.\n3 April 2020\nAn Air New Zealand Boeing 777-300 departed Auckland at 3.30pm for Frankfurt via Vancouver and is expected to land at Frankfurt am Main Airport early morning on Saturday 4 April.A team of Air New Zealand employees has put themselves forward to fly this mission. Four pilots and 12 cabin crew are operating Auckland-Vancouver, where the airline has positioned a full replacement crew to continue to Frankfurt.Further repatriation flights using the airline's 342-seat 777-300 aircraft will depart from Auckland and Christchurch airports in the coming days.Air New Zealand Chief Operational Integrity and Standards Officer Captain David Morgan says detailed plans are in place to ensure passengers return home safely, and the airline is grateful for the support of German and Canadian officials and the New Zealand Government.\"We are delighted to help the German Government to safely bring its people home and our teams have quickly mobilised a schedule with daily flights scheduled through to next Wednesday, and more to come.\"Naturally the wellbeing of our passengers and crew is Air New Zealand's top priority and we are incredibly grateful for the measures put in place by the New Zealand Government to ensure the safe departure of foreign nationals from our shores.\"Air New Zealand is working with several governments on requests for repatriation charters.Frankfurt charter details:Aircraft: Boeing 777-300Flight number: NZ1960Capacity: 342 seatsEndsIssued by Air New Zealand Communications.Email: media@airnz.co.nz  │  Phone: +64 21 747 320  │  Twitter: @AirNZMedia",
          "author": "",
          "favicon": "https://www.airnewzealand.co.nz/koru-icon-256.png",
          "source": "airnewzealand.co.nz",
          "published": "",
          "ttr": 53
     }
}