{
     "Date": "3/09/2020",
     "Open": "1.37",
     "High": "1.37",
     "Low": "1.35",
     "Close": "1.355",
     "Adj Close": "1.355",
     "Volume": "1145308",
     "Headline": "AirNewZealand announces departure of Chief Commercial and Customer Officer",
     "link": "https://www.airnewzealand.co.nz/press-release-2020-airnz-announces-departure-of-chief-commercial-customer-officer",
     "article": {
          "url": "https://www.airnewzealand.co.nz/press-release-2020-airnz-announces-departure-of-chief-commercial-customer-officer",
          "title": "Air New Zealand announces departure of Chief Commercial and Customer Officer",
          "description": "Air New Zealand's Chief Commercial and Customer Officer Cam Wallace has resigned from the airline. 3 September 2020 He will step away from Air New Zealand on 30 September and will provide consultancy support...",
          "links": [
               "https://www.airnewzealand.co.nz/press-release-2020-airnz-announces-departure-of-chief-commercial-customer-officer"
          ],
          "image": "",
          "content": "Air New Zealand's Chief Commercial and Customer Officer Cam Wallace has resigned from the airline.\n3 September 2020\nHe will step away from Air New Zealand on 30 September and will provide consultancy support to Chief Executive Officer Greg Foran until the end of 2020.Cam Wallace has been with Air New Zealand for 19 years and has held a variety of senior and executive roles.Air New Zealand Chief Executive Officer Greg Foran says Cam has made an outstanding contribution to the airline.\"Under Cam's leadership, Air New Zealand's passenger, cargo and loyalty revenues have experienced unparalleled growth over the past six years. He has been instrumental in developing new market opportunities, growing strategic alliance partnerships, expanding the loyalty footprint, and driving profitable growth throughout the airline's business.\"Cam has advised me today that given the airline is now effectively a domestic carrier for the foreseeable future that he is resigning to pursue opportunities that meet his global career ambitions.\"On behalf of the Executive and the Board I would like to thank Cam for the contribution he has made over the past 19 years, especially throughout the course of 2020 as the airline has grappled with unprecedented challenges thrust upon it by COVID-19. His global revenue generation experience and deep customer centricity have been critical to our efforts to ensure our airline has a viable future.\"The airline will not be moving immediately to replace Cam's role and in the interim Greg Foran will take responsibility for leading the Commercial and Customer function.EndsIssued by Air New Zealand Communications.Email: media@airnz.co.nz   │  Twitter: @AirNZMedia",
          "author": "",
          "favicon": "https://www.airnewzealand.co.nz/koru-icon-256.png",
          "source": "airnewzealand.co.nz",
          "published": "",
          "ttr": 52
     }
}