{
     "Date": "8/12/2020",
     "Open": "1.92",
     "High": "1.94",
     "Low": "1.9",
     "Close": "1.91",
     "Adj Close": "1.91",
     "Volume": "1198894",
     "Headline": "AirNewZealand Chief People Officer appointment",
     "link": "https://www.airnewzealand.co.nz/press-release-2020-airnz-chief-people-officer-appointment",
     "article": {
          "url": "https://www.airnewzealand.co.nz/press-release-2020-airnz-chief-people-officer-appointment",
          "title": "Air New Zealand Chief People Officer appointment",
          "description": "Air New Zealand has promoted Nikki Dines as its next Chief People Officer with effect from 1 February 2021. 8 December 2020 Ms Dines has been with Air New Zealand since 2013 and has held a variety of roles...",
          "links": [
               "https://www.airnewzealand.co.nz/press-release-2020-airnz-chief-people-officer-appointment"
          ],
          "image": "",
          "content": "Air New Zealand has promoted Nikki Dines as its next Chief People Officer with effect from 1 February 2021.\n8 December 2020\nMs Dines has been with Air New Zealand since 2013 and has held a variety of roles within the People, Airports, and Pilots teams. This includes leading Air New Zealand's Pilot group as General Manager Pilots and her more recent role of General Manager People - Corporate, Revenue &amp; Employee Experience.Chief Executive Officer Greg Foran says Nikki has established a proven track record over the past seven years and is well respected for what she's achieved in her various roles with the company.\"Nikki is regarded as an outstanding leader with considerable airline knowledge and experience. Her promotion into the role is a credit to the depth of talent we have within the airline.\"Ms Dines holds an LLB (Hons) and BA qualifications from the University of Auckland and prior to joining Air New Zealand, she was a partner with LangtonHudsonButcher.Ms Dines will replace Joe McCollum who will shortly complete his fixed term agreement and will be leaving the company in February to resume his consultancy practice.\"I want to thank Joe McCollum, who has played a critical role in helping Air New Zealand navigate the COVID-19 crisis and for getting us in a position to be ready to seize the opportunities ahead\".EndsIssued by Air New Zealand Communications.Email: media@airnz.co.nz   │  Twitter: @AirNZMedia",
          "author": "",
          "favicon": "https://www.airnewzealand.co.nz/koru-icon-256.png",
          "source": "airnewzealand.co.nz",
          "published": "",
          "ttr": 47
     }
}