{
     "Date": "14/08/2020",
     "Open": "1.3",
     "High": "1.32",
     "Low": "1.285",
     "Close": "1.305",
     "Adj Close": "1.305",
     "Volume": "2129011",
     "Headline": "AirNewZealand update on flexibility and domestic schedule",
     "link": "https://www.airnewzealand.co.nz/press-release-2020-air-new-zealand-update-on-flexibility-and-domestic-schedule",
     "article": {
          "url": "https://www.airnewzealand.co.nz/press-release-2020-air-new-zealand-update-on-flexibility-and-domestic-schedule",
          "title": "Air New Zealand update on flexibility and domestic schedule ",
          "description": "Air New Zealand is extending its fare flexibility and adjusting its domestic network after the Prime Minister's announcement this evening that the Auckland region will remain in Alert Level 3 and the rest of the country in Level 2 until 11:59pm on Wednesday 26 August. ",
          "links": [
               "https://www.airnewzealand.co.nz/press-release-2020-air-new-zealand-update-on-flexibility-and-domestic-schedule"
          ],
          "image": "",
          "content": "Air New Zealand is extending its fare flexibility and adjusting its domestic network after the Prime Minister's announcement this evening that the Auckland region will remain in Alert Level 3 and the rest of the country in Level 2 until 11:59pm on Wednesday 26 August. The airline will endeavour to operate its current schedule as planned throughout the weekend and on Monday 17 August to allow people seeking to return home to do so. From Tuesday 18 August it will operate a reduced domestic schedule to and from Auckland.The airline's domestic network for Auckland during Level 3 will be as follows from Tuesday (the remainder of the network is unchanged) –Air New Zealand Chief Executive Officer Greg Foran says the airline has seen significantly reduced demand in recent days.\"While there will be a reduction in flying to and from Auckland, there will be some flights available to support essential travel. The rest of our domestic network will operate as normal under Alert Level 2 – with physical distancing in place, and we are updating our schedule to reflect this.\"We've seen many Kiwis choose to no longer travel over the past few days and we'd like to thank those who have cancelled or changed their tickets in advance as this has helped us to get other customers home.\"We are also extending fare flexibility introduced on Wednesday up until 11:59pm Thursday 27 August. Customers who hold a ticket for a domestic flight up until this date may opt to hold their fare in credit and can do this via the airline's online booking tool.\"Our contact centre and social media team are here to help, however, they are currently experiencing very high demand. We'd like to thank our customers for their patience while we work through these changes. Our customers have also been really cooperative when it comes to wearing masks on board and we thank them for this.\"The airline already has a number of safety measures in place to keep customers and staff safe. These include:Customers on flights departing Auckland are required to wear masks. They are welcome to bring their own, or these will be provided by the airline. It is also recommended customers travelling from other ports wear masks, however this is not a requirementAir New Zealand Auckland-based front of house employees and domestic cabin crew will wear masks and gloves, and pilots will wear masks when interacting with customers or moving through Auckland AirportCustomers are encouraged to check in for their flight via the Air New Zealand app, and allow extra time to process through check-in and securityFor those checking in at larger airports, every second self-service kiosk will be operating to support social distancing. There will also be floor markers for queuing at check-in counters, service desks, bag drops and departure gates, and fewer customers will be boarded and disembarked at a timeInflight, seating will be allocated to allow an empty seat between customers travelling alone. The airline will aim to keep families and some travelling companions together, so there may be some people sitting together with no additional space between themFood and beverage services on all domestic flights will not be available to minimise contact between customers and cabin crew. Customers should let cabin crew know if they would like a cup of waterAir New Zealand's Auckland lounges and valet parking remain closedFor the latest information, customers can check the Air New Zealand Covid-19 Hub and travel alerts page.EndsIssued by Air New Zealand Communications.Email: media@airnz.co.nz   │  Twitter: @AirNZMedia",
          "author": "",
          "favicon": "https://www.airnewzealand.co.nz/koru-icon-256.png",
          "source": "airnewzealand.co.nz",
          "published": "",
          "ttr": 117
     }
}