{
     "Date": "19/04/2021",
     "Open": "1.79",
     "High": "1.815",
     "Low": "1.78",
     "Close": "1.8",
     "Adj Close": "1.8",
     "Volume": "1430151",
     "Headline": "AirNewZealand has lift off from Sydney",
     "link": "https://www.airnewzealand.co.nz/press-release-2021-airnz-has-lift-off-from-sydney",
     "article": {
          "url": "https://www.airnewzealand.co.nz/press-release-2021-airnz-has-lift-off-from-sydney",
          "title": "Air New Zealand has lift off from Sydney",
          "description": "Bags packed, boarding passes scanned and customers on board the very first bubble flight from Australia have taken off bound for New Zealand.",
          "links": [
               "https://www.airnewzealand.co.nz/press-release-2021-airnz-has-lift-off-from-sydney"
          ],
          "image": "",
          "content": "Bags packed, boarding passes scanned and customers on board the very first bubble flight from Australia have taken off bound for New Zealand.\n19 April 2020\nNZ246 has departed Sydney with a full load of excited customers ready to reunite with friends and whānau. It's due to land in Te Whanganui-a-Tara (Wellington) at 1:00pm NZT.This service is one of almost 500 flights the airline is operating across its international and domestic networks today.Air New Zealand Short Haul Inflight Service Manager Craig Suckling says the feeling at Sydney airport this morning was electric. \"It was quite the emotional rollercoaster here in Sydney. The check-in area was a hive of activity and at the boarding gate, customers were eager to get on. Put it this way, we certainly weren't calling customers for a final boarding call!\" \"For over 400 days, New Zealanders have needed to isolate on return to Aotearoa. Now, both Kiwis and Aussies can enter freely so this is an incredibly emotional day. Our flights into New Zealand from Australia are at 97% capacity today so you can picture what the airports look like!\"On arrival into Wellington customers will be feeling the Aotearoa aroha as they disembark to live music and welcome messages.",
          "author": "",
          "favicon": "https://www.airnewzealand.co.nz/koru-icon-256.png",
          "source": "airnewzealand.co.nz",
          "published": "",
          "ttr": 41
     }
}