{
     "Date": "15/05/2021",
     "Open": "",
     "High": "",
     "Low": "",
     "Close": "",
     "Adj Close": "",
     "Volume": "",
     "Headline": "Kiwi twist for AirNewZealand's Koru Care flight",
     "link": "https://www.airnewzealand.co.nz/press-release-2021-kiwi-twist-for-airnz-koru-care-flight",
     "article": {
          "url": "https://www.airnewzealand.co.nz/press-release-2021-kiwi-twist-for-airnz-koru-care-flight",
          "title": "Kiwi twist for Air New Zealand’s Koru Care flight",
          "description": "A very special Air New Zealand flight departed Christchurch this morning carrying 50 Koru Care kids off on a magical journey.",
          "links": [
               "https://www.airnewzealand.co.nz/press-release-2021-kiwi-twist-for-airnz-koru-care-flight"
          ],
          "image": "",
          "content": "A very special Air New Zealand flight departed Christchurch this morning carrying 50 Koru Care kids off on a magical journey.The Boeing 787-9 Dreamliner, flown by Air New Zealand's Chief Pilot Captain David Morgan, took off towards the West Coast at 11:40am, looped up and around to pass over Taranaki and with a few extra turns along the way, then headed back to Christchurch to reveal flight NZ4376's (NZHERO) mystery flight path – a kiwi!Gathering at the themed Little Heroes Headquarters at Christchurch Airport, the Koru Care kids started their morning with a pre-flight party, having faces painted, posing for superhero portraits and dancing at a silent disco. Cookie Time joined the fun with some sweet treats and to top it off, there was a surprise acoustic performance from Drax Project.Air New Zealand Chief Executive Officer, Greg Foran, who travelled on today's flight, says it's uplifting to offer a special charter flight for kids who aren't usually able to travel offshore due to medical conditions or family situations.\"Today's flight is a real heart warmer. Some of these children have never been on a plane before so we wanted them to experience the excitement of flying and our teams have pulled out all the stops to make today a magical experience for our Little Heroes.\"The Little Heroes also met some of their real heroes at the pre-flight party today, including All Blacks Sam Cane and Joe Moody.Koru Care Chairman Chris George says the support from Air New Zealand for the past 35 years has put smiles on faces and turned dreams into reality for thousands of Kiwi kids.\"It is a privilege to be part of such an amazing day with our little heroes and we are very thankful to our big heroes for making this happen.\"Air New Zealand is offsetting all the carbon emissions from this Koru Care flight and the flights that flew the children to Christchurch, through its FlyNeutral programme.About Koru CareOriginally started by a team of volunteers from Air New Zealand, Koru Care is now an official charity with four branches around New Zealand. Each of the four branches are independent and run by teams of dedicated volunteers. They each facilitate their own fundraising for the kids within their catchment area. More than 2,000 children with a range of illnesses and disabilities have flown with Air New Zealand, enabling them to see the world, make dreams come true, and create some amazing memories where they otherwise might not be able to.EndsIssued by Air New Zealand Communications.Email: media@airnz.co.nz   │  Twitter: @AirNZMedia",
          "author": "",
          "favicon": "https://www.airnewzealand.co.nz/koru-icon-256.png",
          "source": "airnewzealand.co.nz",
          "published": "",
          "ttr": 85
     }
}