{
     "Date": "27/05/2021",
     "Open": "1.69",
     "High": "1.69",
     "Low": "1.655",
     "Close": "1.665",
     "Adj Close": "1.665",
     "Volume": "1200050",
     "Headline": "More international cargo flights for AirNewZealand",
     "link": "https://www.airnewzealand.co.nz/press-release-2021-more-international-cargo-flights-for-airnz",
     "article": {
          "url": "https://www.airnewzealand.co.nz/press-release-2021-more-international-cargo-flights-for-airnz",
          "title": "More international cargo flights for Air New Zealand",
          "description": "Air New Zealand has been awarded more international cargo flights under the Government’s Maintaining International Air Connectivity (MIAC) scheme.",
          "links": [
               "https://www.airnewzealand.co.nz/press-release-2021-more-international-cargo-flights-for-airnz"
          ],
          "image": "",
          "content": "Air New Zealand has been awarded more international cargo flights under the Government's Maintaining International Air Connectivity (MIAC) scheme.\n27 May 2021\nWith the scheme extended through to October, the airline will operate around 30 flights per week to 13 destinations including Los Angeles, Hong Kong, and Shanghai, as well as maintaining air connectivity with key Pacific ports. With the trans-Tasman and Cook Islands bubbles now well under way, these services are currently operating outside of the MIAC scheme.Air New Zealand General Manager Cargo Anna Palairet says it's encouraging to have been awarded more flights under the Government scheme.\"MIAC is helping our import and export community maintain essential trade with key international markets during an extended period of disruption and we're really proud to be part of making that happen. Operating these services also allows us to bring Kiwis home where other commercial services haven't been able to operate.\"The New Zealand Ministry of Transport has done an outstanding job with the scheme and it's fantastic to see it continuing to allow for stable support until passenger travel begins to pick up again.\"With the Tasman and Rarotonga bubbles now in operation, services to Australia and the Cook Islands are currently not included in the scheme. However, we're fortunate the scheme provides a mechanism to support the movement of freight to these markets if those bubbles burst to ensure a stable supply chain.\"EndsIssued by Air New Zealand Communications.Email: media@airnz.co.nz  │  Twitter: @AirNZMedia",
          "author": "",
          "favicon": "https://www.airnewzealand.co.nz/koru-icon-256.png",
          "source": "airnewzealand.co.nz",
          "published": "",
          "ttr": 48
     }
}