{
     "Date": "27/11/2020",
     "Open": "1.82",
     "High": "1.87",
     "Low": "1.81",
     "Close": "1.86",
     "Adj Close": "1.86",
     "Volume": "1031455",
     "Headline": "AirNewZealand awarded more international cargo flights",
     "link": "https://www.airnewzealand.co.nz/press-release-2020-airnz-awarded-more-international-cargo-flights",
     "article": {
          "url": "https://www.airnewzealand.co.nz/press-release-2020-airnz-awarded-more-international-cargo-flights",
          "title": "Air New Zealand awarded more international cargo flights",
          "description": "Air New Zealand has been awarded more international cargo flights under the International Air Freight Capacity (IAFC) Scheme.",
          "links": [
               "https://www.airnewzealand.co.nz/press-release-2020-airnz-awarded-more-international-cargo-flights"
          ],
          "image": "",
          "content": "Air New Zealand has been awarded more international cargo flights under the International Air Freight Capacity (IAFC) Scheme.\n27 November 2020\nThis comes after the Government announced Phase Two of the IAFC scheme which runs from 1 December 2020 through to 31 March 2021. Air New Zealand will operate approximately 55 international flights per week going forward.Air New Zealand General Manager Cargo Anna Palairet says this is great news not only for the airline but for importers and exporters wanting to get their product to key markets around the world.\"It's great to see the extension of the IAFC scheme as it provides much-needed support and stability to New Zealand importers and exporters.\"Our flying schedule remains largely the same and it's exciting to see new services to Guangzhou and Perth, as well as some enhancements to the ongoing schedule to improve the connectivity for South Island Exporters.\"With the festive season just around the corner, these additional flights will be instrumental in helping New Zealand exporters get their produce on holiday tables around the world. We'll be sending more than 1,000 tonnes of lamb up to the UK in time for Christmas and more than 3,500 tonnes of stone fruit around the globe with a majority moving into China for the Chinese New Year.\"Since the airline started flying under the IAFC scheme in May, it has operated more than 1100 return flights, carrying over 39,000 tonnes of cargo in and out of New Zealand.EndsIssued by Air New Zealand Communications.Email: media@airnz.co.nz  │  Twitter: @AirNZMedia",
          "author": "",
          "favicon": "https://www.airnewzealand.co.nz/koru-icon-256.png",
          "source": "airnewzealand.co.nz",
          "published": "",
          "ttr": 51
     }
}