{
     "Date": "3/05/2021",
     "Open": "1.73",
     "High": "1.73",
     "Low": "1.71",
     "Close": "1.71",
     "Adj Close": "1.71",
     "Volume": "521496",
     "Headline": "Extension to AirNewZealand and Air China alliance",
     "link": "https://www.airnewzealand.co.nz/press-release-2021-airnz-celebrates-busiest-day-since-covid-19",
     "article": {
          "url": "https://www.airnewzealand.co.nz/press-release-2021-airnz-celebrates-busiest-day-since-covid-19",
          "title": "Air New Zealand celebrates busiest day since COVID-19",
          "description": "Today is shaping up to be the biggest flying day for the airline since New Zealand closed its borders due to COVID-19. 23 April 2021 Air New Zealand General Manager Customer Leeanne Langridge says around...",
          "links": [
               "https://www.airnewzealand.co.nz/press-release-2021-airnz-celebrates-busiest-day-since-covid-19"
          ],
          "image": "",
          "content": "Today is shaping up to be the biggest flying day for the airline since New Zealand closed its borders due to COVID-19.\n23 April 2021\nAir New Zealand General Manager Customer Leeanne Langridge says around 42,000 customers will be travelling on nearly 520 Air New Zealand flights.\"With the trans-Tasman bubble now open, a long weekend, and school holidays all coinciding, Air New Zealand is looking forward to a bumper day.\"It's amazing to see so many customers getting out across Aotearoa and Australia to enjoy Air New Zealand's world-class customer experience. We're looking forward to welcoming even more of our Aussie neighbours to our beautiful shores and showing Kiwis all that Australia has to offer.\"Auckland-Wellington is gearing up to be the busiest route for the airline with around 5,500 customers travelling between the City of Sails and the Capital. Auckland-Sydney will take the cake for busiest trans-Tasman route.For those customers who are travelling today, make sure you've filled in all the relevant travel declarations for international travel and allow plenty of time to get to the airport.EndsIssued by Air New Zealand Communications.Email: media@airnz.co.nz  │  Twitter: @AirNZMedia",
          "author": "",
          "favicon": "https://www.airnewzealand.co.nz/koru-icon-256.png",
          "source": "airnewzealand.co.nz",
          "published": "",
          "ttr": 37
     }
}