{
     "Date": "13/09/2021",
     "Open": "1.54",
     "High": "1.56",
     "Low": "1.535",
     "Close": "1.56",
     "Adj Close": "1.56",
     "Volume": "382213",
     "Headline": "Ko te reo 'Kia Rere'",
     "link": "https://www.airnewzealand.co.nz/press-release-2021-ko-te-reo-kia-rere",
     "article": {
          "url": "https://www.airnewzealand.co.nz/press-release-2021-ko-te-reo-kia-rere",
          "title": "Ko te reo 'Kia Rere'  ",
          "description": "Air New Zealand helps te reo Māori flyAraraurangi (Air New Zealand) is inviting Kiwis to join them in helping the Māori language fly, by sharing its Kia Rere app with the public, just in time for te Wiki o te...",
          "links": [
               "https://www.airnewzealand.co.nz/press-release-2021-ko-te-reo-kia-rere"
          ],
          "image": "",
          "content": "Air New Zealand helps te reo Māori flyAraraurangi (Air New Zealand) is inviting Kiwis to join them in helping the Māori language fly, by sharing its Kia Rere app with the public, just in time for te Wiki o te reo Māori.The app, created by Air New Zealand in partnership with NZ Māori Tourism and produced by Kiwa Digital, has been available for staff to practice and improve their reo. It has a range of interactive features including audio learning and the ability to create a mihimihi and share the user's journey in te reo Māori.Cultural Development Manager Henare Johnson says this app is a culmination of many people's work to help te reo beginners feel confident with pronunciation and expand their Māori language vocabulary.\"Araraurangi is a huge supporter of Māori culture and encourages sharing the culture through the use of te reo. We wanted to create an app to help our people on their te reo journey and at the same time give Aotearoa the opportunity to learn and feel comfortable using te reo with us.\"\"I would consider we are still very much at the start, but this is a really exciting step, in our cultural journey to share te reo Māori with each other and our customers. This is a huge part of how we manaaki (care for) te reo Māori at Air New Zealand.\"We're so proud to fly with the language under the Mangōpare - the symbol on the tail of all our aircraft - and we want to share that pride with the rest of Aotearoa. Whether you want to learn the te reo National Anthem, fine tune your pronunciation of place names or prepare a mihi, the Kia Rere app can support you on your journey.\"Kia Rere references a longer kōrero by Tā Tīmoti Kāretu; \"ko te reo kia tika, ko te reo kia rere, ko te reo kia Māori,\" the language needs to be correct, the language needs to be heard far and wide, the language needs to be Māori in ethos.Kia rere is ready to download in the App Store and on Google Play.EndsIssued by Air New Zealand Communications.Email: media@airnz.co.nz │ Phone: +64 21 747 320 │ Twitter: @AirNZMedia",
          "author": "",
          "favicon": "https://www.airnewzealand.co.nz/koru-icon-256.png",
          "source": "airnewzealand.co.nz",
          "published": "",
          "ttr": 74
     }
}