{
     "Date": "8/06/2020",
     "Open": "1.69",
     "High": "1.825",
     "Low": "1.69",
     "Close": "1.79",
     "Adj Close": "1.79",
     "Volume": "7442935",
     "Headline": "AirANewAZealandAs Taup and Timaru services get underway",
     "link": "https://www.airnewzealand.co.nz/press-release-2020-air-nz-taupo-and-timaru-services-get-underway",
     "article": {
          "url": "https://www.airnewzealand.co.nz/press-release-2020-air-nz-taupo-and-timaru-services-get-underway",
          "title": "Air New Zealand’s Taupō and Timaru services get underway",
          "description": "Air New Zealand restarts its services to Taupō and Timaru today. 8 June 2020 The airline's first flight from Auckland to Taupō flight lands at 1:35pm, with the return departing Taupo at 2pm. The first...",
          "links": [
               "https://www.airnewzealand.co.nz/press-release-2020-air-nz-taupo-and-timaru-services-get-underway"
          ],
          "image": "",
          "content": "Air New Zealand restarts its services to Taupō and Timaru today.\n8 June 2020\nThe airline's first flight from Auckland to Taupō flight lands at 1:35pm, with the return departing Taupo at 2pm. The first Wellington-Timaru flight lands in Timaru at 12:35pm, with the return flight leaving for the capital at 1pm.Air New Zealand Head of Tourism and Regional Affairs Reuben Levermore says it's great to be flying back to Taupō and Timaru.\"Restarting both our Taupō-Auckland and Timaru-Wellington routes today is great news for these towns and their wider regions and we hope locals get behind these services. The resumption of these routes also means that as of today we are operating to all 20 of the domestic destinations we serviced pre-COVID-19.\"Initially we will operate three return services a week on both routes on Monday, Wednesday and Friday. From 6 July this will increase to nine return services per week on both our Taupō and Timaru routes.\"Taupō Mayor David Trewavas says, \"The resumption of domestic air travel is great for the country and fantastic for the Taupō District. Our airport remained open throughout the lockdown period, receiving flights carrying essential workers and medical staff, but being able to welcome back visitors from around the country is what we've all been waiting for. I'd like to thank Air New Zealand for resuming this very important service, and I'd like to invite everyone from around the country to come on over for a warm Taupō District welcome.\"Timaru Mayor Nigel Bowen says, \"We are so excited to have the first flights returning to Timaru, this means so much to our greater region for both tourism and commerce. I look forward to welcoming passengers back to Timaru\".EndsIssued by Air New Zealand Communications.Email: media@airnz.co.nz  │  Phone: +64 21 747 320  │  Twitter: @AirNZMedia",
          "author": "",
          "favicon": "https://www.airnewzealand.co.nz/koru-icon-256.png",
          "source": "airnewzealand.co.nz",
          "published": "",
          "ttr": 60
     }
}