{
     "Date": "2/04/2020",
     "Open": "0.88",
     "High": "0.89",
     "Low": "0.86",
     "Close": "0.88",
     "Adj Close": "0.88",
     "Volume": "4444946",
     "Headline": "AirANewAZealand updates domestic network",
     "link": "https://www.airnewzealand.co.nz/press-release-2020-airnz-updates-domestic-network",
     "article": {
          "url": "https://www.airnewzealand.co.nz/press-release-2020-airnz-updates-domestic-network",
          "title": "Air New Zealand updates domestic network",
          "description": "Air New Zealand is adjusting its domestic network with New Zealand now at Alert Level 4. 2 April 2020 The airline will operate a limited domestic schedule from 3 April to enable essential travel only and to...",
          "links": [
               "https://www.airnewzealand.co.nz/press-release-2020-airnz-updates-domestic-network"
          ],
          "image": "",
          "content": "Air New Zealand is adjusting its domestic network with New Zealand now at Alert Level 4.\n2 April 2020\nThe airline will operate a limited domestic schedule from 3 April to enable essential travel only and to keep air freight moving. Overall, domestic capacity will reduce by 95 percent from pre-COVID-19 levels.The airline's domestic schedule while the country is at Alert Level 4 is as follows:RouteAuckland-ChristchurchServices3x return services Mon-Fri1x return service Sat/SunAircraft typeA320 RouteAuckland-WellingtonServices1x return service Mon-SunAircraft typeA320RouteWellington-ChristchurchServices2x return services Mon-Fri1x return service Sat/SunAircraft typeQ300ATRRouteWellington-NelsonServices1x return service Mon-FriAircraft typeQ300 RouteChristchurch-DunedinServices1x return service Mon1x return service FriAircraft typeATRAir New Zealand Chief Revenue Officer Cam Wallace says the airline would usually fly more than 400 domestic flights daily prior to the COVID-19 pandemic. \"Domestic travel is still an option but is extremely limited while New Zealand is at Alert Level 4 and we have updated our schedule to reflect this. In the coming weeks we will be operating Wellington-Nelson a limited number of flights a day using our A320 jet aircraft, as well as our ATR and Q300 turboprop aircraft.\"Kiwis are respecting the Government's essential travel only advice, however, we still ask customers to please check they qualify to travel under the essential services list before booking a ticket or going to the airport.\" Air New Zealand has also established a process whereby the airline will operate ad hoc domestic charter flights at the request of the New Zealand Government. These flights can be undertaken to all domestic airports within New Zealand within a matter of hours. The airline has set up a dedicated COVID-19 information hub on its website and customers are encouraged to consult this in the first instance.EndsIssued by Air New Zealand Communications.Email: media@airnz.co.nz  │  Phone: +64 21 747 320  │  Twitter: @AirNZMedia",
          "author": "",
          "favicon": "https://www.airnewzealand.co.nz/koru-icon-256.png",
          "source": "airnewzealand.co.nz",
          "published": "",
          "ttr": 59
     }
}