{
     "Date": "11/03/2021",
     "Open": "1.67",
     "High": "1.72",
     "Low": "1.665",
     "Close": "1.7",
     "Adj Close": "1.7",
     "Volume": "1457174",
     "Headline": "Aw shucks! AirNewZealand bolsters Bluff Oyster & Food Festival charter flight capacity",
     "link": "https://www.airnewzealand.co.nz/press-release-2021-aw-shucks-airnz-bolsters-bluff-oyster-food-festival-charter-flight-capacity",
     "article": {
          "url": "https://www.airnewzealand.co.nz/press-release-2021-aw-shucks-airnz-bolsters-bluff-oyster-food-festival-charter-flight-capacity",
          "title": "Aw shucks! Air New Zealand bolsters Bluff Oyster & Food Festival charter flight capacity",
          "description": "Air New Zealand isn’t bluffing - the airline has added a second charter flight between Auckland and Invercargill to help get festival goers to the Bluff Oyster & Food Festival on 22 May.",
          "links": [
               "https://www.airnewzealand.co.nz/press-release-2021-aw-shucks-airnz-bolsters-bluff-oyster-food-festival-charter-flight-capacity"
          ],
          "image": "",
          "content": "Air New Zealand isn't bluffing - the airline has added a second charter flight between Auckland and Invercargill to help get festival goers to the Bluff Oyster &amp; Food Festival on 22 May.\n11 March 2021\nAir New Zealand isn't bluffing - the airline has added a second charter flight between Auckland and Invercargill to help get festival goers to the Bluff Oyster &amp; Food Festival on 22 May. This is the last chance for keen festival goers to get their hands on tickets to the festival in this tasty Grabaseat™ package.The Grabaseat Bluff Oyster &amp; Food Festival flights will depart Auckland at 7:15am and 7:35am with the services returning the same day. The flights will be operated by the airline's A320 aircraft.Flight and ticket packages are available for sale via Air New Zealand's Grabaseat website for $379 per person and include general admission tickets to the Bluff Oyster &amp; Food Festival and return coach transfers from Invercargill to Bluff.Air New Zealand Chief Customer and Sales Officer Leanne Geraghty says the Bluff Oyster Festival is one of the biggest events on the Southland calendar, showcases some of the finest kai moana Aotearoa has to offer and is a fantastic opportunity for Kiwis to experience the wonderful Southland region.\"We're really excited to help people get to Bluff and enjoy some great food and drink. The Air New Zealand Grabaseat team is really proud to be able to add another special A320 service to Invercargill to help more oyster fans get their fix.\"The Southland region has so much to offer and the Bluff Oyster &amp; Food Festival is one of the great ways Kiwis can experience more of Aotearoa. I really encourage more people to visit Southland.\"More details can be found on the Grabaseat website.EndsIssued by Air New Zealand Communications.Email: media@airnz.co.nz  │  Twitter: @AirNZMedia",
          "author": "",
          "favicon": "https://www.airnewzealand.co.nz/koru-icon-256.png",
          "source": "airnewzealand.co.nz",
          "published": "",
          "ttr": 61
     }
}