{
     "Date": "21/09/2020",
     "Open": "1.35",
     "High": "1.35",
     "Low": "1.31",
     "Close": "1.31",
     "Adj Close": "1.31",
     "Volume": "1586076",
     "Headline": "AirNewZealand continues to require masks on board",
     "link": "https://www.airnewzealand.co.nz/press-release-2020-airnz-continues-to-require-masks-on-board",
     "article": {
          "url": "https://www.airnewzealand.co.nz/press-release-2020-airnz-continues-to-require-masks-on-board",
          "title": "Air New Zealand continues to require masks on board",
          "description": "Following the Prime Minister's announcement today regarding the change in Alert Levels, Air New Zealand will continue to require customers to wear masks on all its domestic services.",
          "links": [
               "https://www.airnewzealand.co.nz/press-release-2020-airnz-continues-to-require-masks-on-board"
          ],
          "image": "",
          "content": "Following the Prime Minister's announcement today regarding the change in Alert Levels, Air New Zealand will continue to require customers to wear masks on all its domestic services.\n21 September 2020\nThe airline continues to take extra precautions to keep customers and staff safe. While Auckland remains at Alert Level 2, face coverings/masks on domestic services will be required. Customers are welcome to bring their own, or they will be available before boarding. Air New Zealand employees at the departure gate and domestic cabin crew will also continue to wear masks.The airline is pleased to reintroduce food and beverage services on all domestic flights from Thursday 24 September.Due to capacity restrictions under Alert Level 2, the maximum number of people able to access any of the airline's Auckland lounges is capped at 100. All other domestic Air New Zealand lounges will operate as usual.For the latest information, customers can check the Air New Zealand COVID-19 Hub and travel alerts.EndsIssued by Air New Zealand Communications.Email: media@airnz.co.nz  │  Twitter: @AirNZMedia",
          "author": "",
          "favicon": "https://www.airnewzealand.co.nz/koru-icon-256.png",
          "source": "airnewzealand.co.nz",
          "published": "",
          "ttr": 34
     }
}