{
     "Date": "11/02/2021",
     "Open": "1.6",
     "High": "1.605",
     "Low": "1.58",
     "Close": "1.58",
     "Adj Close": "1.58",
     "Volume": "1474733",
     "Headline": "AirNewZealand extends international fare flexibility",
     "link": "https://www.airnewzealand.co.nz/press-release-2021-airnz-extends-int-fare-flexibility",
     "article": {
          "url": "https://www.airnewzealand.co.nz/press-release-2021-airnz-extends-int-fare-flexibility",
          "title": "Air New Zealand extends international fare flexibility",
          "description": "Air New Zealand is continuing to adjust its fare flexibility policy due to ongoing uncertainty around international border restrictions.",
          "links": [
               "https://www.airnewzealand.co.nz/press-release-2021-airnz-extends-int-fare-flexibility"
          ],
          "image": "",
          "content": "Air New Zealand is continuing to adjust its fare flexibility policy due to ongoing uncertainty around international border restrictions.\n11 February 2021\nThe airline today announced it is extending fare flexibility for customers booked to travel on its international services and for those who currently have fares in credit.The following changes will come into effect from Wednesday 17 February 2021:Customers who hold an existing credit with the airline will now have until 30 June 2022 to make a new booking using their credit, and until 30 June 2023 to take the travel. This applies to both domestic and international credits.Customers who book or currently hold tickets for international flights scheduled to depart up until 11.59 pm on 30 June 2021 will now be able to:\nHold the value of their fare in credit for rebooking until 30 June 2022; orAmend the date of their flight with change fees waived (normal fare difference may still apply)Air New Zealand's Chief Customer and Sales Officer Leanne Geraghty says the extension of the policy means customers can rest assured their credit will remain valid for longer as circumstances continue to change.\"We've seen many of our customers using their credits already and we're hopeful Tasman and Pacific travel will be up and running over the coming months. For those wanting to go further afield, we recognise this may take longer, which is why we've extended the window for opting into credit as well as the length of time people have to use that credit.\"With our domestic network now back up and running at around 80 percent of pre-COVID-19 capacity, we're glad to see customers continuing to return to New Zealand's skies. From 1 April 2021 normal fare rules for domestic travel will resume, and customers can continue to book with confidence using our flexible fare options such as Flexidate or Flexitime which provide greater flexibility should they need or wish to change their travel plans.\"We really appreciate our customers standing by us throughout the difficulties of COVID-19. We look forward to getting Kiwis to more destinations on our international network as soon as we're able to.\"EndsIssued by Air New Zealand Communications.Email: media@airnz.co.nz  │  Twitter: @AirNZMedia",
          "author": "",
          "favicon": "https://www.airnewzealand.co.nz/koru-icon-256.png",
          "source": "airnewzealand.co.nz",
          "published": "",
          "ttr": 72
     }
}