{
     "Date": "22/06/2020",
     "Open": "1.505",
     "High": "1.525",
     "Low": "1.47",
     "Close": "1.475",
     "Adj Close": "1.475",
     "Volume": "3203408",
     "Headline": "AirANewAZealand ramps up regional school holiday schedule",
     "link": "https://www.airnewzealand.co.nz/press-release-2020-air-new-zealand-ramps-up-regional-school-holiday-schedule",
     "article": {
          "url": "https://www.airnewzealand.co.nz/press-release-2020-air-new-zealand-ramps-up-regional-school-holiday-schedule",
          "title": "Air New Zealand ramps up regional school holiday schedule",
          "description": "Air New Zealand is adding additional flights to some of the regional routes it flies to for the July school holidays.Routes to see additional flights between 6 July and 19 July include Blenheim, Dunedin,...",
          "links": [
               "https://www.airnewzealand.co.nz/press-release-2020-air-new-zealand-ramps-up-regional-school-holiday-schedule"
          ],
          "image": "",
          "content": "Air New Zealand is adding additional flights to some of the regional routes it flies to for the July school holidays.Routes to see additional flights between 6 July and 19 July include Blenheim, Dunedin, Gisborne, Hamilton, Invercargill, Kerikeri, Napier, New Plymouth, Nelson, Palmerston North, Rotorua, Timaru, Tauranga and Whangārei.Air New Zealand General Manager Networks Scott Carr says the airline's pleased to be able to put on an extra 268 one-way services to many of the regional routes it flies to during the school holidays.\"It's clear lots of people are looking to have a winter escape in the coming weeks so our team has been working to add extra capacity where we can on our regional routes.\"The extra flights include 14 return services on our Wellington-Nelson route, 13 returns on both our Christchurch-Invercargill and Christchurch-Palmerston North routes, as well as 10 additional return services between Christchurch and Nelson and Christchurch and Tauranga.\"The airline announced last week it'll be adding extra capacity on all of its main trunk routes through either extra flights or by upgauging aircraft.Flights are available to book at www.airnz.co.nz.EndsIssued by Air New Zealand Communications.Email: media@airnz.co.nz  │  Phone: +64 21 747 320  │  Twitter: @AirNZMedia",
          "author": "",
          "favicon": "https://www.airnewzealand.co.nz/koru-icon-256.png",
          "source": "airnewzealand.co.nz",
          "published": "",
          "ttr": 40
     }
}