{
     "Date": "24/08/2020",
     "Open": "1.375",
     "High": "1.4",
     "Low": "1.37",
     "Close": "1.385",
     "Adj Close": "1.385",
     "Volume": "2415961",
     "Headline": "AirNewZealand update following Alert Level announcement",
     "link": "https://www.airnewzealand.co.nz/press-release-2020-air-new-zealand-update-alert-level",
     "article": {
          "url": "https://www.airnewzealand.co.nz/press-release-2020-air-new-zealand-update-alert-level",
          "title": "Air New Zealand update following Alert Level announcement",
          "description": "Air New Zealand is supportive of today's news mandating the wearing of masks or face coverings on public transport, including aircraft, from Monday 31 August.",
          "links": [
               "https://www.airnewzealand.co.nz/press-release-2020-air-new-zealand-update-alert-level"
          ],
          "image": "",
          "content": "Air New Zealand is supportive of today's news mandating the wearing of masks or face coverings on public transport, including aircraft, from Monday 31 August.\n24 August 2020\nAir New Zealand Chief Executive Officer Greg Foran says customers flying from Auckland have been required to wear masks while it has been at Alert Level 3 and it has been recommended for customers travelling from other ports.\"We will now start to review our domestic network and will be contacting customers who may be affected by the extension of current Alert Levels.\"We understand the impacts these disruptions cause to our customers and we'll do our best to get our customers to where they need to be.\"Fare flexibility is still in place and the airline encourages those who no longer wish to fly to opt to hold their fare in credit through its online booking tool.The airline has been operating a reduced domestic schedule to and from Auckland while it has been at Alert Level 3. The majority of the rest of Air New Zealand's network has remained unchanged but with physical distancing in place.EndsIssued by Air New Zealand Communications.Email: media@airnz.co.nz  │  Twitter: @AirNZMedia",
          "author": "",
          "favicon": "https://www.airnewzealand.co.nz/koru-icon-256.png",
          "source": "airnewzealand.co.nz",
          "published": "",
          "ttr": 39
     }
}