{
     "Date": "1/05/2023",
     "Open": "0.76",
     "High": "0.765",
     "Low": "0.755",
     "Close": "0.76",
     "Adj Close": "0.76",
     "Volume": "1601966",
     "Headline": "China capacity ramping up as daily Shanghai flights resume",
     "link": "https://www.airnewzealand.co.nz/press-release-2023-air-nz-china-capacity-ramping-up-as-daily-shanghai-flights-resume",
     "article": {
          "url": "https://www.airnewzealand.co.nz/press-release-2023-air-nz-china-capacity-ramping-up-as-daily-shanghai-flights-resume",
          "title": "China capacity ramping up as daily Shanghai flights resume",
          "description": "The bustling cities of China are getting a whole lot closer to New Zealand as capacity between the countries expands from early May.",
          "links": [
               "https://www.airnewzealand.co.nz/press-release-2023-air-nz-china-capacity-ramping-up-as-daily-shanghai-flights-resume"
          ],
          "image": "",
          "content": "The bustling cities of China are getting a whole lot closer to New Zealand as capacity between the countries expands from early May.\n01 May 2023\nAir New Zealand flying daily Auckland-Shanghai from 3 MayAir China resumes flying four times a week Beijing-Auckland from 2 MayTwo services to deliver around 6,500 seats per week between Auckland and China.On 2 May, Air New Zealand's alliance partner Air China will touch down in Auckland for the first time in three years, giving Air New Zealand customers a direct route to Beijing – the world's most populous capital city. The next day, Air New Zealand's Auckland-Shanghai flights return to daily.Air New Zealand Chief Customer and Sales Officer Leanne Geraghty said the resumption of the Beijing-Auckland route and daily flights to Shanghai were major milestones for the airline and for New Zealand's tourism industry as capacity to and from China ramps back up.\"We're thrilled to welcome our alliance partner Air China back to New Zealand and extend our Shanghai route to daily. China is a key market for us and the New Zealand tourism industry. The return of this route will help connect even more Chinese visitors with the amazing experiences New Zealand has to offer.\"A combination of the two services will deliver around 6,500 seats a week between Auckland and China.Pre-pandemic, China was New Zealand's second-largest international visitor market, with 450,000 visitors in 2019 and one of the most valuable in terms of holiday visitor spend, bringing in $1.5 billion.The resumption of the Beijing-Auckland route is part of a strategic alliance between Air New Zealand and Air China.Ms Geraghty said the partnership with Air China would help to stimulate tourism in New Zealand and aid the industry's recovery.\"China is an incredibly important inbound visitor markets, and we expect interest in visiting New Zealand to continue to grow among Chinese travellers. Our strategic alliance with Air China provides additional capacity and improved connectivity, helping us to meet demand and showcase New Zealand as a world-class tourism destination.\"We can't wait to welcome back even more Chinese visitors to our shores and show them the warm and friendly hospitality that New Zealand is known for.\"Air New Zealand and Air China's strategic alliance means that customers of both airlines enjoy reciprocal frequent flyer benefits, such as earning and spending loyalty points and lounge access. Air New Zealand customers also have access to Air China's comprehensive network of more than 300 routes, while Air China customers have access to New Zealand destinations and its Pacific network.Schedules are as follows:From 2 May, Air China's Beijing-Auckland-Beijing services will be:Flight NumberNZ3889 /CA784RouteAKL - PEKDeparture Time19:30Arrival Time04:30+1FrequencyTue, Thu, Sat, SunFlight NumberNZ3888 /CA783RoutePEK - AKLDeparture Time00:55Arrival Time17:30FrequencyTue, Thu, Sat, SunFrom 3 May, Air New Zealand daily Auckland-Shanghai-Auckland schedule will be:Flight NumberNZ289RouteAKL - PVGDeparture Time22:40Arrival Time06:55+1FrequencyMon, Tue, Wed, Thu, Fri, Sat, SunFlight NumberNZ288RoutePVG - AKLDeparture Time14:15Arrival Time05:45FrequencyMon, Tue, Wed, Thu, Fri, Sat, SunEndsEmail: media@airnz.co.nz │Phone: +64 21 747 320│Twitter: @AirNZMedia",
          "author": "",
          "favicon": "https://www.airnewzealand.co.nz/koru-icon-256.png",
          "source": "airnewzealand.co.nz",
          "published": "",
          "ttr": 98
     }
}