{
     "Date": "31/07/2020",
     "Open": "1.33",
     "High": "1.34",
     "Low": "1.32",
     "Close": "1.34",
     "Adj Close": "1.34",
     "Volume": "1325315",
     "Headline": "AirNewZealand's Kia Ora magazine back on board",
     "link": "https://www.airnewzealand.co.nz/press-release-2020-air-new-zealands-kia-ora-magazine-back-on-board",
     "article": {
          "url": "https://www.airnewzealand.co.nz/press-release-2020-air-new-zealands-kia-ora-magazine-back-on-board",
          "title": "Air New Zealand's Kia Ora magazine back on board",
          "description": "Air New Zealand's popular Kia Ora magazine will be back in seat pockets on domestic flights from tomorrow. 31 July 2020 Kia Ora magazine is being published by Bauer Media New Zealand and edited by Virginia...",
          "links": [
               "https://www.airnewzealand.co.nz/press-release-2020-air-new-zealands-kia-ora-magazine-back-on-board"
          ],
          "image": "",
          "content": "Air New Zealand's popular Kia Ora magazine will be back in seat pockets on domestic flights from tomorrow.\n31 July 2020\nKia Ora magazine is being published by Bauer Media New Zealand and edited by Virginia Larson. The magazine had a break during the COVID-19 pandemic with Kia Ora last published in April, celebrating 80 years of the airline.Air New Zealand General Manager Brand &amp; Marketing Jeremy O'Brien says it'll be fantastic to have Kia Ora magazine back on the airline's domestic flights.\"The August edition of Kia Ora magazine has been produced in partnership with long term partner Tourism New Zealand to promote its new campaign 'Do something new, New Zealand'. It features destinations such as Queenstown, Wanaka, Christchurch, Nelson, Wellington, Wairarapa, Ruapehu, Rotorua, New Plymouth and Kerikeri.\"We're pleased to throw our weight behind supporting domestic tourism and we hope this month's Kia Ora inspires Kiwis to check out a destination in their own backyard which has been on their bucket list for a while.\"Tourism New Zealand General Manager Domestic Bjoern Spreitzer says it's been terrific to work with Air New Zealand on the August edition of Kia Ora.\"It's exciting to tell travel stories to New Zealanders and encourage people to do something new in their backyard. New Zealand has so much to offer, but we often put things off because we feel like they will always be there – however now is a really great opportunity to explore.\"Kia Ora magazine is also available online and in the airline's lounges.EndsIssued by Air New Zealand Communications.Email: media@airnz.co.nz  │ Twitter: @AirNZMedia",
          "author": "",
          "favicon": "https://www.airnewzealand.co.nz/koru-icon-256.png",
          "source": "airnewzealand.co.nz",
          "published": "",
          "ttr": 52
     }
}