{
     "Date": "24/01/2020",
     "Open": "3",
     "High": "3.01",
     "Low": "2.955",
     "Close": "2.98",
     "Adj Close": "2.809271",
     "Volume": "3620993",
     "Headline": "Ice cream a firm favourite for AirANewAZealand customers",
     "link": "https://www.airnewzealand.co.nz/press-release-2020-airnz-ice-cream-a-firm-favourite",
     "article": {
          "url": "https://www.airnewzealand.co.nz/press-release-2020-airnz-ice-cream-a-firm-favourite",
          "title": "Ice cream a firm favourite for Air New Zealand customers",
          "description": "With more long weekends on the horizon, many Kiwis will be enjoying an ice cream or two as they head to the beach, bach or barbecues.",
          "links": [
               "https://www.airnewzealand.co.nz/press-release-2020-airnz-ice-cream-a-firm-favourite"
          ],
          "image": "",
          "content": "With more long weekends on the horizon, many Kiwis will be enjoying an ice cream or two as they head to the beach, bach or barbecues.\n24 January 2020\nAir New Zealand data shows New Zealanders' fondness for the creamy treat on the ground extends to inflight consumption, with the airline's customers consuming more than 960,000 servings of ice cream on international flights departing New Zealand in the past year.Total consumption of ice cream on board has grown by more than 20 percent over the past decade. Air New Zealand customers were served more than 860 tonnes of ice cream on their journeys over that period - equivalent to the weight of five 777-300 aircraft.Air New Zealand Senior Manager Customer Experience Niki Chave says this reflects the fact ice cream is a firm customer favourite all year round.\"We've been serving ice cream on board continuously for more than two decades, and in that time we've offered more than 30 different flavours. Out of our largest port, Auckland, we currently serve more than 24,000 individual portions a week.\"It's a treat that takes you back to childhood and makes you think of long summer evenings. It's also a nice palette cleanser after a meal and satisfying to enjoy as you relax and watch a movie.\" Over the past decade the airline has also served more than 4,000 tonnes of milk and 1,000 tonnes of yoghurt in flight, as well as 820 tonnes of cheese on board and in its lounges.EndsIssued by Air New Zealand Communications.Email: media@airnz.co.nz  │  Phone: +64 21 747 320  │  Twitter: @AirNZMedia",
          "author": "",
          "favicon": "https://www.airnewzealand.co.nz/koru-icon-256.png",
          "source": "airnewzealand.co.nz",
          "published": "",
          "ttr": 53
     }
}