{
     "Date": "4/08/2022",
     "Open": "0.625",
     "High": "0.625",
     "Low": "0.615",
     "Close": "0.62",
     "Adj Close": "0.62",
     "Volume": "2955543",
     "Headline": "AirNewZealand second airline globally to announce ambitious science-based emissions reduction target",
     "link": "https://www.airnewzealand.co.nz/press-release-2022-airnz-second-airline-globally-to-announce-ambitious-science-based-emissions-reduction-target",
     "article": {
          "url": "https://www.airnewzealand.co.nz/press-release-2022-airnz-second-airline-globally-to-announce-ambitious-science-based-emissions-reduction-target",
          "title": "Air New Zealand second airline globally to announce ambitious science-based emissions reduction target",
          "description": "Air New Zealand has taken another important step on its Flight NZ0 journey by setting an ambitious science-based target to reduce carbon emissions by 2030.",
          "links": [
               "https://www.airnewzealand.co.nz/press-release-2022-airnz-second-airline-globally-to-announce-ambitious-science-based-emissions-reduction-target"
          ],
          "image": "",
          "content": "Air New Zealand has taken another important step on its Flight NZ0 journey by setting an ambitious science-based target to reduce carbon emissions by 2030.The interim target, validated by the Science Based Targets initiative (SBTi), requires a 28.9% reduction in carbon intensity by 2030, from a 2019 baseline. This equates to a 16.3% reduction in absolute emissions over the period.Science-based targets validated by the SBTi show companies how much and how quickly they need to reduce their greenhouse gas (GHG) emissions to prevent the worst effects of climate change. Setting a science-based target allows businesses to set a robust and credible carbon reduction target that is independently assessed to ensure it aligns with the latest climate science.Air New Zealand Chief Operational Integrity and Safety Officer David Morgan says this is a critical milestone on the airline's journey to net zero carbon emissions by 2050 as it provides a clear signal of where we need to be by 2030, in order to meet the 2050 goal.\"This interim target will drive activity today and set the airline up for success in achieving its net zero 2050 target.\"\"Getting the target validated by the SBTi was a rigorous process and something we are incredibly proud to have achieved. Our GHG emissions were reviewed in detail by the SBTi to ensure we had an accurate emissions baseline and science-based target set.\"This target makes us accountable today. Implementing our decarbonisation roadmap will be critical to achieving this target - with sustainable aviation fuel (SAF), continued fleet renewal, operational efficiency, and zero emissions aircraft technologies all playing a role.\"Our key focus areas are SAF and the adoption of zero emissions aircraft technologies as they have the potential to reduce our emissions by approximately 70% by 2050. We already have several initiatives in the works including a partnership with the Government to scope the feasibility of a SAF production plant in New Zealand and our world-leading Product Requirements Document currently in market to accelerate the development of hydrogen, electric, and hybrid aircraft. These are the initiatives that will drive real change in reducing our emissions and we're incredibly focused on delivering them as quickly as possible.\"Chair of Air New Zealand's external Sustainability Advisory Panel Sir Jonathon Porritt says there are two things all passengers should look to when assessing an airline's response to accelerating climate change: ambition level and trustworthiness.\"In a sector where it will be challenging to make rapid and authentic change, Air New Zealand is to be congratulated on setting this science-based target to demonstrate its sincerity of intent. A 16.3% absolute reduction by 2030 is certainly achievable, but it will be hard. And its readiness to be held to account by the SBTi (and other stakeholders) is significant.\"As the world continues to understand the full extent of the climate emergency, every airline will need to set equivalent targets - and then deliver on them, come what may.\"Notes to editor ** Carbon intensity means the GHG emissions per revenue tonne kilometre (RTK). RTK is a measure of passenger and cargo payload carried by Air New Zealand.The target requires Air New Zealand to reduce the carbon intensity associated with the \"well to wake\" emissions from the jet fuel it uses. These are the entire life cycle emissions of the jet fuel and includes emissions from the use of jet fuel in flight (referred to as scope 1 emissions) as well as the emissions generated by the extraction, production, and distribution of that fuel (referred to as category 3, scope 3 emissions).Air New Zealand's target is aligned to a 'well-below 2°C' pathway. The SBTi is developing a more ambitious 1.5°C aligned methodology for aviation. Air New Zealand will continue to engage with the SBTi on this methodology and will evaluate the 1.5°C pathway once it is released.Air New Zealand will track and report its progress against the target annually.More information on Air New Zealand's Flight NZ0 journey here. EndsIssued by Air New Zealand Communications.Email: media@airnz.co.nz │ Twitter: @AirNZMedia",
          "author": "",
          "favicon": "https://www.airnewzealand.co.nz/koru-icon-256.png",
          "source": "airnewzealand.co.nz",
          "published": "",
          "ttr": 132
     }
}