{
     "Date": "23/08/2021",
     "Open": "1.44",
     "High": "1.45",
     "Low": "1.43",
     "Close": "1.44",
     "Adj Close": "1.44",
     "Volume": "755446",
     "Headline": "Reduced domestic network extended",
     "link": "https://www.airnewzealand.co.nz/press-release-2021-reduced-domestic-network-extended",
     "article": {
          "url": "https://www.airnewzealand.co.nz/press-release-2021-reduced-domestic-network-extended",
          "title": "Reduced domestic network extended",
          "description": "The New Zealand Government announcement that Alert Level 4 is further extended across the country until at least 11:59pm Friday 27 August and in Auckland until at least 11:59pm Tuesday 31 August. Following this, Air New Zealand will continue to operate a reduced schedule of flights across the country.",
          "links": [
               "https://www.airnewzealand.co.nz/press-release-2021-reduced-domestic-network-extended"
          ],
          "image": "",
          "content": "The New Zealand Government announcement that Alert Level 4 is further extended across the country until at least 11:59pm Friday 27 August and in Auckland until at least 11:59pm Tuesday 31 August. Following this, Air New Zealand will continue to operate a reduced schedule of flights across the country.\n23 August 2021\nThe airline's domestic network for the next week is as follows:Date25 - 26 August RouteAuckland - ChristchurchServices per day2 x return servicesDateRouteAuckland - WellingtonServices per day1 x return servicesDateRouteWellington - ChristchurchServices per day2 x return servicesDateRouteNelson - WellingtonServices per day1 x return servicesDate27 AugustRouteAuckland - ChristchurchServices per day2 x return servicesDateRouteAuckland - WellingtonServices per day1 x return servicesDateRouteWellington - ChristchurchServices per day2 x return servicesDateRouteNelson - WellingtonServices per day1 x return servicesDateRouteChristchurch - DunedinServices per day1 x return servicesDate28 - 29 AugustRouteAuckland - ChristchurchServices per day1 x return servicesDateRouteAuckland - WellingtonServices per day1 x return servicesDateRouteWellington - ChristchurchServices per day1 x return servicesDate30 AugustRouteAuckland - ChristchurchServices per day2 x return servicesDateRouteAuckland - WellingtonServices per day1 x return servicesDateRouteWellington - ChristchurchServices per day2 x return servicesDateRouteNelson - WellingtonServices per day1 x return servicesDateRouteChristchurch - DunedinServices per day1 x return servicesDate31 AugustRouteAuckland - ChristchurchServices per day2 x return servicesDateRouteAuckland - WellingtonServices per day1 x return servicesDateRouteWellington - ChristchurchServices per day2 x return servicesDateRouteNelson - WellingtonServices per day1 x return servicesCustomers who are booked to travel during Alert Level 4 do not need to do anything. They will receive a cancellation email, and their booking will be held in credit. Customers will have 12 months from the day their credit is processed to book a flight, and another 12 months to travel. Those who have booked through a third party will need to contact their agent.Those who need to travel while the country is at Alert Level 4 should check their eligibility on the Government's COVID-19 website. Customers who meet the criteria and still wish to travel should call the Air New Zealand Contact Centre who will assist with their booking. Customers will also need to carry a letter or evidence confirming they are travelling for essential purposes.Customers returning from Rarotonga over the Alert Level 4 period will be accommodated (if needed) and able to travel home on our limited domestic network. Any customers (from Rarotonga) travelling on a separate domestic ticket should call the Air New Zealand Contact Centre who will rebook their connecting flight free of charge.For the latest information, customers can check the Air New Zealand COVID-19 Hub and travel alerts page.EndsIssued by Air New Zealand Communications.Email: media@airnz.co.nz │ Twitter: @AirNZMedia",
          "author": "",
          "favicon": "https://www.airnewzealand.co.nz/koru-icon-256.png",
          "source": "airnewzealand.co.nz",
          "published": "",
          "ttr": 85
     }
}