{
     "Date": "6/04/2023",
     "Open": "0.765",
     "High": "0.775",
     "Low": "0.765",
     "Close": "0.775",
     "Adj Close": "0.775",
     "Volume": "578013",
     "Headline": "Hop Onboard with AirNewZealand for Easter Holidays",
     "link": "https://www.airnewzealand.co.nz/press-release-2023-hop-onboard-with-air-new-zealand-for-easter-holidays",
     "article": {
          "url": "https://www.airnewzealand.co.nz/press-release-2023-hop-onboard-with-air-new-zealand-for-easter-holidays",
          "title": "Hop Onboard with Air New Zealand for Easter Holidays",
          "description": "As Easter approaches, Air New Zealand is egg-cited to welcome an anticipated 210,000 customers onboard, an impressive 68% increase from last year.",
          "links": [
               "https://www.airnewzealand.co.nz/press-release-2023-hop-onboard-with-air-new-zealand-for-easter-holidays"
          ],
          "image": "",
          "content": "As Easter approaches, Air New Zealand is egg-cited to welcome an anticipated 210,000 customers onboard, an impressive 68% increase from last year.210,000 customers across the Easter season (up 68% on 2022)A total 700,000 customers travelling across April school holidaysServing hot cross buns and Easter treats onboard and in loungesRolling out new kid-friendly headphones and Kia Ora Kids activity book for the kidsWith flights departing to around 50 destinations, Air New Zealand is ready to whisk customers away on their holiday break.Air New Zealand's busiest day is today (Thursday 6 April), when 50,000 Easter bunnies will be hopping onboard to start their Easter break early. Popular domestic destinations across Easter weekend include Christchurch, Wellington and Queenstown while popular international routes include Sydney, Melbourne, Brisbane, and further afield Singapore, Houston and Los Angeles.Air New Zealand Chief Customer and Sales Officer Leanne Geraghty says Air New Zealand is delighted to see so many customers hopping onboard with us this Easter season.\"Nothing says 'Easter' quite like a hot cross bun! We'll be serving up some fresh buns and other Easter treats onboard flights and in our lounges to help get everyone into the holiday spirit.\"But the Easter season is not the only time Air New Zealand expects a flurry of activity.\"During the April school holidays, we expect to carry more than 700,000 passengers across our network, making it one of the busiest periods of the year. Families will be flying to popular domestic destinations such as Rotorua, Queenstown, and the Bay of Islands to make the most of the school break\"Our airports team and cabin crew will be looking after the 5,800 unaccompanied minors travelling on our network during this time.\"We'll also be welcoming around 800 pets over the school holiday period.\"Air New Zealand is also rolling out several initiatives to help keep children entertained and engaged during the flight.\"We know traveling with kids can come with its challenges, which is why we're rolling out new kid-friendly headphones that fit smaller ears and re-introducing our popular Kia Ora Kids activity book. We're always looking for ways to make the travel experience better for our smallest flyers.\"Whether customers are traveling with their family or flying solo for an egg-scape, we're here to help them relax, unwind, and enjoy their journey with us.\"As we approach the busy Easter season and school holidays, Air New Zealand would like to remind all customers to be prepared for potential delays and longer wait times at the airport.\"While we're excited to have so many customers flying with us this Easter season, we also want to remind everyone that airports may be busy during this time. We encourage customers to plan ahead and leave plenty of time to get through security and to your gate. Checking in online and packing light are golden rules to make the journey easier.\"EndsNote to editor: Easter dates are 6-11 April and school holiday dates are 6-23 April.Issued by Air New Zealand Communications.Email: media@airnz.co.nz │Phone: +64 21 747 320│Twitter: @AirNZMedia",
          "author": "",
          "favicon": "https://www.airnewzealand.co.nz/koru-icon-256.png",
          "source": "airnewzealand.co.nz",
          "published": "",
          "ttr": 99
     }
}