{
     "Date": "8/07/2022",
     "Open": "0.635",
     "High": "0.64",
     "Low": "0.62",
     "Close": "0.625",
     "Adj Close": "0.625",
     "Volume": "2660033",
     "Headline": "AirNewZealand increases capacity to Los Angeles and Seoul",
     "link": "https://www.airnewzealand.co.nz/press-release-2022-airnz-increases-capacity-to-los-angeles-and-seoul",
     "article": {
          "url": "https://www.airnewzealand.co.nz/press-release-2022-airnz-increases-capacity-to-los-angeles-and-seoul",
          "title": "Air New Zealand increases capacity to Los Angeles and Seoul",
          "description": "Air New Zealand will boost capacity between Auckland and two of its popular destinations - Los Angeles and Seoul, adding an additional 21,200 seats between the two routes.",
          "links": [
               "https://www.airnewzealand.co.nz/press-release-2022-airnz-increases-capacity-to-los-angeles-and-seoul"
          ],
          "image": "",
          "content": "Air New Zealand will boost capacity between Auckland and two of its popular destinations - Los Angeles and Seoul, adding an additional 21,200 seats between the two routes.\n8 July 2022\nBetween 15 August and 29 October 2022, Air New Zealand will increase frequency between Auckland and Los Angeles from seven to ten services per week on its Boeing 787-9 Dreamliner aircraft to compliment its daily Boeing 777 service.Services between Auckland and Seoul will increase from one per week to two a week between 12 September and 24 October 2022 and will operate on a Boeing 787-9 Dreamliner aircraft.Air New Zealand Chief Customer Sales Officer Leanne Geraghty says the changes come in response to pent up demand from customers travelling in both directions.\"With the New Zealand border fully opened and the reduction in Covid travel restrictions, customers are telling us they're ready to travel. With the return of international tourism, these additional flights will give customers more options and opportunities to experience the joy of travel once again.\"\"The extra capacity will add 33% more seats on the Los Angeles route each week and double that on Seoul. This extra capacity will ensure we meet the growing demand we've been seeing for travel over the last month.\"Auckland and Los Angeles flight schedule between 15 August and 29 October 2022:Flight numberNZ4OriginAucklandDestinationLos AngelesDeparts23:15Arrives16:20AircraftBoeing 787FrequencyWed, Fri, SunFlight numberNZ3OriginLos AngelesDestinationAucklandDeparts22:50Arrives6:45AircraftBoeing 787FrequencyWed, Fri, SunFlight numberNZ6OriginAucklandDestinationLos AngelesDeparts20:15Arrives13:20AircraftBoeing 777FrequencyDailyFlight numberNZ5OriginLos AngelesDestinationAucklandDeparts21:50Arrives5:45AircraftBoeing 777FrequencyDailyAuckland and Seoul flight schedule between 12 September to 24 October 2022:Flight numberNZ75OriginAucklandDestinationSeoulDeparts9:55Arrives18:55AircraftBoeing 787FrequencyFri, SunFlight numberNZ76OriginSeoulDestinationAucklandDeparts16:50Arrives7:05AircraftBoeing 787FrequencyMon, SatFlight numberNZ75OriginAucklandDestinationSeoulDeparts10:55Arrives18:55AircraftBoeing 787FrequencyFri, SunFlight numberNZ76OriginSeoulDestinationAucklandDeparts16:50Arrives8:05AircraftBoeing 787FrequencyMon, SatFares for the additional flights are on sale now at www.airnewzealand.com.EndsIssued by Air New Zealand Communications.Email: media@airnz.co.nz │ Twitter: @AirNZMedia",
          "author": "",
          "favicon": "https://www.airnewzealand.co.nz/koru-icon-256.png",
          "source": "airnewzealand.co.nz",
          "published": "",
          "ttr": 56
     }
}