{
     "Date": "29/06/2023",
     "Open": "0.775",
     "High": "0.78",
     "Low": "0.775",
     "Close": "0.78",
     "Adj Close": "0.78",
     "Volume": "648812",
     "Headline": "Swifties assemble: AirNewZealand adding new flights to get fans across the ditch",
     "link": "https://www.airnewzealand.co.nz/press-release-2023-swifties-assemble-air-new-zealand-adding-new-flights-to-get-fans-across-the-ditch",
     "article": {
          "url": "https://www.airnewzealand.co.nz/press-release-2023-swifties-assemble-air-new-zealand-adding-new-flights-to-get-fans-across-the-ditch",
          "title": "Swifties assemble: Air New Zealand adding new flights to get fans across the ditch ",
          "description": "29 June 2023 More than 2,000 new seats to be added around Taylor Swift concert datesNew flights from Wellington, Christchurch, and Auckland to Melbourne and SydneyAdditional capacity on sale from 2:00pm...",
          "links": [
               "https://www.airnewzealand.co.nz/press-release-2023-swifties-assemble-air-new-zealand-adding-new-flights-to-get-fans-across-the-ditch"
          ],
          "image": "",
          "content": "\n29 June 2023\nMore than 2,000 new seats to be added around Taylor Swift concert datesNew flights from Wellington, Christchurch, and Auckland to Melbourne and SydneyAdditional capacity on sale from 2:00pm tomorrowAir New Zealand is adding more than 2,000 seats to its network to cater to the 'Swift surge' in demand following the announcement of Taylor Swift's Australian tour dates.This will include new return flights from Wellington, Christchurch, and Auckland to Sydney and Melbourne, along with additional seats on existing flights. The airline has even planted a surprise for fans, naming some of the new flights 'NZ1989'.News of the pop star's New Zealand omission on the Eras Tour calendar means Kiwi Swifties have had to look offshore to get their hands on tickets.Air New Zealand Chief Customer and Sales Officer Leanne Geraghty says the airline knows thousands of Kiwi fans will be looking to secure tickets – and flights – to see Taylor Swift live.\"When tour dates for Taylor Swift's Eras Tour were released last week, we saw a surge in demand for the final day of our Tasman sale with more than 3,500 Kiwis booking flights to coincide with concert dates.\"Now, as general release goes live tomorrow, we're expecting another surge in demand for travel. To get more Swifties to Australia, we've added more than 2,000 seats around the concert dates so fans can travel to the show in 'Style' with Air New Zealand.\"The additional seats will be available for sale at 2:00pm tomorrow. \"Fans hoping to secure their flights will have to act fast, we expect the additional capacity will sell out swiftly.\"During high demand periods, fares increase so we can manage a small supply of seats for last minute travel. We also typically see higher demand and hence pricing for late week and weekend travel dates. We recommend Swifties get on board with booking flights early so they don't miss out.\"EndsIssued by Air New Zealand Communications.Email: media@airnz.co.nz │Twitter: @AirNZMedia",
          "author": "",
          "favicon": "https://www.airnewzealand.co.nz/koru-icon-256.png",
          "source": "airnewzealand.co.nz",
          "published": "",
          "ttr": 65
     }
}