{
     "Date": "6/08/2020",
     "Open": "1.335",
     "High": "1.335",
     "Low": "1.31",
     "Close": "1.335",
     "Adj Close": "1.335",
     "Volume": "945871",
     "Headline": "AirNewZealand RNP makes Queenstown ATR flights more reliable",
     "link": "https://www.airnewzealand.co.nz/press-release-2020-air-new-zealand-rnp-makes-queenstown-atr-flights-more-reliable",
     "article": {
          "url": "https://www.airnewzealand.co.nz/press-release-2020-air-new-zealand-rnp-makes-queenstown-atr-flights-more-reliable",
          "title": "Air New Zealand RNP makes Queenstown ATR flights more reliable",
          "description": "Air New Zealand’s ATR turboprop flights into and out of Queenstown are set to benefit from Required Navigation Performance (RNP AR) technology.",
          "links": [
               "https://www.airnewzealand.co.nz/press-release-2020-air-new-zealand-rnp-makes-queenstown-atr-flights-more-reliable"
          ],
          "image": "",
          "content": "Air New Zealand's ATR turboprop flights into and out of Queenstown are set to benefit from Required Navigation Performance (RNP AR) technology.\n6 August 2020\nIn 2016, the airline entered into a partnership with aircraft manufacturer ATR to equip its 68-seat turboprop fleet with RNP AR. The technology enables pilots to fly to lower altitudes with a more precise and efficient route into the airport, saving fuel and emissions and helping reduce the impact of bad weather on services.Air New Zealand Chief Operational Integrity and Safety Officer Captain David Morgan says RNP is now operational on the airline's ATRs operating to and from Queenstown.\"While all aircraft were upgraded with the necessary equipment last year, we have been working through a programme of training with our pilots, with oversight from the Civil Aviation Authority (CAA). In the past month we have reached a major milestone with this project in receiving approval from the CAA to proceed with full RNP AR operations into and out of Queenstown.\"\"This is fantastic news for our customers. The benefits of the technology mean that, even when the weather at Queenstown Airport is poor, disruptions to ATR passenger services are expected to be significantly reduced.\"The airline has 27 ATR 72-600 aircraft in its fleet. The airline's larger A320 aircraft, which also operate to and from Queenstown, are already RNP AR enabled.EndsIssued by Air New Zealand Communications.Email: media@airnz.co.nz  │ Twitter: @AirNZMedia",
          "author": "",
          "favicon": "https://www.airnewzealand.co.nz/koru-icon-256.png",
          "source": "airnewzealand.co.nz",
          "published": "",
          "ttr": 47
     }
}