{
     "Date": "15/01/2021",
     "Open": "1.71",
     "High": "1.75",
     "Low": "1.705",
     "Close": "1.735",
     "Adj Close": "1.735",
     "Volume": "946861",
     "Headline": "AirNewZealand says 'aere mai' to Rarotonga",
     "link": "https://www.airnewzealand.co.nz/press-release-2021-air-new-zealand-one-way-travel-from-rarotonga",
     "article": {
          "url": "https://www.airnewzealand.co.nz/press-release-2021-air-new-zealand-one-way-travel-from-rarotonga",
          "title": "Air New Zealand says ‘aere mai’ to Rarotonga",
          "description": "Air New Zealand is delighted to offer services from Rarotonga to New Zealand after the recent announcement of a one-way quarantine-free travel route. This is the first step of the phased approach to two-way quarantine-free travel between the two nations.",
          "links": [
               "https://www.airnewzealand.co.nz/press-release-2021-air-new-zealand-one-way-travel-from-rarotonga"
          ],
          "image": "",
          "content": "Air New Zealand is delighted to offer services from Rarotonga to New Zealand after the recent announcement of a one-way quarantine-free travel route. This is the first step of the phased approach to two-way quarantine-free travel between the two nations.\n15 January 2021\nFlights from the Cook Islands to New Zealand are on sale now and Air New Zealand looks forward to welcoming the first flight into Auckland on 21 January at 10:50am.Air New Zealand will operate two flights per week, departing Rarotonga on Wednesdays and Saturdays using the airline's A320 fleet.Air New Zealand Chief Executive Officer Greg Foran says the airline is proud to be bringing our Rarotongan neighbours to New Zealand and making headway with two-way safe quarantine-free travel.\"This is fantastic news for both Cook Islanders and New Zealanders. We know many Cook Islanders will be eager to connect with friends and family in New Zealand, and we look forward to seeing what a two-way quarantine-free travel arrangement will look like.\"\"Of course safety is our first priority for our customers and staff. We've been working closely with both governments, relevant agencies and airports on what is required to keep our customers and staff safe once travel opens up.\"Health checks for quarantine-free travel from Cook Islands to New Zealand will occur both at Rarotonga International Airport and in Auckland Airport on arrival.Customers travelling from Rarotonga to New Zealand will be required to wear masks inflight and will arrive at Auckland Airport into a designated area separated from passengers arriving on quarantine flights.EndsIssued by Air New Zealand Communications.Email: media@airnz.co.nz  │  Twitter: @AirNZMedia",
          "author": "",
          "favicon": "https://www.airnewzealand.co.nz/koru-icon-256.png",
          "source": "airnewzealand.co.nz",
          "published": "",
          "ttr": 53
     }
}