{
     "Date": "4/02/2020",
     "Open": "2.715",
     "High": "2.76",
     "Low": "2.715",
     "Close": "2.745",
     "Adj Close": "2.587734",
     "Volume": "2369362",
     "Headline": "AirANewAZealand charter flight to Wuhan lands in Hong Kong",
     "link": "https://www.airnewzealand.co.nz/press-release-2020-airnz-charter-flight-to-wuhan-lands-in-hong-kong",
     "article": {
          "url": "https://www.airnewzealand.co.nz/press-release-2020-airnz-charter-flight-to-wuhan-lands-in-hong-kong",
          "title": "Air New Zealand charter flight to Wuhan lands in Hong Kong",
          "description": "The Air New Zealand aircraft operating the Government's repatriation flight from Wuhan has arrived in Hong Kong. The Boeing 777-200 is expected to depart Hong Kong for Wuhan later this evening (local time)...",
          "links": [
               "https://www.airnewzealand.co.nz/press-release-2020-airnz-charter-flight-to-wuhan-lands-in-hong-kong"
          ],
          "image": "",
          "content": "The Air New Zealand aircraft operating the Government's repatriation flight from Wuhan has arrived in Hong Kong.\nThe Boeing 777-200 is expected to depart Hong Kong for Wuhan later this evening (local time) and is scheduled to depart Wuhan for Auckland before midnight local time.NZ1942 Wuhan to Auckland is expected to arrive at Auckland International Airport on Wednesday afternoon (NZT).The flight will be operated by a team of 20 Air New Zealand employees who volunteered for the special mission. This includes five pilots, 11 cabin crew and medical and engineering staff.Air New Zealand Chief Operational Integrity and Standards Officer Captain David Morgan says there will be New Zealand, Australian and Pacific Island nationals on the flight back from Wuhan.\"We are pleased to be able to support the New Zealand Government with the repatriation of New Zealanders and other foreign nationals from Wuhan in China's Hubei province.\"The Air New Zealand crew who have volunteered for this flight are amongst some of our most experienced pilots and crew. They will be under the command of a captain who has more than 30 years' experience with the airline.Captain Morgan says the wellbeing of passengers and crew is Air New Zealand's top priority and it is implementing infection control measures advised by the Ministry of Health and the airline's Chief Medical Officer.\"There will be minimal interaction between cabin crew and passengers, and pilots will not come into contact with passengers. Crew will wear appropriate personal protection gear while assisting passengers during the service.\"Captain Morgan thanked Chinese officials and New Zealand Government representatives for their efforts to facilitate the necessary approvals to make the repatriation flight happen.\"We have been highly impressed by the way in which Chinese officials have put the necessary approvals in place given the extra ordinary circumstance that they are dealing with in Wuhan,\" he says.Wuhan - Auckland charter Flight number: NZ1942Aircraft: Boeing 777-200Capacity: 312 seatsExpected flight time: 13 hoursThe schedule for the charter is as follows (all local times). Please note, due to the complexity of this operation, these times may be subject to change.Note to editors:Images of an Air New Zealand Boeing 777-200 and an infographic of the flight path is available here.EndsIssued by Air New Zealand Communications.Email: media@airnz.co.nz  │  Phone: +64 21 747 320  │  Twitter: @AirNZMedia",
          "author": "",
          "favicon": "https://www.airnewzealand.co.nz/koru-icon-256.png",
          "source": "airnewzealand.co.nz",
          "published": "",
          "ttr": 76
     }
}