{
     "Date": "10/05/2023",
     "Open": "0.745",
     "High": "0.755",
     "Low": "0.735",
     "Close": "0.755",
     "Adj Close": "0.755",
     "Volume": "1688785",
     "Headline": "AirNewZealand announces more about its world-first bunkbeds",
     "link": "https://www.airnewzealand.co.nz/press-release-2023-air-nz-announces-more-about-its-worlds-first-bunkbeds",
     "article": {
          "url": "https://www.airnewzealand.co.nz/press-release-2023-air-nz-announces-more-about-its-worlds-first-bunkbeds",
          "title": "Air New Zealand announces more about its world-first bunkbeds",
          "description": "Air New Zealand has today revealed more details around its Skynest – the world's first sleep pods in the sky.Skynest confirmed on New York and Chicago routes from 2024Will be designed and installed in...",
          "links": [
               "https://www.airnewzealand.co.nz/press-release-2023-air-nz-announces-more-about-its-worlds-first-bunkbeds"
          ],
          "image": "",
          "content": "Air New Zealand has today revealed more details around its Skynest – the world's first sleep pods in the sky.Skynest confirmed on New York and Chicago routes from 2024Will be designed and installed in Aotearoa New ZealandMore details about what Skynest includesThe announcement was made at TRENZ – New Zealand's largest international tourism business event – where a real-life Skynest experience was available for the first time.Air New Zealand Chief Customer and Sales Officer Leanne Geraghty says Skynest is going to be a real game changer, adding more flexibility to the economy travel experience.\"Our 83-year history is marked by a commitment to innovation and pushing the boundaries of what's possible. SkyNest is the latest example, and we're proud to be leading the way with this world-first cabin feature.\"SkyNest has captured the imagination of a global audience and its uniqueness has already been acknowledged by multiple awards – the latest being a finalist in the Crystal Cabin Awards. We're delighted that customers are as excited about this new innovation as we are. Our extensive research and design process, which spanned five years and 170,000 hours, has resulted in a product that we're confident will revolutionise the in-flight experience for Economy passengers.\"Skynest to feature on ultra-longhaul flights\"We're delighted to announce that our innovative Economy Skynest will be launching on ultra-long haul flights, starting with the popular Auckland - New York and Auckland - Chicago routes.\"North America is the perfect market for Skynest, as it has a premium segment that values comfort and sleep during long-haul travel.\"With our ultra-long haul routes to destinations such as New York and Chicago, Skynest provides a unique and innovative way for our passengers to rest and recharge, making their journey with us even more enjoyable. By launching Skynest on these routes, we are bringing to life our commitment to providing choice, alongside the best possible experience for our passengers, and to continue to innovate and lead the way in the aviation industry.Skynest to be designed and installed in New Zealand\"As a proudly New Zealand company, we're delighted to announce that Skynest will be designed and installed right here in Aotearoa.\"While our overall 787 refit will occur offshore in the best Boeing facilities, our best engineers and designers will develop SkyNest in New Zealand, using the latest in cutting-edge technology and design.More details about SkynestThe Skynest will be a six-pod configured sleep zone that offers sessions for economy passengers to lie down when travelling long haul. It will be available from September 2024.Each pod will include a full-size pillow, sheets and blanket, ear plugs, a separate reading light, personal device USB outlet, ventilation outlet, and lighting designed for rest.Each passenger will be limited to one session, with families travelling on the same ticket able to book a session for each passenger, pending availability. Skynest provides economy passengers another opportunity to lie flat and rest during longer flights.The Skynest will be located between Premium Economy and Economy, and each pod will come with a separate seatbelt to ensure passengers can fasten them and stay in the pod should the seat belt sign come on during turbulence. The bedding will be changed between each session, and a 30-minute transition time will be allowed for this. The lights will gently come on at the end of each session, and crew will politely wake any passengers who sleep through this.\"We're still working through the exact details of how the booking process will work, and we have yet to determine the price. At this stage are looking at around $400 to $600 for the 4-hour period.\"More information on Air New Zealand's new Skynest and Cabin of Possibility can be found here.EndsSkynest images can be found at: https://airnz.sharefile.com/d-s00ac933b00fd43eea7562b375fbf6f8d.Issued by Air New Zealand Communications.",
          "author": "",
          "favicon": "https://www.airnewzealand.co.nz/koru-icon-256.png",
          "source": "airnewzealand.co.nz",
          "published": "",
          "ttr": 124
     }
}