{
     "Date": "8/06/2022",
     "Open": "0.64",
     "High": "0.645",
     "Low": "0.635",
     "Close": "0.635",
     "Adj Close": "0.635",
     "Volume": "1623297",
     "Headline": "AirNewZealand appoints Chief Sustainability Officer",
     "link": "https://www.airnewzealand.co.nz/press-release-2022-airnz-appoints-chief-sustainability-officer",
     "article": {
          "url": "https://www.airnewzealand.co.nz/press-release-2022-airnz-appoints-chief-sustainability-officer",
          "title": "Air New Zealand appoints Chief Sustainability Officer",
          "description": "Kiri Hannifin has been appointed to the newly created role of Chief Sustainability Officer, an executive position recognising the importance of sustainability across all aspects of the company's operation and increased focus the airline is placing on addressing its environmental impact.",
          "links": [
               "https://www.airnewzealand.co.nz/press-release-2022-airnz-appoints-chief-sustainability-officer"
          ],
          "image": "",
          "content": "Kiri Hannifin has been appointed to the newly created role of Chief Sustainability Officer, an executive position recognising the importance of sustainability across all aspects of the company's operation and increased focus the airline is placing on addressing its environmental impact.\n8 June 2022\nMs Hannifin is the Director of Corporate Affairs, Quality, Health &amp; Safety and Sustainability at Countdown. Since 2017 she has spearheaded the company's programme to reduce emissions, managed the health, safety and wellbeing of the company's 21,000 staff and led its internal and external stakeholder management activity.Air New Zealand Chief Executive Officer Greg Foran says sustainability is the biggest issue facing the airline's future and requires increased focus from a leader who will be a passionate public advocate for the changes all stakeholders need to make to deliver real change.\"As we rebuild Air New Zealand, we need to advance the extensive work already undertaken to become a truly sustainable airline. Kiri's experience in driving change across the supply chain, engaging customers via tangible measures such as removing plastic bags from stores and diverting food waste from landfill will help our efforts move to a new level,\" says Mr Foran.Kiri Hannifin will join Air New Zealand on December 5. She holds an LLB and BA in Political Science from Canterbury University.EndsIssued by Air New Zealand Communications.Email: media@airnz.co.nz  │  Twitter: @AirNZMedia",
          "author": "",
          "favicon": "https://www.airnewzealand.co.nz/koru-icon-256.png",
          "source": "airnewzealand.co.nz",
          "published": "",
          "ttr": 45
     }
}