{
     "Date": "14/04/2022",
     "Open": "0.845",
     "High": "0.855",
     "Low": "0.835",
     "Close": "0.855",
     "Adj Close": "0.855",
     "Volume": "4388320",
     "Headline": "AirNewZealand resumes flights to more North American destinations",
     "link": "https://www.airnewzealand.co.nz/press-release-2022-air-new-zealand-resumes-flights-to-more-north-american-destinations",
     "article": {
          "url": "https://www.airnewzealand.co.nz/press-release-2022-air-new-zealand-resumes-flights-to-more-north-american-destinations",
          "title": "Air New Zealand resumes flights to more North American destinations",
          "description": "Today, Air New Zealand resumes its non-stop service to San Francisco, and looks forward to resuming services to Honolulu on 4 July and to Houston on 7 July.",
          "links": [
               "https://www.airnewzealand.co.nz/press-release-2022-air-new-zealand-resumes-flights-to-more-north-american-destinations"
          ],
          "image": "",
          "content": "Today, Air New Zealand resumes its non-stop service to San Francisco, and looks forward to resuming services to Honolulu on 4 July and to Houston on 7 July.\n14 April 2022\nThis follows the airline recently announcing commencement of its new service between Auckland and New York, JFK from 17 September 2022, and the airline carrying passengers daily between Auckland and Los Angeles since March this year. Air New Zealand has also been flying three times a week to Vancouver since February.The services to San Francisco will initially operate three times a week with state-of-the-art Boeing 787 Dreamliner aircraft, meaning that customers flying these routes will be able to enjoy the airline's uniquely kiwi Business Premier, Premium Economy and Economy Skycouch product offerings.The configuration of the Boeing 787 Dreamliner that will service these routes offers more Premium seats than other Dreamliners in the airline's fleet.\"Recommencing services across our North America routes as the border reopens is another step towards the gradual resumption of flights to destinations across our international network,\" says Air New Zealand Chief Customer and Sales Officer Leanne Geraghty.\"Our North America network plays a key role in our Kia Mau Thrive strategy, so it's great to be able to reopen another important port into the region. San Francisco is a year-round destination for Kiwis and equally, an important departure point for Americans looking to visit New Zealand and Australia.\"\"With our strong partnership with United Airlines, our customers can fly daily to hundreds of domestic destinations across the USA. And with our Star Alliance and other alliances partners, we also offer multiple international connecting opportunities to Canada, UK and Europe.\"Flight schedule for Auckland – San Francisco from 14 AprilFlight No.NZ8Aircraft787-9 DreamlinerDepartsAuckland7:45pmArrivesSan Francisco1:05pmFrequencyTue, Thu, SatFlight No.NZ7Aircraft787-9 DreamlinerDepartsSan Francisco10:05pmArrivesAuckland6:10amFrequencyTue, Thu, SatFlight schedule for Auckland – Honolulu from 4 JulyFlight No.NZ10Aircraft787-9 DreamlinerDepartsAuckland9:55pmArrivesHonolulu8:30amFrequencyTue, Thu, SunFlight No.NZ9Aircraft787-9 DreamlinerDepartsHonolulu10:00amArrivesAuckland5:00pmFrequencyTue, Thu, SunFlight schedule for Auckland - Houston from 7 JulyFlight No.NZ28Aircraft787-9 DreamlinerDepartsAuckland7:45pmArrivesHouston4:20pmFrequencyMon, Thu, SunFlight No.NZ29Aircraft787-9 DreamlinerDepartsHouston9:55pmArrivesAuckland5:55amFrequencyMon, Thu, SunEndsIssued by Air New Zealand Communications.Email: media@airnz.co.nz│Twitter: @AirNZMedia",
          "author": "",
          "favicon": "https://www.airnewzealand.co.nz/koru-icon-256.png",
          "source": "airnewzealand.co.nz",
          "published": "",
          "ttr": 66
     }
}