{
     "Date": "16/10/2021",
     "Open": "",
     "High": "",
     "Low": "",
     "Close": "",
     "Adj Close": "",
     "Volume": "",
     "Headline": "AirNewZealand and Airbus to research future of hydrogen-powered aircraft in Aotearoa",
     "link": "https://www.airnewzealand.co.nz/press-release-2021-airnz-and-airbus-to-research-future-of-hydrogen-powered-aircraft",
     "article": {
          "url": "https://www.airnewzealand.co.nz/press-release-2021-airnz-and-airbus-to-research-future-of-hydrogen-powered-aircraft",
          "title": "Air New Zealand and Airbus to research future of hydrogen-powered aircraft in Aotearoa",
          "description": "Air New Zealand and aircraft manufacturer Airbus have today announced a joint initiative to research how hydrogen-powered aircraft could assist the airline with reaching its goal of net zero emissions by 2050.\n",
          "links": [
               "https://www.airnewzealand.co.nz/press-release-2021-airnz-and-airbus-to-research-future-of-hydrogen-powered-aircraft"
          ],
          "image": "",
          "content": "Air New Zealand and aircraft manufacturer Airbus have today announced a joint initiative to research how hydrogen-powered aircraft could assist the airline with reaching its goal of net zero emissions by 2050.\nIn a first for the Asia-Pacific region, the two organisations have signed a Memorandum of Understanding (MoU) to cooperate on a joint research project to better understand the opportunities and challenges of flying zero-emission hydrogen aircraft in New Zealand.Under the MoU, Air New Zealand will analyse the impact hydrogen aircraft may have on its network, operations and infrastructure, while Airbus will provide hydrogen aircraft performance requirements and ground operations characteristics to support Air New Zealand to develop its decarbonisation roadmap.Air New Zealand Chief Executive Officer Greg Foran says the MoU is an exciting step towards understanding how hydrogen-powered aircraft could become a reality in New Zealand.\"This agreement brings us a step closer to our net zero emissions by 2050 commitment, and to realising our aspiration to put low carbon solutions in place for our shorter domestic and regional flights in the next decade. New Zealand has a unique opportunity to be a world leader in the adoption of zero emissions aircraft, given the country's commitment to renewable energy which can be used to generate green hydrogen and our highly connected regional air network.\"At this stage, both hydrogen and battery electric aircraft are still on the table as potential options for our shorter domestic flights, along with Sustainable Aviation Fuel (SAF) for long haul operations. This research will help to inform future decision making as we work to decarbonise the airline.\"Air New Zealand Chief Operational Integrity and Safety Officer Captain David Morgan says the MoU is an opportunity for the airline to be part of the design and definition of how a hydrogen-powered aircraft might fit into its own operations.\"We'll be working closely with Airbus to understand opportunities and challenges, including achievable flying range and what ground infrastructure or logistics changes may be required to implement this technology in New Zealand.\"Airbus Asia-Pacific President Anand Stanley says the company chose to work with Air New Zealand because of its commitment to sustainability, reputation for technical excellence and alignment with the manufacturer's own decarbonisation goals.\"This agreement with Air New Zealand will provide us with important insights about how we could put a zero-emission aircraft into service. The joint study will enable us to gain invaluable feedback on what airlines will expect and their preferences in terms of configuration and performance.Airbus is currently looking at three concepts for hydrogen-powered aircraft, including a turboprop, turbofan and blended wing option.EndsIssued by Air New Zealand Communications.Email: media@airnz.co.nz  │  Twitter: @AirNZMedia",
          "author": "",
          "favicon": "https://www.airnewzealand.co.nz/koru-icon-256.png",
          "source": "airnewzealand.co.nz",
          "published": "",
          "ttr": 87
     }
}