{
     "Date": "13/05/2020",
     "Open": "1.22",
     "High": "1.24",
     "Low": "1.21",
     "Close": "1.22",
     "Adj Close": "1.22",
     "Volume": "2452927",
     "Headline": "AirANewAZealand details safety in the sky",
     "link": "https://www.airnewzealand.co.nz/press-release-air-new-zealand-details-safety-in-the-sky",
     "article": {
          "url": "https://www.airnewzealand.co.nz/press-release-air-new-zealand-details-safety-in-the-sky",
          "title": "Air New Zealand details safety in the sky",
          "description": "Air New Zealand has revealed the ways it is planning to keep customers and employees safe with more flights taking to the skies when the country enters Alert Level 2. ",
          "links": [
               "https://www.airnewzealand.co.nz/press-release-air-new-zealand-details-safety-in-the-sky"
          ],
          "image": "",
          "content": "Air New Zealand has revealed the ways it is planning to keep customers and employees safe with more flights taking to the skies when the country enters Alert Level 2. The airline plans to operate around 20 percent of its usual domestic capacity (compared to pre-COVID-19 levels) during Alert Level 2, with flights to the majority of its domestic airports.Air New Zealand General Manager Customer Experience Nikki Goodman says the airline is looking forward to welcoming more people onboard again and has been looking at all stages of the customer journey to reassure those travelling in the coming weeks that they can do so safely.\"We'll be encouraging customers to check in for their flight via the Air New Zealand app, but for those checking in at our larger airports, every second self-service kiosk will be operating to support social distancing. There will also be floor markers for queuing at our check-in counters, service desks, bag drops and departure gates, and we'll be boarding and disembarking fewer customers at a time.\"Inflight, we'll be allocating seating to allow an empty seat between customers travelling alone. We'll do our best to keep families and some travelling companions together, so you may notice some people sitting together with no additional space. Food and beverage services will not be available until at least 25 May on our flights within New Zealand to minimise contact between customers and cabin crew, and you won't see our inflight magazine Kia Ora in seat pockets or our iconic lolly inflight just yet.\"High touch surfaces will be cleaned regularly, and we are taking extra steps to ensure all our aircraft, lounges and airports are cleaned throughout the day. Our jet aircraft are fitted with hospital-grade air systems that filter out viruses. Hand sanitiser will also be available across the airport, kiosks, service desks and all our aircraft for both customers and staff to use as they wish.\"Our domestic lounges and valet will re-open from 25 May. In accordance with government regulations our self-service buffet will not be available in lounges. However, we will offer packaged snacks along with beverages and our popular coffee station.\"Finally, it would be appreciated if customers could exercise a bit of patience as everyone gets used to this new way of travelling. We'd also advise allowing a little more time to navigate through the airport process and be mindful of social distancing requirements. Customers should not travel if they are unwell or have COVID-19 symptoms – flights can be changed free of charge if needed.\"Customers can find details on how to download the Air New Zealand app here.Further details on the customer journey for Alert Level 2 can be found on the COVID-19 hub on the Air New Zealand website. Customers travelling in the coming weeks will receive an email on their day of travel outlining what to expect before they fly and while onboard.EndsIssued by Air New Zealand Communications.Email: media@airnz.co.nz  │  Phone: +64 21 747 320  │  Twitter: @AirNZMedia",
          "author": "",
          "favicon": "https://www.airnewzealand.co.nz/koru-icon-256.png",
          "source": "airnewzealand.co.nz",
          "published": "",
          "ttr": 99
     }
}