{
     "Date": "14/02/2022",
     "Open": "1.59",
     "High": "1.59",
     "Low": "1.55",
     "Close": "1.55",
     "Adj Close": "1.55",
     "Volume": "712234",
     "Headline": "Precious cargo - AirNewZealand carries RATs to the rescue",
     "link": "https://www.airnewzealand.co.nz/press-release-2022-precious-cargo",
     "article": {
          "url": "https://www.airnewzealand.co.nz/press-release-2022-precious-cargo",
          "title": "Precious cargo - Air New Zealand carries RATs to the rescue",
          "description": "Air New Zealand is helping to bring in tens of millions of Rapid Antigen Tests (RATs) to support Aotearoa’s Covid response over the coming months.",
          "links": [
               "https://www.airnewzealand.co.nz/press-release-2022-precious-cargo"
          ],
          "image": "",
          "content": "Air New Zealand is helping to bring in tens of millions of Rapid Antigen Tests (RATs) to support Aotearoa's Covid response over the coming months.\n14 February 2022\nThe airline is operating nine charter flights through to 20 February, and Air New Zealand's General Manager Cargo Anna Palairet says there are plenty more in the works.\"Operating these charter flights was a no brainer. There is a real urgency to bring Rapid Antigen Tests into New Zealand, and we're proud to be playing our part in getting them here. It's truly been a fantastic team effort between Air New Zealand, Ministry of Health and the freight forwarders.\"We've been operating charters for RAT kits since December, but things are really ramping up now. In addition to charters, we've also been making use of capacity on commercial flights. Where we've got space, we're using it for RATs. While we are constrained by available aircraft and operating crew for charter flights, having our 777-300 back in action from last week will help to increase cargo capacity across the network.\"We know the demand is there, and our teams are doing everything they can to try and fulfil it.\"Air New Zealand has seen its cargo business skyrocket over the past two years, with an estimated 200 million tonnes of product carried since 2020.EndsIssued by Air New Zealand Communications.Email: media@airnz.co.nz  │  Twitter: @AirNZMedia",
          "author": "",
          "favicon": "https://www.airnewzealand.co.nz/koru-icon-256.png",
          "source": "airnewzealand.co.nz",
          "published": "",
          "ttr": 46
     }
}