{
     "Date": "4/08/2020",
     "Open": "1.32",
     "High": "1.34",
     "Low": "1.315",
     "Close": "1.33",
     "Adj Close": "1.33",
     "Volume": "452804",
     "Headline": "AirNewZealand to take Tongans home",
     "link": "https://www.airnewzealand.co.nz/press-release-2020-air-new-zealand-to-take-tongans-home",
     "article": {
          "url": "https://www.airnewzealand.co.nz/press-release-2020-air-new-zealand-to-take-tongans-home",
          "title": "Air New Zealand to take Tongans home",
          "description": "An Air New Zealand flight has just taken off from Auckland International Airport to repatriate citizens from Tonga who have remained in New Zealand since the COVID-19 lockdown.",
          "links": [
               "https://www.airnewzealand.co.nz/press-release-2020-air-new-zealand-to-take-tongans-home"
          ],
          "image": "",
          "content": "An Air New Zealand flight has just taken off from Auckland International Airport to repatriate citizens from Tonga who have remained in New Zealand since the COVID-19 lockdown.\n4 August 2020\nFlight NZ970 is expected to arrive at Fua'amotu International Airport at 1:30pm local time.It is the first Air New Zealand operated flight to transport passengers between New Zealand and Tonga since border restrictions were introduced.All passengers on the repatriation flight were required to take a COVID-19 test four days before travel and carry proof of a negative result. On arrival in Tonga, all passengers will be required to enter a 14-day quarantine at locations nominated by the Government of Tonga.Air New Zealand Senior Manager Pacific Islands Brent Roxburgh says the airline is happy to be supporting the Government of Tonga with the safe return of Tongan residents to their homeland.\"There are a large number of Tongan passport holders who have been in New Zealand for an extended period of time due to COVID-19 related border restrictions. Air New Zealand is pleased to be working closely with the Tongan government to help facilitate those wanting to return home.\"Air New Zealand is working with the Government of Tonga on the next repatriation flight. Customers who wish to travel to Tonga are advised to register their interest at https://citizensregistration.gov.to/wp/.   EndsIssued by Air New Zealand Communications.Email: media@airnz.co.nz  │ Twitter: @AirNZMedia",
          "author": "",
          "favicon": "https://www.airnewzealand.co.nz/koru-icon-256.png",
          "source": "airnewzealand.co.nz",
          "published": "",
          "ttr": 46
     }
}