{
     "Date": "10/06/2021",
     "Open": "1.66",
     "High": "1.675",
     "Low": "1.62",
     "Close": "1.62",
     "Adj Close": "1.62",
     "Volume": "1911578",
     "Headline": "AirNewZealand to establish crew base in Brisbane to support Norfolk Island services",
     "link": "https://www.airnewzealand.co.nz/press-release-2021-airnz-to-establish-crew-base-in-brisbane-to-support-norfolk-island-services",
     "article": {
          "url": "https://www.airnewzealand.co.nz/press-release-2021-airnz-to-establish-crew-base-in-brisbane-to-support-norfolk-island-services",
          "title": "Air New Zealand to establish crew base in Brisbane to support Norfolk Island services",
          "description": "Air New Zealand has extended its agreement with the Australian Government to operate flights between Norfolk Island and Australia from 30 August 2021 until the end of August 2023.",
          "links": [
               "https://www.airnewzealand.co.nz/press-release-2021-airnz-to-establish-crew-base-in-brisbane-to-support-norfolk-island-services"
          ],
          "image": "",
          "content": "Air New Zealand has extended its agreement with the Australian Government to operate flights between Norfolk Island and Australia from 30 August 2021 until the end of August 2023.\n10 June 2021\nUnder the agreement, Air New Zealand will use its A320 aircraft to operate up to three flights per week from Brisbane and three flights from Sydney.Air New Zealand Chief Operating Officer Carrie Hurihanganui says the airline will establish a temporary pilot and cabin crew base in Brisbane until 30 November to ensure potential disruptions to the travel bubble will not affect continuity of services to Norfolk Island. \"Prior to the trans-Tasman bubble opening, crew operating domestic flights in Australia were required to have been in Australia for 14 days or have arrived in Australia on a quarantine-free flight. This unfortunately resulted in us having to suspend services between Norfolk Island and mainland Australia in February. Having crew based in Australia will ensure we avoid disruption should the Australian border close again.\"Air New Zealand has been operating between Australia and Norfolk Island since 2012, and was the only airline operating scheduled services between Norfolk and mainland Australia during 2020. We know our customers value these services, and we're thrilled to be able to resume the route from late August.\"We'd like to thank Qantas for stepping in to operate the route over the past few months to ensure continuity of flights for our customers.\"Air New Zealand's Norfolk Island schedule commencing 30 August is as follows: Flight number NZ914Departure airport Brisbane Arrival airport Norfolk IslandDeparture time 10.15amArrival time 1.30pmDay of week Monday, Thursday, Saturday Flight number NZ915Departure airport Norfolk Island Arrival airport BrisbaneDeparture time 2.40pmArrival time 4.05pmDay of week Tuesday, Friday, Saturday Flight number NZ912Departure airport Sydney Arrival airport Norfolk IslandDeparture time 9.55amArrival time 1.35pmDay of week Tuesday, Friday, Saturday Flight number NZ913Departure airport Norfolk Island Arrival airport SydneyDeparture time 4.30pmArrival time 4.30pmDay of week Monday, Thursday, SaturdayEndsIssued by Air New Zealand Communications.Email: media@airnz.co.nz  │  Twitter: @AirNZMedia",
          "author": "",
          "favicon": "https://www.airnewzealand.co.nz/koru-icon-256.png",
          "source": "airnewzealand.co.nz",
          "published": "",
          "ttr": 66
     }
}