{
     "Date": "9/04/2021",
     "Open": "1.81",
     "High": "1.835",
     "Low": "1.805",
     "Close": "1.83",
     "Adj Close": "1.83",
     "Volume": "3742654",
     "Headline": "Outcome of PwC review into AirNewZealand Gas Turbines business",
     "link": "https://www.airnewzealand.co.nz/press-release-2021-gas-turbines-review-outcome",
     "article": {
          "url": "https://www.airnewzealand.co.nz/press-release-2021-gas-turbines-review-outcome",
          "title": "Outcome of PwC review into Air New Zealand Gas Turbines business",
          "description": "Air New Zealand has received the report into its Gas Turbines business from independent external advisers PwC.Air New Zealand Chairman Dame Therese Walsh says the report identified a range of effective...",
          "links": [
               "https://www.airnewzealand.co.nz/press-release-2021-gas-turbines-review-outcome"
          ],
          "image": "",
          "content": "Air New Zealand has received the report into its Gas Turbines business from independent external advisers PwC.Air New Zealand Chairman Dame Therese Walsh says the report identified a range of effective controls in the Gas Turbines revenue contracting business, as well as key areas where processes could be improved.\"Recommendations include more focus on upfront risk assessment, which has already been put in place, and subsequent monitoring controls.\"The report also confirmed that when entering into the third-party contract for the work for the Royal Saudi Navy, Gas Turbines employees adhered to all revenue contracting management oversight processes and controls and obtained the necessary approvals.\"We thank PwC for the information and insights it has provided.\"The PwC report follows earlier confirmation from the Ministry of Foreign Affairs and Trade that permits were not required for exporting the specific type of engines (GE LM2500) the business was repairing for the Saudi Navy.Air New Zealand Chief Executive Officer, Greg Foran, says the airline will use the observations provided in the report to complete further updates of contracting principles and processes and improve training for employees.\"It is clear from the findings that no fault sits with Gas Turbines employees. We simply did not have robust enough processes in place to support our staff with ethical considerations.\"In February we took immediate steps to change our processes to increase executive visibility and assessment of relevant new or revised contracts, which have already been proving effective.\"Thank you to PwC and those at Air New Zealand who have supported both the internal and external reviews.\"EndsIssued by Air New Zealand Communications.Email: media@airnz.co.nz  │  Twitter: @AirNZMedia",
          "author": "",
          "favicon": "https://www.airnewzealand.co.nz/koru-icon-256.png",
          "source": "airnewzealand.co.nz",
          "published": "",
          "ttr": 53
     }
}