{
     "Date": "28/10/2021",
     "Open": "1.66",
     "High": "1.67",
     "Low": "1.615",
     "Close": "1.62",
     "Adj Close": "1.62",
     "Volume": "1159854",
     "Headline": "AirNewZealand adding red flights between Australia and New Zealand in December",
     "link": "https://www.airnewzealand.co.nz/press-release-2021-airnz-adding-red-flights-between-australia-and-nz-in-december",
     "article": {
          "url": "https://www.airnewzealand.co.nz/press-release-2021-airnz-adding-red-flights-between-australia-and-nz-in-december",
          "title": " Air New Zealand adding red flights between Australia and New Zealand in December",
          "description": "In line with the New Zealand Government's release of MIQ rooms at 6pm tonight, Air New Zealand has added 31 'red' flights to their schedule in December for customers wanting to return from Australia before 31 December.",
          "links": [
               "https://www.airnewzealand.co.nz/press-release-2021-airnz-adding-red-flights-between-australia-and-nz-in-december"
          ],
          "image": "",
          "content": "In line with the New Zealand Government's release of MIQ rooms at 6pm tonight, Air New Zealand has added 31 'red' flights to their schedule in December for customers wanting to return from Australia before 31 December.\n28 September 2021\nThe 'red' (quarantine) flights will sit alongside the current 'green' (quarantine free) flights available in the booking system and will be labelled accordingly. The airline's 'red' services flight numbers will start with NZ8, the 'green' services will start with NZ1. Please refer to the below schedule for further information.As quarantine-free travel with Australia is paused up until the end of November, the airline still has green (quarantine-free) flights available to book from December. However, these flights will be cancelled if the quarantine-free travel pause is extended. If customers currently booked on a green flight wish to transfer their booking to a red flight, we recommend they go online to put their flight into credit and then use the credit to rebook onto a red service.The airline's red flights from Australia to New Zealand are available to book now. Customers will have 48 hours following securing an MIQ room to book their flights.Air New Zealand Chief Customer and Sales Officer Leanne Geraghty says so long as there are MIQ spaces available in New Zealand, the airline will continue to operate flights to reconnect customers with their friends and whānau.\"We understand this continues to be a very distressing time for people trying to get home. We're committed to doing everything we can to get customers back to where they need to be as safely and quickly as possible.\"There are plenty of seats available so we are confident that if customers secure an MIQ space they will be able to book onto one of our red flights.\"As we head toward Christmas and summer holidays we are looking forward to reconnecting customers with their loved ones in Aotearoa.\"December red flight schedule:Flight number NZ840RouteBNE-AKLDay of weekSatDeparture time11:40amDates 11 Dec, 25 DecFlight number NZ846RouteBNE-AKLDay of weekTue + SatDeparture time3:40pmDates 4 Dec, 7 Dec, 14 Dec, 18 Dec, 21 Dec, 28 DecFlight number NZ864RouteSYD-AKLDay of weekFriDeparture time12:45pmDates 3 Dec, 10 Dec, 17 Dec, 24 Dec, 31 DecFlight number NZ862RouteSYD-AKLDay of weekMon + ThuDeparture time2:45pmDates 2-30 DecFlight number NZ886RouteMEL-AKL Day of weekWed + SunDeparture time12:20pmDates 1-29 DecEndsIssued by Air New Zealand Communications.",
          "author": "",
          "favicon": "https://www.airnewzealand.co.nz/koru-icon-256.png",
          "source": "airnewzealand.co.nz",
          "published": "",
          "ttr": 77
     }
}