{
     "Date": "18/02/2020",
     "Open": "2.78",
     "High": "2.79",
     "Low": "2.77",
     "Close": "2.78",
     "Adj Close": "2.620729",
     "Volume": "1032816",
     "Headline": "Update to AirANewAZealand's Elton John fare flexibility",
     "link": "https://www.airnewzealand.co.nz/press-release-2020-airnz-update-to-elton-john-fare-flexibility",
     "article": {
          "url": "https://www.airnewzealand.co.nz/press-release-2020-airnz-update-to-elton-john-fare-flexibility",
          "title": "Update to Air New Zealand's Elton John fare flexibility",
          "description": "Air New Zealand has introduced further fare flexibility following the postponement of Sir Elton John's final Auckland concerts to January 2021.",
          "links": [
               "https://www.airnewzealand.co.nz/press-release-2020-airnz-update-to-elton-john-fare-flexibility"
          ],
          "image": "",
          "content": "Air New Zealand has introduced further fare flexibility following the postponement of Sir Elton John's final Auckland concerts to January 2021.\n18 February 2020\nAs a gesture of goodwill, concert-goers no longer requiring travel to Auckland in the coming days can have the value of their fare held in credit for up to 12 months. The airline will waive service fees but any fare difference when booking new flights will apply.Air New Zealand Senior Manager Customer Care and Communications Doug Grant says fans don't need to contact the airline urgently to confirm their credit.\"Customers affected by the change in show dates can reach out to Air New Zealand via our social messaging channels or call our contact centre over the coming week.\"Air New Zealand's Travel Alert page will be updated with the latest information.EndsIssued by Air New Zealand Communications.Email: media@airnz.co.nz  │  Phone: +64 21 747 320  │  Twitter: @AirNZMedia",
          "author": "",
          "favicon": "https://www.airnewzealand.co.nz/koru-icon-256.png",
          "source": "airnewzealand.co.nz",
          "published": "",
          "ttr": 30
     }
}