{
     "Date": "10/06/2020",
     "Open": "1.865",
     "High": "1.905",
     "Low": "1.71",
     "Close": "1.86",
     "Adj Close": "1.86",
     "Volume": "10410013",
     "Headline": "AirANewAZealand to resume Tokyo services",
     "link": "https://www.airnewzealand.co.nz/press-release-2020-air-new-zealand-to-resume-tokyo-services",
     "article": {
          "url": "https://www.airnewzealand.co.nz/press-release-2020-air-new-zealand-to-resume-tokyo-services",
          "title": "Air New Zealand to resume Tokyo services",
          "description": "Air New Zealand will resume passenger flights to Narita, Tokyo later this month. 10 June 2020 The airline's Auckland-Narita route hasn't been operating since 30 March.Air New Zealand General Manager Networks...",
          "links": [
               "https://www.airnewzealand.co.nz/press-release-2020-air-new-zealand-to-resume-tokyo-services"
          ],
          "image": "",
          "content": "Air New Zealand will resume passenger flights to Narita, Tokyo later this month. \n10 June 2020\nThe airline's Auckland-Narita route hasn't been operating since 30 March.Air New Zealand General Manager Networks Scott Carr says the airline will operate one return service per week on its Auckland-Narita route with the first flight departing Auckland on 25 June.\"We're pleased to be able to welcome customers back onboard as we restart services to Narita this month, however, we know the rebuilding of our international network is going to take considerable time.\"Pre-COVID-19 Air New Zealand operated up to 10 services per week on Auckland-Narita.The schedule for Auckland-Narita is as follows:Date25 JuneFlight No.NZ99Aircraft787-9 DreamlinerDepartsAuckland11:15pmArrivesNarita7:20amFrequencyThursdayDate27 JuneFlight No.NZ90Aircraft787-9 DreamlinerDepartsNarita3:30pmArrivesAuckland5:05amFrequencySaturdayDateFrom 30 JuneFlight No.NZ99Aircraft787-9 DreamlinerDepartsAuckland11:15pmArrivesNarita 7:20amFrequencyTuesdayDateFrom 3 JulyFlight No.NZ90Aircraft787-9 DreamlinerDepartsNarita3:30pmArrivesAuckland5:05amFrequencyFriday Customers travelling on these services will be subject to government border controls.EndsIssued by Air New Zealand Communications.Email: media@airnz.co.nz  │  Phone: +64 21 747 320  │  Twitter: @AirNZMedia",
          "author": "",
          "favicon": "https://www.airnewzealand.co.nz/koru-icon-256.png",
          "source": "airnewzealand.co.nz",
          "published": "",
          "ttr": 30
     }
}