{
     "Date": "16/12/2021",
     "Open": "1.55",
     "High": "1.56",
     "Low": "1.525",
     "Close": "1.53",
     "Adj Close": "1.53",
     "Volume": "502084",
     "Headline": "AirNewZealand welcomes new ATR to connect regions this Christmas",
     "link": "https://www.airnewzealand.co.nz/press-release-2021-airnz-welcomes-new-atr-to-connect-regions-this-christmas",
     "article": {
          "url": "https://www.airnewzealand.co.nz/press-release-2021-airnz-welcomes-new-atr-to-connect-regions-this-christmas",
          "title": "Air New Zealand welcomes new ATR to connect regions this Christmas",
          "description": "Kiwis travelling to the regions for a well-earned holiday this Christmas will be left feeling pretty fly as they touch down in a brand-new ATR72-600 turboprop plane.",
          "links": [
               "https://www.airnewzealand.co.nz/press-release-2021-airnz-welcomes-new-atr-to-connect-regions-this-christmas"
          ],
          "image": "",
          "content": "Kiwis travelling to the regions for a well-earned holiday this Christmas will be left feeling pretty fly as they touch down in a brand-new ATR72-600 turboprop plane.After making the 10-day journey from Toulouse, France, through some of the world's most picturesque destinations - Crete, Bali and the Maldives included – ZK-MZF landed at Auckland Airport yesterday afternoon (15 December).Air New Zealand's Chief Pilot Captain David Morgan says the latest ATR72-600 is exciting news for our customers who want to escape to the regions this summer.\"We're really excited to welcome this latest addition to our domestic fleet.\"The aircraft, which can seat 68 passengers, will be used to service regional routes and travel to the likes of New Plymouth, Tauranga and Nelson.The new aircraft did not stay in Auckland long before it departed for Christchurch, where it's going through the process of getting ready for service.\"It won't be sitting on the tarmac for too long before taking off for its first flight which will likely be on December 23, just in time to help get our customers to where they need to be this Christmas.\"December 23 is expected to be one of the busiest days on the airline's domestic network this month, with more than 30,000 passengers booked to fly that day, and about 29,000 booked on Christmas Eve.The aircraft is the last of the fleet of 29 to arrive, with the first having touched down back in 2012. The aircraft is also the 1600th ATR ever produced, and the 29th to join the airline's fleet, making Air New Zealand the owner of the third's largest fleet of ATR72-600s.During that time the fleet of ATRs have boosted the airline's regional network by over 50 per cent.ATRs are one of the most common types of planes used domestically, having flown an estimated 33.5 million passengers on over 636,000 flights around New Zealand.The ATR72-600 is also the most fuel-efficient regional aircraft and uses significantly less fuel than other older planes.The new plane took off from the ATR factory in France on 5 December, travelling more than 22,000km and stopping in seven countries including Greece, Saudi Arabia, Oman, Maldives, Malaysia, Indonesia and Australia.EndsIssued by Air New Zealand Communications.Email: media@airnz.co.nz │ Twitter: @AirNZMedia",
          "author": "",
          "favicon": "https://www.airnewzealand.co.nz/koru-icon-256.png",
          "source": "airnewzealand.co.nz",
          "published": "",
          "ttr": 74
     }
}