{
     "Date": "23/07/2021",
     "Open": "1.53",
     "High": "1.54",
     "Low": "1.5",
     "Close": "1.505",
     "Adj Close": "1.505",
     "Volume": "1105569",
     "Headline": "AirNewZealand opens more bookings to bring Kiwis home from NSW",
     "link": "https://www.airnewzealand.co.nz/press-release-2021-airnz-opens-more-bookings-to-bring-kiwis-home-from-nsw",
     "article": {
          "url": "https://www.airnewzealand.co.nz/press-release-2021-airnz-opens-more-bookings-to-bring-kiwis-home-from-nsw",
          "title": "Air New Zealand opens more bookings to bring Kiwis home from NSW",
          "description": "Bookings have opened this morning on available Air New Zealand managed return flights to allow Kiwis to return home from New South Wales from 28 July. These seats will be restricted to the number of spaces available in managed isolation facilities (MIQ) rooms provided by the New Zealand Government.",
          "links": [
               "https://www.airnewzealand.co.nz/press-release-2021-airnz-opens-more-bookings-to-bring-kiwis-home-from-nsw"
          ],
          "image": "",
          "content": "Bookings have opened this morning on available Air New Zealand managed return flights to allow Kiwis to return home from New South Wales from 28 July. These seats will be restricted to the number of spaces available in managed isolation facilities (MIQ) rooms provided by the New Zealand Government.\n23 July 2021\nFlights available with Air New Zealand can be booked via www.airnewzealand.co.nz and additional information for booking with Air New Zealand can be found on the airline's Travel Alerts page.Managed return flights from Sydney will be available from Wednesday 28 July and will operate to Auckland only. On arrival, travelers will go into MIQ for a period of 14 days. Seats available will depend on MIQ availability.Eligible Air New Zealand customers in NSW are encouraged to follow the steps below:To make a booking:Check Air New Zealand's website to book managed return seats.Once customers have secured a flight booking, their MIQ space is automatically confirmed. There is no need to book a place in a managed isolation facility before booking with Air New Zealand as managed isolation bookings are automatically assigned to a customer's flight.Stay updated on the latest travel requirements via the COVID-19 website before attempting to book travel.As Air New Zealand is experiencing a very high volume of calls and messages and recommends customers visit our Travel Alerts page before getting in touch. The airline will continue to update this page as more information becomes available.Date28 JulyFlight numberNZ864Departs Sydney11.50Arrives in Auckland17.00Date01 AugFlight numberNZ864Departs Sydney12.20Arrives in Auckland17.30Date03 AugFlight numberNZ864Departs Sydney14.20Arrives in Auckland19.30Date05 AugFlight numberNZ864Departs Sydney16.20Arrives in Auckland21.30Date07 AugFlight numberNZ864Departs Sydney14.20Arrives in Auckland19.30EndsIssued by Air New Zealand Communications.Email: media@airnz.co.nz  │  Twitter: @AirNZMedia",
          "author": "",
          "favicon": "https://www.airnewzealand.co.nz/koru-icon-256.png",
          "source": "airnewzealand.co.nz",
          "published": "",
          "ttr": 55
     }
}