{
     "Date": "23/03/2020",
     "Open": "0.94",
     "High": "0.94",
     "Low": "0.8",
     "Close": "0.8",
     "Adj Close": "0.8",
     "Volume": "9674465",
     "Headline": "AirANewAZealand to add domestic capacity",
     "link": "https://www.airnewzealand.co.nz/press-release-2020-airnz-to-add-domestic-capacity",
     "article": {
          "url": "https://www.airnewzealand.co.nz/press-release-2020-airnz-to-add-domestic-capacity",
          "title": "Air New Zealand to add domestic capacity",
          "description": "Air New Zealand is adding more domestic capacity following the Prime Minister's announcement this afternoon. 23 March 2020 This will allow New Zealanders seeking to return home to do so prior to the country...",
          "links": [
               "https://www.airnewzealand.co.nz/press-release-2020-airnz-to-add-domestic-capacity"
          ],
          "image": "",
          "content": "Air New Zealand is adding more domestic capacity following the Prime Minister's announcement this afternoon.\n23 March 2020\nThis will allow New Zealanders seeking to return home to do so prior to the country moving to Alert Level Four.The airline will endeavor to operate its current schedule as planned until at least the end of the of the week.More details on the additional capacity to follow.EndsIssued by Air New Zealand Communications.Email: media@airnz.co.nz  │  Phone: +64 21 747 320  │  Twitter: @AirNZMedia",
          "author": "",
          "favicon": "https://www.airnewzealand.co.nz/koru-icon-256.png",
          "source": "airnewzealand.co.nz",
          "published": "",
          "ttr": 17
     }
}