{
     "Date": "1/12/2021",
     "Open": "1.51",
     "High": "1.53",
     "Low": "1.5",
     "Close": "1.515",
     "Adj Close": "1.515",
     "Volume": "1228572",
     "Headline": "AirNewZealand delivers some magic this Christmas",
     "link": "https://www.airnewzealand.co.nz/press-release-airnz-delivers-some-magic-this-christmas",
     "article": {
          "url": "https://www.airnewzealand.co.nz/press-release-airnz-delivers-some-magic-this-christmas",
          "title": "Air New Zealand delivers some magic this Christmas",
          "description": "With Christmas just around the corner, Air New Zealand is serving up A Magical Delivery and offering Kiwis the chance to win daily prizes for the 12 days of Christmas, including Airpoints Dollars™ and two return tickets to New York.",
          "links": [
               "https://www.airnewzealand.co.nz/press-release-airnz-delivers-some-magic-this-christmas"
          ],
          "image": "",
          "content": "With Christmas just around the corner, Air New Zealand is serving up A Magical Delivery and offering Kiwis the chance to win daily prizes for the 12 days of Christmas, including Airpoints Dollars™ and two return tickets to New York.Air New Zealand Chief Customer and Sales Officer Leanne Geraghty says it's been another tough year for many New Zealanders but things are looking up with international travel on the horizon in 2022, including the launch of the airline's long-awaited New York route.\"We're excited to be able to provide some cheer and happiness this holiday season and to be reconnecting friends and whānau when international travel restrictions ease in early 2022.\"Air New Zealand's 2021 Christmas video, A Magical Delivery, sees Santa Claus unable to deliver Christmas presents to Aotearoa and calls on his trusty Air New Zealand friends to ensure Aotearoa gets the Christmas it deserves – with a pinch of magic.There are also a few festive surprises planned for customers throughout the holiday period.\"Some magical deliveries will be happening on board selected flights and in our ports. The daily prize draw along with some surprises around the country are our way of saying thanks to our valued customers for standing by us through another challenging year.\"Customers can enter in the daily draw to win some magical deliveries.Watch A Magical Delivery here: https://youtu.be/XeLMvEyYlpUEndsIssued by Air New Zealand Communications.Email: media@airnz.co.nz │  Phone: +64 21 747 320 │  Twitter: @AirNZMedia",
          "author": "",
          "favicon": "https://www.airnewzealand.co.nz/koru-icon-256.png",
          "source": "airnewzealand.co.nz",
          "published": "",
          "ttr": 48
     }
}