{
     "Date": "19/03/2020",
     "Open": "1.54",
     "High": "1.54",
     "Low": "1.54",
     "Close": "1.54",
     "Adj Close": "1.54",
     "Volume": "0",
     "Headline": "AirANewAZealand brings forward suspension of Argentina service",
     "link": "https://www.airnewzealand.co.nz/press-release-2020-airnz-brings-forward-suspension-of-argentina-service",
     "article": {
          "url": "https://www.airnewzealand.co.nz/press-release-2020-airnz-brings-forward-suspension-of-argentina-service",
          "title": "Air New Zealand brings forward suspension of Argentina service",
          "description": "Following increased government restrictions for travel into Argentina, Air New Zealand is suspending its Buenos Aires route with immediate effect.",
          "links": [
               "https://www.airnewzealand.co.nz/press-release-2020-airnz-brings-forward-suspension-of-argentina-service"
          ],
          "image": "",
          "content": "Following increased government restrictions for travel into Argentina, Air New Zealand is suspending its Buenos Aires route with immediate effect.\n19 March 2020\nNZ31 (Buenos Aires-Auckland) departing Ministro Pistarini Airport at 1145pm 18 March local time will be the airline's final service until 30 June 2020.Air New Zealand has upgauged the aircraft operating the service to the larger Boeing 777-300 aircraft which has 30 extra seats than the 777-200 originally scheduled.Air New Zealand Chief Operational Integrity and Standards Officer Captain David Morgan says the suspension has been brought forward following additional border measures, which pose significant crew logistics and operational challenges.\"This is a rapidly evolving situation and we thank customers for their patience and understanding at this challenging time. Our teams are working through options for customers impacted by the earlier than planned suspension and will be in touch in coming days.\"Air New Zealand's contact centre is operating at high volume. The latest Covid-19 information is published on the Travel Alerts section of the Air New Zealand website and customers are encouraged to check this and to get in touch with the airline via its social media channels in the first instance.Customers booked via a travel agent (including online travel agents) should contact their booking agent.EndsIssued by Air New Zealand Communications.Email: media@airnz.co.nz  │  Phone: +64 21 747 320  │  Twitter: @AirNZMedia",
          "author": "",
          "favicon": "https://www.airnewzealand.co.nz/koru-icon-256.png",
          "source": "airnewzealand.co.nz",
          "published": "",
          "ttr": 45
     }
}