{
     "Date": "25/03/2020",
     "Open": "0.925",
     "High": "0.95",
     "Low": "0.87",
     "Close": "0.87",
     "Adj Close": "0.87",
     "Volume": "10247237",
     "Headline": "AirANewAZealand updates international network",
     "link": "https://www.airnewzealand.co.nz/press-release-2020-airnz-updates-international-network",
     "article": {
          "url": "https://www.airnewzealand.co.nz/press-release-2020-airnz-updates-international-network",
          "title": "Air New Zealand updates international network ",
          "description": "Air New Zealand is adjusting its international network to match demand and government travel restrictions due to the COVID-19 pandemic.",
          "links": [
               "https://www.airnewzealand.co.nz/press-release-2020-airnz-updates-international-network"
          ],
          "image": "",
          "content": "Air New Zealand is adjusting its international network to match demand and government travel restrictions due to the COVID-19 pandemic.\n25 March 2020\nThe airline will operate a limited international network from 30 March to 31 May 2020 to enable essential travel and to keep air freight moving through key cargo corridors to North America and Asia. Overall, international capacity will reduce by 95 percent from pre-COVID-19 levels.Domestic services into Auckland will be scheduled to allow travellers to connect onto Tasman and Pacific routes.The airline's international schedule from 30 March to 31 May will be as follows. All services are subject to change as governments continue to introduce or change travel and border restrictions. Tasman services (per week) Auckland-Sydney Tasman services (per week) Auckland-Brisbane Tasman services (per week)Auckland-MelbournePacific services (per week)Auckland-RarotongaPacific services (per week)Auckland-NiuePacific services (per week)Sydney-NorfolkPacific services (per week)Brisbane-NorfolkSamoa and Tonga are currently not permitting international flights and flights into Fiji will cease from midnight 26 March. If these restrictions end, Air New Zealand is likely to operate one return service per week to those markets from Auckland.Long-haul services (per week)Auckland-Los AngelesLong-haul services (per week)Auckland-Hong KongLong-haul services (per week)Auckland-ShanghaiReturn services on alternate days from 2 MayThe airline is retiming its Hong Kong service to a night operation ex Auckland and Hong Kong to maximise connection opportunities for cargo.The airline has set up a dedicated COVID-19 information hub on its website and customers are encouraged to consult this in the first instance. Due to the large number of schedule changes, customers are strongly encouraged to only contact the airline if they are due to fly within the next 48 hours.  EndsIssued by Air New Zealand Communications.Email: media@airnz.co.nz  │  Phone: +64 21 747 320  │  Twitter: @AirNZMedia",
          "author": "",
          "favicon": "https://www.airnewzealand.co.nz/koru-icon-256.png",
          "source": "airnewzealand.co.nz",
          "published": "",
          "ttr": 58
     }
}