{
     "Date": "22/07/2020",
     "Open": "1.33",
     "High": "1.345",
     "Low": "1.32",
     "Close": "1.32",
     "Adj Close": "1.32",
     "Volume": "652543",
     "Headline": "AirNewZealand helps manage flow of international arrivals",
     "link": "https://www.airnewzealand.co.nz/press-release-2020-airnz-limited-capacity-on-inbound-international-services-hold-continues",
     "article": {
          "url": "https://www.airnewzealand.co.nz/press-release-2020-airnz-limited-capacity-on-inbound-international-services-hold-continues",
          "title": "Air New Zealand helps manage flow of international arrivals",
          "description": "Air New Zealand is working with the New Zealand Government to align incoming passenger flows with available isolation facilities.  ",
          "links": [
               "https://www.airnewzealand.co.nz/press-release-2020-airnz-limited-capacity-on-inbound-international-services-hold-continues"
          ],
          "image": "",
          "content": "Air New Zealand is working with the New Zealand Government to align incoming passenger flows with available isolation facilities.  \n22 July 2020\nThe move is to help ensure the country is able to continue to provide quarantine accommodation for inbound passengers for the required 14-day period. The airline has had a hold on international services into New Zealand since early July, following a request from the Government.Air New Zealand Chief Executive Officer Greg Foran says the airline continues to work closely with the Government to support efforts to contain COVID-19 at the border.\"We recognise we play an important part in supporting the Government and New Zealand's fight against COVID-19. \"We have extended a hold on new bookings until 29 July, to ensure we comply with the rolling 14-day quota. Following this there is capacity for Kiwis to book flights to return home and we will continue to manage this going forward.\"If customers have a flight booked to New Zealand and no longer wish to travel, they are encouraged to let the airline know to free up space for other returning New Zealanders.There may be a small number of customers who will need to be moved to other flights, and the airline will contact any affected customers.Outbound Air New Zealand services from New Zealand to international ports are not affected by the New Zealand Government restrictions. Domestic services are not impacted.EndsIssued by Air New Zealand Communications.Email: media@airnz.co.nz  │  Twitter: @AirNZMedia",
          "author": "",
          "favicon": "https://www.airnewzealand.co.nz/koru-icon-256.png",
          "source": "airnewzealand.co.nz",
          "published": "",
          "ttr": 48
     }
}