{
     "Date": "2/05/2023",
     "Open": "0.76",
     "High": "0.77",
     "Low": "0.76",
     "Close": "0.765",
     "Adj Close": "0.765",
     "Volume": "698237",
     "Headline": "Taking off in style: New uniform inbound for AirNewZealand",
     "link": "https://www.airnewzealand.co.nz/press-release-2023-air-nz-taking-off-in-style-new-uniform-inbound-for-air-new-zealand",
     "article": {
          "url": "https://www.airnewzealand.co.nz/press-release-2023-air-nz-taking-off-in-style-new-uniform-inbound-for-air-new-zealand",
          "title": "Taking off in style: New uniform inbound for Air New Zealand  ",
          "description": "One of New Zealand’s most iconic and recognisable uniforms is set for an update. Air New Zealand will be onboarding a new partner to design its uniforms, with expressions of interest (EOI) open from today.",
          "links": [
               "https://www.airnewzealand.co.nz/press-release-2023-air-nz-taking-off-in-style-new-uniform-inbound-for-air-new-zealand"
          ],
          "image": "",
          "content": "One of New Zealand's most iconic and recognisable uniforms is set for an update. Air New Zealand will be onboarding a new partner to design its uniforms, with expressions of interest (EOI) open from today.Plans to update Air New Zealand's iconic uniform have officially taken off, with expressions of interest open to Kiwi designersRepresenting Aotearoa on the world stage, sustainability, functionality, safety, and comfort will be core considerations to ensure the new design is the perfect fit for years to comeDesigner to be announced later this year, with new designs runway ready and rolled out in 2025The project will see fresh looks rolled out for pilots, flight attendants, and ground staff, who will provide wearer feedback throughout the process.Air New Zealand Chief Customer and Sales Officer Leanne Geraghty says following recent innovations to its inflight offering, Air New Zealand's eyes are on the future, and it is updating its uniform to align with this vision.\"After 12 years with our current designs, it's time to revisit and refresh our uniforms to ensure they continue to be a perfect fit for our people and align with our recently announced future cabin experience.\"Alongside our Koru, the Air New Zealand uniform is one of our most important brand assets and is recognised around the world. It is often the first visual representation of New Zealand people travelling to our country see and something that drives immense pride for our people and New Zealanders. It's important that we continue to ensure our uniform accurately reflects our business, our people, and our country.\"Dame Trelise Cooper's iconic and much-loved design has served us well and after an incredible tenure, it's time to pass the baton. And today we are beginning the process to find our next designer. We will build on the current uniform's popularity while creating a future-focused design.\"Most importantly, we'll be working to ensure the uniform reflects the diverse requirements of our people. A lot has changed since our last uniform update in 2011 and we want to ensure they continue to meet the needs of our teams.\"This is just the start of an exciting journey of creativity and innovation, bringing Aotearoa to life in the uniforms our people wear with pride every day.\"Air New Zealand Chief Sustainability Officer Kiri Hannifin says updating the uniform gives Air New Zealand the opportunity to review the sustainability of its workplace wardrobe.\"Part of our commitment to sustainability is supporting a circular economy. An integral element of the brief is that the fabrics we use have reduced life cycle impacts. Integrating new innovations, particularly around textile recycling, is key.\"As part of this work, we are also researching end of life solutions for our existing uniform to better understand how we can minimise as much as possible waste to landfill.\"Air New Zealand will also be revising its grooming standards as part of this update.The EOI is open to all New Zealand designers and closes on Sunday 14 May, after which Air New Zealand will invite selected designers to be a part of a competitive pitch process.Air New Zealand is working toward rolling out new uniforms for its people in 2025.EndsFor video and images, click here.Issued by Air New Zealand Communications.",
          "author": "",
          "favicon": "https://www.airnewzealand.co.nz/koru-icon-256.png",
          "source": "airnewzealand.co.nz",
          "published": "",
          "ttr": 106
     }
}