{
     "Date": "15/12/2020",
     "Open": "1.91",
     "High": "1.915",
     "Low": "1.865",
     "Close": "1.865",
     "Adj Close": "1.865",
     "Volume": "1326489",
     "Headline": "AirNewZealand sets up dedicated unaccompanied minors' squad",
     "link": "https://www.airnewzealand.co.nz/press-release-2020-air-new-zealand-sets-up-dedicated-unaccompanied-minors-squad",
     "article": {
          "url": "https://www.airnewzealand.co.nz/press-release-2020-air-new-zealand-sets-up-dedicated-unaccompanied-minors-squad",
          "title": "Air New Zealand sets up dedicated unaccompanied minors' squad",
          "description": "Air New Zealand has set up a dedicated team to look after the unprecedented number of unaccompanied minors expected to travel domestically to and from Auckland this summer.",
          "links": [
               "https://www.airnewzealand.co.nz/press-release-2020-air-new-zealand-sets-up-dedicated-unaccompanied-minors-squad"
          ],
          "image": "",
          "content": "Air New Zealand has set up a dedicated team to look after the unprecedented number of unaccompanied minors expected to travel domestically to and from Auckland this summer.\n15 December 2020\nThe airline is expecting around 10,000 unaccompanied minors to travel on its domestic network between mid-December and mid-February with the majority flying to and from Auckland.Air New Zealand Chief Customer and Sales Officer Leanne Geraghty says the airline has been looking at ways to make its unaccompanied minor service even better, particularly at peak times such as school holidays which is when 80 percent of young people fly alone.\"We have our award-wining Airband™ which children travelling alone with us receive at check-in as part of the service, with the wristband which is embedded with a chip scanned at key stages of the journey to trigger text notifications giving parents and guardians the opportunity to follow the steps in their young ones' trip – but we want to give caregivers further piece of mind.\"While we have always had staff looking after unaccompanied minors on their journey, given the huge number of unaccompanied minors we have travelling with us between December and February every year, we think it's important to have a group of staff solely focused on unaccompanied minors.\"The dedicated team will be in place at the domestic terminal at Auckland Airport from 14 December through until mid-February with the airline looking to have further dedicated teams in place across its other domestic ports in time for the April school holidays in 2021.More information on children travelling alone and the Airband can be found here.EndsIssued by Air New Zealand Communications.Email: media@airnz.co.nz  │  Twitter: @AirNZMedia",
          "author": "",
          "favicon": "https://www.airnewzealand.co.nz/koru-icon-256.png",
          "source": "airnewzealand.co.nz",
          "published": "",
          "ttr": 55
     }
}