{
     "Date": "15/03/2021",
     "Open": "1.78",
     "High": "1.8",
     "Low": "1.74",
     "Close": "1.77",
     "Adj Close": "1.77",
     "Volume": "2041137",
     "Headline": "AirNewZealand Chief Digital Officer to leave the airline",
     "link": "https://www.airnewzealand.co.nz/press-release-2021-airnz-chief-digital-officer-to-leave-the-airline",
     "article": {
          "url": "https://www.airnewzealand.co.nz/press-release-2021-airnz-chief-digital-officer-to-leave-the-airline",
          "title": "Air New Zealand Chief Digital Officer to leave the airline",
          "description": "Chief Digital Officer, Jennifer Sepull, has advised that she will be leaving Air New Zealand after two years in the role.",
          "links": [
               "https://www.airnewzealand.co.nz/press-release-2021-airnz-chief-digital-officer-to-leave-the-airline"
          ],
          "image": "",
          "content": "Chief Digital Officer, Jennifer Sepull, has advised that she will be leaving Air New Zealand after two years in the role.\n15 March 2021\nJennifer moved from the United States to New Zealand to take up the Chief Digital Officer role in May 2019.Air New Zealand Chief Executive Officer Greg Foran said Jennifer has led the digital team through the toughest period the airline has experienced while delivering on some major programmes of work.\"Under Jennifer's leadership, Air New Zealand's cybersecurity and core technology has become stronger, simplified, and more resilient. Jennifer and her team have also started the journey to build our future digital architecture.\"\"On behalf of the Executive and the Board, I would like to thank Jennifer for her contribution to the airline over the past two years. The digital strategy that she has led will be key to the airline's future success as we emerge from COVID-19.\"The airline has commenced a global search for a Chief Digital Officer to drive the digital strategy forward. Jennifer will be leaving the airline this week but will provide transition support to CEO Greg Foran until October 2021. Interim arrangements are being put in place to manage the digital functions until the new appointment can be made.EndsIssued by Air New Zealand Communications.Email: media@airnz.co.nz  │  Twitter: @AirNZMedia",
          "author": "",
          "favicon": "https://www.airnewzealand.co.nz/koru-icon-256.png",
          "source": "airnewzealand.co.nz",
          "published": "",
          "ttr": 43
     }
}