{
     "Date": "23/06/2022",
     "Open": "0.54",
     "High": "0.55",
     "Low": "0.535",
     "Close": "0.54",
     "Adj Close": "0.54",
     "Volume": "3657022",
     "Headline": "The sky is the limit - AirNewZealand to relaunch 14 international routes in 16 days",
     "link": "https://www.airnewzealand.co.nz/press-release-2022-airnz-the-sky-is-the-limit-airnz-to-relaunch-14-international-routes-in-16-days",
     "article": {
          "url": "https://www.airnewzealand.co.nz/press-release-2022-airnz-the-sky-is-the-limit-airnz-to-relaunch-14-international-routes-in-16-days",
          "title": "The sky is the limit - Air New Zealand to relaunch 14 international routes in 16 days",
          "description": "Air New Zealand is gearing up for the busiest July in two years with the relaunch of 14 international routes in 16 days. With these routes back in action, the airline will be operating 60 percent of its international capacity - the most international flying in the last two years.",
          "links": [
               "https://www.airnewzealand.co.nz/press-release-2022-airnz-the-sky-is-the-limit-airnz-to-relaunch-14-international-routes-in-16-days"
          ],
          "image": "",
          "content": "Air New Zealand is gearing up for the busiest July in two years with the relaunch of 14 international routes in 16 days. With these routes back in action, the airline will be operating 60 percent of its international capacity - the most international flying in the last two years.From 9 July, the airline will have three quarters of its international and domestic routes back up and running with popular destinations like Honolulu, Houston and Tahiti restarting after around 820 days of not operating. The Boeing 777-300 aircraft will also be back flying passengers, helping towards the addition of around 40,000 seats per week in July on the international network. Air New Zealand Chief Executive Officer Greg Foran says it takes a village to get the airline back up and running and is incredibly proud of the sheer amount of work the team at Air New Zealand has put in to get to this moment.\"To bring one Boeing 777-300 out of storage in Auckland takes around six to eight weeks to get it ready for the skies. We've hired or rehired more than 2,000 Air New Zealanders across the business including 150 pilots, more than 500 cabin crew, and 270 airport employees, with another 1100 vacancies to be filled. It's no easy feat but we're getting back to where we were so we can give our customers that Air New Zealand service they know and love.\"We're seeing first hand how keen people are to travel again, particularly across the Tasman. Come July, we will double our services across the Tasman and restart popular direct services like the Sunshine Coast, Hobart and Adelaide. By 9 July we will be back to all nine Australian ports which is an important milestone for us. \"I'd like to thank our customers for their patience while we get back to where we were pre-Covid, as well as our teams who are working hard to gear back up. \"Getting aircraft out of storage, people back in, opening ports, and working with new travel requirements, there's a lot to consider, and the Air New Zealand team are doing their very best to make it happen as quickly as possible.\" EndsIssued by Air New Zealand Communications.Email: media@airnz.co.nz │ Twitter: @AirNZMedia",
          "author": "",
          "favicon": "https://www.airnewzealand.co.nz/koru-icon-256.png",
          "source": "airnewzealand.co.nz",
          "published": "",
          "ttr": 75
     }
}