{
     "Date": "13/02/2023",
     "Open": "0.81",
     "High": "0.815",
     "Low": "0.8",
     "Close": "0.81",
     "Adj Close": "0.81",
     "Volume": "878393",
     "Headline": "AirNewZealand set to resume flying after Cyclone Gabrielle passes",
     "link": "https://www.airnewzealand.co.nz/press-release-2023-air-new-zealand-set-to-resume-flying-after-cyclone-gabrielle-passes",
     "article": {
          "url": "https://www.airnewzealand.co.nz/press-release-2023-air-new-zealand-set-to-resume-flying-after-cyclone-gabrielle-passes",
          "title": "Air New Zealand set to resume flying after Cyclone Gabrielle passes",
          "description": "Auckland jet services will begin from mid-morning TuesdayTurboprop services will begin from mid-afternoon Tuesday11 domestic flights have been added to the schedule to help with recovery efforts with more to...",
          "links": [
               "https://www.airnewzealand.co.nz/press-release-2023-air-new-zealand-set-to-resume-flying-after-cyclone-gabrielle-passes"
          ],
          "image": "",
          "content": "Auckland jet services will begin from mid-morning TuesdayTurboprop services will begin from mid-afternoon Tuesday11 domestic flights have been added to the schedule to help with recovery efforts with more to come10,000 international customers were disrupted, with 6,500 left to be rebookedAir New Zealand working to add capacity to bring disrupted international customers home as quickly as possibleBased on current weather predictions for Auckland Airport, Air New Zealand intends to resume domestic and international jet operations from mid-morning tomorrow, and turboprop operations from mid-afternoon.Following the cancellation of 509 flights, the airline is now focusing its efforts on getting disrupted passengers back into the skies as quickly as possible.Air New Zealand's Chief Customer and Sales Officer Leanne Geraghty says with 10,000 of its international customers impacted by the cyclone, every available effort is being made to rebook them.\"Rebooking is well underway with around 6,500 customers left to be rebooked as of this morning. Customers are currently being rebooked onto the next available service to give them certainty they have a flight booked.\"\"Because flights are very full, some customers may receive a notification saying they won't depart for up to 20 days after their original booking. We want to assure those customers we now have teams working to get them on an earlier flight – it's our top priority.\"\"As we did during the Auckland flooding, we will be adding larger aircraft to routes, working with our star alliance partners, converting cargo flights to passenger flights, and adding additional services where possible into the ports where we need them the most\".The airline has added 11 domestic services into its schedule as well as changing six services to a larger aircraft, with more expected to be added over the coming days. \"We want to once again thank our customers for their patience while we work through the impact of another weather event that has meant a significant rebooking event for the airline. Getting customers to their destination safely and as quickly as possible is our top priority\".Air New Zealand's service from New York will take off from Rarotonga tomorrow morning, also carrying customers who couldn't leave in the Cook Islands due to Cyclone Gabrielle's impact on the airline's operations. Customers impacted by the cyclone related domestic cancellations who have not already made use of the flexibility policy will have their fares put into credit and are able to rebook on alternative services via the Air New Zealand website.Customers who booked through a travel agent or third-party online agent should contact them directly about making changes to their bookings or credit validity.The airline's Travel Alerts page has the most up to date information on operating flights.The airline is focused on managing these impacts for our customers and will not be able to provide specific flight details at this time.Footage of the airline's Turboprops being stored for the cyclone can be found here.Ends Issued by Air New Zealand Communications.    Email: media@airnz.co.nz  │  Phone: +64 21 747 320  │  Twitter: @AirNZMedia",
          "author": "",
          "favicon": "https://www.airnewzealand.co.nz/koru-icon-256.png",
          "source": "airnewzealand.co.nz",
          "published": "",
          "ttr": 99
     }
}