{
     "Date": "29/06/2022",
     "Open": "0.57",
     "High": "0.575",
     "Low": "0.55",
     "Close": "0.565",
     "Adj Close": "0.565",
     "Volume": "4169400",
     "Headline": "AirNewZealand offers best sleep in the sky as it unveils new cabins",
     "link": "https://www.airnewzealand.co.nz/press-release-2022-airnz-offers-best-sleep-in-the-sky",
     "article": {
          "url": "https://www.airnewzealand.co.nz/press-release-2022-airnz-offers-best-sleep-in-the-sky",
          "title": "Air New Zealand offers best sleep in the sky as it unveils new cabins",
          "description": "From 2024, Air New Zealand will offer a new Business Premier Luxe suite, a new Business Premier seat and the world's first Skynest. It will offer the most choice of any airline in its three cabins to get the best sleep in the sky.",
          "links": [
               "https://www.airnewzealand.co.nz/press-release-2022-airnz-offers-best-sleep-in-the-sky"
          ],
          "image": "",
          "content": "The airline has responded to overwhelming customer feedback on the importance of sleep and need for more comfort and space. The interior design is inspired by the uniqueness of Aotearoa so customers will experience New Zealand as soon as they step onboard.Air New Zealand's new Dreamliners, due to arrive in 2024, will give customers more choice than any airline in the world, providing the best sleep in the sky regardless of the cabin customers choose to fly in.This includes a new Business Premier Luxe seat, designed for customers looking for more space and privacy, and Skynest, the world's first sleep pods in the sky for Economy travellers.Feedback from extensive customer research over five years has highlighted the importance for a good night's sleep and the need for more space and comfort, so the new experience is designed around creating a home away from home that leaves customers refreshed and raring to go at their destination.Air New Zealand Chief Executive Officer Greg Foran points to the airline's ambition to create the greatest flying experience and says the new cabin, combined with world-leading Kiwi hospitality, is the winning formula.\"New Zealand's location puts us in a unique position to lead on the ultra-longhaul travel experience. We have zeroed in on sleep, comfort, and wellness because we know how important it is for our customers to arrive well-rested. Whether they are heading straight into a meeting, or to their first holiday hotspot - they want to hit the ground running.\"It's a proud moment to finally unveil five years of hard mahi, in what truly is a cabin of possibility. One that will provide customers with options to get some shut eye wherever they're sitting.\"Innovation has driven the new cabin experience from nose to tail. For Economy customers, the Skynest concept, first announced in 2020, will be a world-first.\"We wanted to offer our Economy customers a lie-flat option and that's how Skynest was born. It's going to be a real game changer for the economy travel experience.\"Chief Customer and Sales Officer Leanne Geraghty says the cabin's interior design is inspired by the uniqueness of Aotearoa, from the forest inspired carpet to the seats that draw inspiration from New Zealand's native bird, the Tui.\"Whether we are welcoming visitors or flying New Zealanders home, we want our customers to experience Aotearoa from the moment they step onboard – and get the best night's rest.\"Research shows us the first night away from home is the hardest to get a good night's sleep so everything we do onboard is to help create a sense of calm – from the lighting and sleep ritual including sleepy teas and balms, to the healthier food choices and breathable fabrics. Meditative onscreen content, Zentertainment, will also help customers unwind and get ready for rest.The airline has also added a Sky Pantry to the Premium Economy and Economy cabins, so customers can stretch their legs, grab a bite to eat and hydrate at their leisure throughout their journey.\"Our new cabin experience is set to be world class, and we know our customers will love it.\"Sustainability has been at the heart of the design process. Using modern fabrics, rather than leather, has saved around one kilogram in weight per Business Premier and Premium Economy seat, reducing overall carbon emissions. In Premium cabins, the airline will also switch to serviceware that is 20% lighter, helping to reduce carbon emissions, and in Economy, the new serviceware will reduce plastic dishes used inflight by 28 million every year.The Cabin of PossibilityBusiness Premier LuxeThe best sleep in the sky. Our new offering is for customers looking for the ultimate space and privacy. A luxury experience with all the features of Business Premier, but with a fully closing door and space for two to dine.Business PremierA comfortable and private nest for a blissful journey and tranquil sleep. And if traveling with a companion, the middle row allows customers to open their nest and share their experience.Premium EconomyFor the treat-seekers looking for a little luxury to unwind and enjoy a taste of Aotearoa. Our new seat offers more privacy and protected space where you can recline at leisure without interrupting the person behind.Economy SkynestIt's time to swap the headrest for some bedrest. Say hello to the world's first sleep pods in the sky, Skynest. Stretch out in one of six pods for part of your journey and catch some shut eye. A game changer for economy travellers.Economy SkycouchUse the Skycouch the way you want. Sit, spread out, or lie down and snooze. Share the space or keep it all to yourself.Economy StretchIt's all in the name. This seat is for those who want to rest and stretch their legs further than the regular Economy seat.Economy seatAn enhanced economy seat designed with more storage, comfort and space and a 50% bigger screen for entertainment. Connect to Bluetooth audio and pair your device to act as a remote control or second screen.NotesThe eight Boeing 787-9 Dreamliners arriving from 2024 and retrofitted current 787-9 fleet will have either eight or four Business Premier Luxe seats, 42 or 22 Business Premier, 52 or 33 Premium Economy, 125 or 213 Economy seats, and specifically on the ultra-longhaul aircraft, six Skynest sleep pods.For video interview grabs of Air New Zealand Chief Executive Officer Greg Foran, click here.For images of all the seat experiences, click here. For renders, please click here.For a video hype reel, click here.For the Skynest b-roll video, click here.EndsIssued by Air New Zealand Communications.Email: media@airnz.co.nz │ Twitter: @AirNZMedia",
          "author": "",
          "favicon": "https://www.airnewzealand.co.nz/koru-icon-256.png",
          "source": "airnewzealand.co.nz",
          "published": "",
          "ttr": 183
     }
}