{
     "Date": "2/11/2020",
     "Open": "1.41",
     "High": "1.42",
     "Low": "1.39",
     "Close": "1.39",
     "Adj Close": "1.39",
     "Volume": "889783",
     "Headline": "AirNewZealand releases 2020 sustainability report",
     "link": "https://www.airnewzealand.co.nz/press-release-2020-airnz-releases-2020-sustainability-report",
     "article": {
          "url": "https://www.airnewzealand.co.nz/press-release-2020-airnz-releases-2020-sustainability-report",
          "title": "Air New Zealand releases 2020 sustainability report",
          "description": "Air New Zealand has today released its latest sustainability report, which outlines the airline's progress against its sustainability goals over the past year.",
          "links": [
               "https://www.airnewzealand.co.nz/press-release-2020-airnz-releases-2020-sustainability-report"
          ],
          "image": "",
          "content": "Air New Zealand has today released its latest sustainability report, which outlines the airline's progress against its sustainability goals over the past year.The report is focused on the most material sustainability opportunities and challenges Air New Zealand is tackling - supporting people and communities, tackling climate change, supporting New Zealand through sustainable tourism, working with our suppliers, and reducing waste and plastic.Air New Zealand Chief Executive Officer Greg Foran says this year's report reinforces the airline's ongoing commitment to sustainability, despite the current challenging operating environment.\"It has certainly been a very challenging year for the aviation sector and for Air New Zealand. We have worked hard to ensure the actions we have taken over past months will enable the airline to emerge competitively and sustainably from the Covid-19 crisis.\"It has been particularly pleasing to see voluntary offsetting rates increase in the past year - through our voluntary carbon offsetting function FlyNeutral, together with our customers we have contributed close to $1.5 million towards permanent native forestry projects across New Zealand and achieved an average uptake rate across all retail storefronts of 7.1 percent which is fantastic when you take into account the drop off in passenger numbers this year. Thank you to all our customers who continue to choose to offset their emissions.\"Air New Zealand 2020 sustainability highlights10,557 tonnes CO-2e saved through carbon reduction programme35,045 tonnes of cargo carried, including 20,000 tonnes under the International Airfreight Capacity Scheme commenced with the Ministry of Transport in May 20201% uptake rate of voluntary carbon offsetting across all activated online sites globally (up from 4.6% in the previous year)498 threatened species and 42 conservation dogs relocatedMore than 8,900 blankets donated to a range of charitable organisationsMore than 770,000 dry goods including muesli, crackers and sauces redistributed to New Zealand food banks7 tonnes of sealed, unused catering items reinjected onto aircraft instead of going to landfillThe 2020 report is available on Air New Zealand's website.EndsIssued by Air New Zealand Communications.Email: media@airnz.co.nz   │  Twitter: @AirNZMedia",
          "author": "",
          "favicon": "https://www.airnewzealand.co.nz/koru-icon-256.png",
          "source": "airnewzealand.co.nz",
          "published": "",
          "ttr": 66
     }
}