{
     "Date": "28/09/2020",
     "Open": "1.32",
     "High": "1.37",
     "Low": "1.315",
     "Close": "1.365",
     "Adj Close": "1.365",
     "Volume": "6040771",
     "Headline": "AirNewZealand provides further certainty to its frequent flyers",
     "link": "https://www.airnewzealand.co.nz/press-release-2020-air-new-zealand-provides-further-certainty-to-its-frequent-flyers",
     "article": {
          "url": "https://www.airnewzealand.co.nz/press-release-2020-air-new-zealand-provides-further-certainty-to-its-frequent-flyers",
          "title": "Air New Zealand provides further certainty to its frequent flyers",
          "description": "Air New Zealand's frequent flyers are to receive a further 12-month extension to their status. 28 September 2020 Air New Zealand's frequent flyers are to receive a further 12-month extension to their...",
          "links": [
               "https://www.airnewzealand.co.nz/press-release-2020-air-new-zealand-provides-further-certainty-to-its-frequent-flyers"
          ],
          "image": "",
          "content": "Air New Zealand's frequent flyers are to receive a further 12-month extension to their status.\n28 September 2020\nAir New Zealand's frequent flyers are to receive a further 12-month extension to their status.The airline announced in March 2020 it would be extending the status of Airpoints™ Elite, Gold and Silver members for a 12-month period as a result of the impact COVID-19 is having on travel.Air New Zealand General Manager Loyalty Kate O'Brien says the airline is pleased to offer eligible frequent flyers a further 12-month extension, which means members will hold their existing tier status for an additional year.\"We appreciate travel in 2020 isn't what any of our frequent flyers were expecting or prepared for and as a result they have had fewer opportunities to maintain their tier status.\"We had fantastic feedback and messages of support following the extension announced earlier this year and this further 12-month extension will help eligible members protect their current status for longer.\"More details on the airline's additional frequent flyer extension can be found here.EndsIssued by Air New Zealand Communications.Email: media@airnz.co.nz  │  Twitter: @AirNZMedia",
          "author": "",
          "favicon": "https://www.airnewzealand.co.nz/koru-icon-256.png",
          "source": "airnewzealand.co.nz",
          "published": "",
          "ttr": 36
     }
}