{
     "Date": "4/03/2020",
     "Open": "2.135",
     "High": "2.14",
     "Low": "2.085",
     "Close": "2.115",
     "Adj Close": "1.993828",
     "Volume": "2939534",
     "Headline": "AirANewAZealand confirms case of COVID-19 on board",
     "link": "https://www.airnewzealand.co.nz/press-release-2020-airnz-confirms-case-covid-19-on-board",
     "article": {
          "url": "https://www.airnewzealand.co.nz/press-release-2020-airnz-confirms-case-covid-19-on-board",
          "title": "Air New Zealand confirms case of COVID-19 on board",
          "description": "Air New Zealand has today confirmed a passenger who has tested positive with COVID-19 travelled on its services. 4 March 2020 The passenger travelled from Singapore to Auckland on flight NZ283 on 25 February,...",
          "links": [
               "https://www.airnewzealand.co.nz/press-release-2020-airnz-confirms-case-covid-19-on-board"
          ],
          "image": "",
          "content": "Air New Zealand has today confirmed a passenger who has tested positive with COVID-19 travelled on its services.\n4 March 2020\nThe passenger travelled from Singapore to Auckland on flight NZ283 on 25 February, then flew from Auckland to Palmerston North on flight NZ5103 on 2 March, returning to Auckland on NZ8114 the same day.The airline is working closely with the Ministry of Health and Government agencies to identify and proactively contact customers who travelled on the Singapore service and the two regional flights.Air New Zealand Chief Medical Officer Doctor Ben Johnston says Air New Zealand has anticipated and planned for this scenario, and has a robust process in play to manage its response.\"We are working closely with the Ministry of Health to identify and proactively contact customers from these flights. This includes utilising our own Contact Centre staff. The health and safety of passengers and crew is Air New Zealand's top priority and our aircraft already undergo a thorough cleaning process, which includes cleaning surfaces such as tray tables and inflight entertainment screens with a disinfectant that kills viruses,\" Dr Johnston says.\"We also remove all headsets, headrest covers, pillow covers, and blankets after every international flight. Domestic and regional services surfaces and bathrooms are wiped with disinfectant spray. The three aircraft this customer flew on will now also undergo a deep clean.\"EndsIssued by Air New Zealand Communications.Email: media@airnz.co.nz  │  Phone: +64 21 747 320  │  Twitter: @AirNZMedia",
          "author": "",
          "favicon": "https://www.airnewzealand.co.nz/koru-icon-256.png",
          "source": "airnewzealand.co.nz",
          "published": "",
          "ttr": 48
     }
}