{
     "Date": "17/04/2020",
     "Open": "1.33",
     "High": "1.61",
     "Low": "1.27",
     "Close": "1.31",
     "Adj Close": "1.31",
     "Volume": "17252975",
     "Headline": "AirANewAZealand inflight quiz now on Instagram",
     "link": "https://www.airnewzealand.co.nz/press-release-2020-airnz-inflight-quiz-now-on-instagram",
     "article": {
          "url": "https://www.airnewzealand.co.nz/press-release-2020-airnz-inflight-quiz-now-on-instagram",
          "title": "Air New Zealand inflight quiz now on Instagram",
          "description": "Air New Zealand's popular domestic inflight quiz is now available for trivia buffs to test their knowledge via the airline's Instagram page. ",
          "links": [
               "https://www.airnewzealand.co.nz/press-release-2020-airnz-inflight-quiz-now-on-instagram"
          ],
          "image": "",
          "content": "Air New Zealand's popular domestic inflight quiz is now available for trivia buffs to test their knowledge via the airline's Instagram page. \n17 April 2020\nFrom today, those keen for some lockdown amusement can head to Stories on the Air New Zealand Instagram page to test themselves on a selection of questions from the quiz usually screened on the airline's domestic jet services.Air New Zealand General Manager Global Brand and Content Marketing Jodi Williams says the inflight quiz has been a popular entertainment choice for customers for more than a decade.\"We launched the inflight quiz on board our domestic jet services in 2009, and its popularity eventually led to us rolling it out to our international inflight entertainment system and the Air NZ mobile app as well.\"Due to COVID-19, our reduced schedule means our customers are missing out on our famous quiz, and we've had people asking whether we could put it online. We're happy to share that from today, you can now play along via our Instagram page.\"It's a great way to keep the whole family entertained while the country remains at Alert Level 4.\"A new version of the Air New Zealand quiz will be made available on Instagram every Friday. To play, visit: https://www.instagram.com/stories/airnz/.EndsIssued by Air New Zealand Communications.Email: media@airnz.co.nz  │  Phone: +64 21 747 320  │  Twitter: @AirNZMedia",
          "author": "",
          "favicon": "https://www.airnewzealand.co.nz/koru-icon-256.png",
          "source": "airnewzealand.co.nz",
          "published": "",
          "ttr": 45
     }
}