{
     "Date": "31/08/2021",
     "Open": "1.51",
     "High": "1.525",
     "Low": "1.505",
     "Close": "1.51",
     "Adj Close": "1.51",
     "Volume": "661097",
     "Headline": "AirNewZealand updates domestic network and flexibility policy after Alert Level changes",
     "link": "https://www.airnewzealand.co.nz/press-release-2021-airnz-updates-domestic-network",
     "article": {
          "url": "https://www.airnewzealand.co.nz/press-release-2021-airnz-updates-domestic-network",
          "title": "Air New Zealand updates domestic network and flexibility policy after Alert Level changes",
          "description": "Air New Zealand is making changes to its domestic network and extending its domestic flexibility policy in response to the recent alert level changes around the country.",
          "links": [
               "https://www.airnewzealand.co.nz/press-release-2021-airnz-updates-domestic-network"
          ],
          "image": "",
          "content": "Air New Zealand is making changes to its domestic network and extending its domestic flexibility policy in response to the recent alert level changes around the country.\n31 August 2021\nAir New Zealand Chief Executive Officer Greg Foran says the changes are about providing assurance to customers who have made plans to travel over the next few weeks.\"We're extending our Covid-19 flexibility policy for domestic travel out to 31 October 2021. This means, in addition to allowing a waiver of the change fee, customers can place their booking in credit if their travel plans have changed.\"The airline's domestic schedule has also been updated and is as follows: Date1 - 3 September RouteAuckland - ChristchurchChristchurch - Wellington Services per day2 x return services Date1 - 3 September RouteAuckland - WellingtonChristchurch - DunedinNelson - Wellington Services per day1x return service Date4 - 5 September RouteAuckland - Christchurch Auckland - Wellington Dunedin - ChristchurchAuckland - Wellington Dunedin - Christchurch Wellington - Nelson Wellington - Christchurch Services per day1x return service Date6 September RouteAuckland - Wellington Dunedin - Christchurch Wellington - Nelson Services per day1x return service Date6 September RouteAuckland - Christchurch Wellington - Christchurch Services per day2 x return services\"While travel remains very restricted under Alert Level 3, the extra flights will help transport cargo and essential workers around Aotearoa,\" says Mr Foran.\"We've added several services a week between Christchurch and Dunedin and moved our Wellington-Christchurch flight time to allow for better connectivity.\"While we can't fly as often as we'd like, we're doing everything we can to get people safely to where they need to go.\"Under Level 3:Food and beverage service onboard domestic flights remains suspended with water available on requestAir New Zealand lounges, Fast Bag and valet parking remain closedMasks required onboardCustomers who are booked to travel and are no longer able to during Alert Level 3 do not need to do anything. They will receive a cancellation email, and their booking will be held in credit. Customers will have 12 months from the day their credit is processed to book a flight, and another 12 months to travel. Those who have booked through a third party will need to contact their agent.Those who need to travel while the country is at various Alert Levels should check their eligibility on the Government's COVID-19 website. Customers who meet the criteria and still wish to travel should call the Air New Zealand Contact Centre who will assist with their booking. Customers will also need to carry a letter or evidence confirming they are travelling for essential purposes.For the latest information, customers can check the Air New Zealand COVID-19 Hub and travel alerts page.EndsIssued by Air New Zealand Communications.Email: media@airnz.co.nz   │  Twitter: @AirNZMedia",
          "author": "",
          "favicon": "https://www.airnewzealand.co.nz/koru-icon-256.png",
          "source": "airnewzealand.co.nz",
          "published": "",
          "ttr": 90
     }
}