{
     "Date": "2/08/2023",
     "Open": "0.78",
     "High": "0.79",
     "Low": "0.775",
     "Close": "0.785",
     "Adj Close": "0.785",
     "Volume": "2024755",
     "Headline": "Mission Next Gen Aircraft: Coming to a region near you?",
     "link": "https://www.airnewzealand.co.nz/press-release-2023-air-new-zealand-mission-next-gen-aircraft-coming-to-a-region-near-you",
     "article": {
          "url": "https://www.airnewzealand.co.nz/press-release-2023-air-new-zealand-mission-next-gen-aircraft-coming-to-a-region-near-you",
          "title": "Mission Next Gen Aircraft: Coming to a region near you?",
          "description": "2 August 2023 Air New Zealand opens EOI to airports to be home to next generation aircraftAnnouncement by early 2024 on which type of lower emission commercial demonstrator aircraft will be flying from...",
          "links": [
               "https://www.airnewzealand.co.nz/press-release-2023-air-new-zealand-mission-next-gen-aircraft-coming-to-a-region-near-you"
          ],
          "image": "",
          "content": "\n2 August 2023\nAir New Zealand opens EOI to airports to be home to next generation aircraftAnnouncement by early 2024 on which type of lower emission commercial demonstrator aircraft will be flying from 2026Aircraft will initially fly cargo only servicesAs part of the airline's 'Mission Next Gen Aircraft' announced late last year, Air New Zealand today opened an Expression of Interest (EOI) to airports around the country as part of selecting a route to fly its commercial demonstrator aircraft from 2026. The commercial demonstrator aircraft is yet to be selected but will be either electric, hybrid or hydrogen fuel celled and will initially operate as a cargo only service.The airline is looking for airports who want to further support the decarbonisation of aviation and are motivated to take on a leadership role in developing the infrastructure required to fly this technology. The EOI sets out the operational requirements that need to be considered including factors like range. Air New Zealand Chief Sustainability Officer Kiri Hannifin says the two airports selected will play a critical role in introducing lower-emissions aircraft into the Aotearoa aviation system.    \"Work around next generation aircraft is a key part of the airline's strategy to decarbonise its operations. Decarbonising aviation is not easy, and we've got a lot of work ahead of us, but we're committed to reducing our emissions as quickly as we can, and this process is another step in the right direction.  \"While we're really looking forward to bringing two frontrunner airports on board, it's also important to note that all airports in New Zealand play an important role as we work towards bringing next generation aircraft into our network here in Aotearoa at scale. \"Over the next few years as Air New Zealand works towards its ambition of flying next generation aircraft on our domestic network from 2030, we will be focused on supporting the building, testing, and certifying of aircraft and associated infrastructure. \"The selected airports will be leaders in supporting the implementation of this new technology and will be the conduit of information between airports across the motu as we drive the change required in advance of our larger fleet replacement needs from 2030.\" The EOI document can be found here.EndsIssued by Air New Zealand Communications.Email: media@airnz.co.nz │Twitter: @AirNZMedia",
          "author": "",
          "favicon": "https://www.airnewzealand.co.nz/koru-icon-256.png",
          "source": "airnewzealand.co.nz",
          "published": "",
          "ttr": 76
     }
}