{
     "Date": "4/11/2022",
     "Open": "0.815",
     "High": "0.815",
     "Low": "0.8",
     "Close": "0.81",
     "Adj Close": "0.81",
     "Volume": "2665959",
     "Headline": "AirNewZealand launches ambitious programme for zero emissions aircraft",
     "link": "https://www.airnewzealand.co.nz/press-release-2022-airnz-air-new-zealand-launches-ambitious-programme-for-zero-emissions-aircraft",
     "article": {
          "url": "https://www.airnewzealand.co.nz/press-release-2022-airnz-air-new-zealand-launches-ambitious-programme-for-zero-emissions-aircraft",
          "title": "Air New Zealand launches ambitious programme for zero emissions aircraft",
          "description": "Some of the world’s most innovative aircraft developers will join forces with Air New Zealand with the ambition of making zero emissions aircraft technology a reality in Aotearoa New Zealand.",
          "links": [
               "https://www.airnewzealand.co.nz/press-release-2022-airnz-air-new-zealand-launches-ambitious-programme-for-zero-emissions-aircraft"
          ],
          "image": "",
          "content": "Some of the world's most innovative aircraft developers will join forces with Air New Zealand with the ambition of making zero emissions aircraft technology a reality in Aotearoa New Zealand.\n4 November 2022\nToday, Air New Zealand has announced Mission Next Generation Aircraft – an accelerator programme to progress two ambitious goals: Fly its first commercial demonstrator flight from 2026Begin replacing its Q300 domestic fleet with a more sustainable aircraft – likely green hydrogen or battery hybrid systems – from 2030These goals follow the airline's Product Requirements Document (PRD) released in December 2021, which saw more than 30 aircraft developers respond with ideas and insights to guide the technology development. Air New Zealand is in close negotiations and expects to sign letters of intent by the end of the year with the partners it will work with.Air New Zealand Chief Executive Officer Greg Foran says Air New Zealand aims to lead the world in introducing a more sustainable fleet.\"We have bold sustainability goals. Conventional business processes are not going to address the technology or infrastructure required to meet them. We want to lead the roll out of zero emission aircraft and will work alongside aircraft developers, innovators and infrastructure providers to give them the confidence they're developing a product that's a viable option for us.\"The next three years will be focused on supporting the building, testing and certifying of aircraft and associated infrastructure. By 2026, we're aiming to have our first zero emissions aircraft – either cargo or passenger – take flight in New Zealand.\"The learnings we will take from flying an aircraft with next generation propulsion technology from 2026 will pave the way for our long-term green hydrogen and hybrid partners to deliver an aircraft that can replace our Q300 domestic fleet. We're breaking new ground here – it's not just the aircraft that needs to be developed, but also the infrastructure and regulation required to fly commercially.\"\"We know these goals are ambitious, but ambition is exactly what is required to make this new technology a reality.\"The PRD process highlighted how New Zealand, and Air New Zealand, are ideally suited to lead the development of zero emissions aircraft deployment and the establishment of supporting infrastructure.\"We mainly operate short-range routes up and down the country, and New Zealand is largely built on renewable electricity generation – it's an ideal landscape to adopt zero emission aircraft.\"But we can't do it alone. It will take the minds of many within the industry to find the right solution. The technology is getting there, it just needs to be developed to a scale we can roll out across our network. It's a wicked problem to solve but we're two feet in.\"While zero emissions aircraft technology will decarbonise the airline's domestic network over the period to 2050, Sustainable Aviation Fuel (SAF) is important in the near term.SAF is a 'drop in' fuel which can power current aircraft, so it can reduce emissions for long haul travel and domestic flights while the airline continues to operate conventional aircraft.EndsAirbus President Asia Pacific Anand Stanley, Associate Minister Transport Hon Kieran McAnulty and Air New Zealand CEO Greg Foran.To download Mission Next Generation Aircraft video, click here, and for an image, click here.To download b-roll from today's announcement, click here.Issued by Air New Zealand CommunicationsEmail: media@airnz.co.nz │Phone: +64 21 747 320│Twitter: @AirNZMedia ",
          "author": "",
          "favicon": "https://www.airnewzealand.co.nz/koru-icon-256.png",
          "source": "airnewzealand.co.nz",
          "published": "",
          "ttr": 111
     }
}